result_code,PRMS Result Code,Year,PRMS Short Title,Type,Result Status,Top 10 Innovations,In PRMS (for Top 10),Innovation Short Name,Cluster,Program,2025 ballpark USD investments - CG Bilaterals,2025 ballpark USD investments - Lead CG Science Program,2025 ballpark USD investments - Partner co-investment,2026 estimated pooled USD need for lead Science Program,2027 estimated pooled USD need for lead Science Program,input_text
20000,20000.0,,"A farmers-focused monitoring, reporting, and verification framework (MRV) for tracking fertilizer-induced nitrous oxide emissions",,,True,Yes,"A farmers-focused monitoring, reporting, and verification framework (MRV) for tracking fertilizer-induced nitrous oxide emissions",,Climate Action,,,,,,"A farmers-focused monitoring, reporting, and verification framework (MRV) for tracking fertilizer-induced nitrous oxide emissions"
20001,20001.0,,AI-Powered PEPA Tool for Policy Insights in Agrifood Systems Transformation,,,True,Yes,AI-Powered PEPA Tool for Policy Insights in Agrifood Systems Transformation,,Policy Innovations,0,40000,0,120000,130000,AI-Powered PEPA Tool for Policy Insights in Agrifood Systems Transformation
20002,20002.0,,Climate Peace and Displacement Partnership,,,True,Yes,Climate Peace and Displacement Partnership,,Food Frontiers and Security,100000,20000,30000,150000,150000,Climate Peace and Displacement Partnership
20003,20003.0,,Institutional and business models for scaling and commercialization of forages and forage seeds in mixed farming systems in ethiopian highlands in Ethiopia,,,True,Yes,Institutional and business models for scaling and commercialization of forages and forage seeds in mixed farming systems in ethiopian highlands in Ethiopia,,Sustainable Farming," AICCRA, TAAT", SFP and S4I,"No financial contribution, but staff members are allocated to collaborate and support the implementation of planned activities.",300000,300000,Institutional and business models for scaling and commercialization of forages and forage seeds in mixed farming systems in ethiopian highlands in Ethiopia
20004,20004.0,,Mbili Mbili Cropping Systems for crop diversification and climate resilience,,,True,Yes,Mbili Mbili Cropping Systems for crop diversification and climate resilience,,Sustainable Farming,,SFP,,100000,100000,Mbili Mbili Cropping Systems for crop diversification and climate resilience
20005,20005.0,,Stability-and-Peace Accelerator for Food Land and Water Actors (SAPA),,,True,Yes,Stability-and-Peace Accelerator for Food Land and Water Actors (SAPA),,Food Frontiers and Security,,200000,,500000,500000,Stability-and-Peace Accelerator for Food Land and Water Actors (SAPA)
10056,9443.0,2023.0,"Progress on Aflasafe Research & Delivery, Incubation & Training (ARDIT)",Innovation development,Quality Assessed,,,,,,,,,,,"Progress on Aflasafe Research & Delivery, Incubation & Training (ARDIT)"
10067,9453.0,2023.0,An improved EPIRICE model that predicts the impact of weather,Innovation development,Quality Assessed,,,,,,,,,,,An improved EPIRICE model that predicts the impact of weather
10076,9462.0,2023.0,Mung bean farmers benefit at scale from interactive voice response,Innovation use,Quality Assessed,,,,,,,,,,,Mung bean farmers benefit at scale from interactive voice response
10086,9472.0,2023.0,The establishment of a Southern Rice Black-Streaked Dwarf Virus (SRBSDV),Innovation development,Quality Assessed,,,,,,,,,,,The establishment of a Southern Rice Black-Streaked Dwarf Virus (SRBSDV)
10132,9518.0,2023.0,Use of a revolving fund scheme for seed production by,Innovation use,Quality Assessed,,,,,,,,,,,Use of a revolving fund scheme for seed production by
10140,9525.0,2023.0,Genetically-improved WorldFish Generation 3 rohu carp handed over to the,Innovation use,Quality Assessed,,,,,,,,,,,Genetically-improved WorldFish Generation 3 rohu carp handed over to the
10146,9531.0,2023.0,Participatory rangeland management upscaling boosted by new Intergovernmental Authority on,Innovation use,Quality Assessed,,,,,,,,,,,Participatory rangeland management upscaling boosted by new Intergovernmental Authority on
10159,9544.0,2023.0,Tanzanian pastoralist communities commence restoration of degraded rangelands through participatory,Innovation use,Quality Assessed,,,,,,,,,,,Tanzanian pastoralist communities commence restoration of degraded rangelands through participatory
10195,9580.0,2023.0,USAID funds upscaling of Livestock and Climate innovations joint village,Innovation use,Quality Assessed,,,,,,,,,,,USAID funds upscaling of Livestock and Climate innovations joint village
10211,9596.0,2023.0,Digital Agriculture Plot: An in-situ farm monitoring system in the,Innovation development,Quality Assessed,,,,,,,,,,,Digital Agriculture Plot: An in-situ farm monitoring system in the
10215,9600.0,2023.0,EU funds upscaling Livestock and Climate Initiative innovation joint village,Innovation use,Quality Assessed,,,,,,,,,,,EU funds upscaling Livestock and Climate Initiative innovation joint village
10369,9751.0,2023.0,Scaling sheep and goat community-based breeding in Ethiopia,Innovation use,Quality Assessed,,,,,,,,,,,Scaling sheep and goat community-based breeding in Ethiopia
10371,9753.0,2023.0,Climate resilience agro-advisories reached farmers in Zambia via video broadcasts.,Innovation use,Quality Assessed,,,,,,,,,,,Climate resilience agro-advisories reached farmers in Zambia via video broadcasts.
10438,9818.0,2023.0,Impact of CGIAR maize germplasm in Sub-Saharan Africa: 1995-2015 Maize,Innovation use,Quality Assessed,,,,,,,,,,,Impact of CGIAR maize germplasm in Sub-Saharan Africa: 1995-2015 Maize
10447,9827.0,2023.0,"Climate resilience agro-advisories reached 1.2 million farmers in Kenya, of",Innovation use,Quality Assessed,,,,,,,,,,,"Climate resilience agro-advisories reached 1.2 million farmers in Kenya, of"
10453,9833.0,2023.0,Two branches of the Ecumenical Church Loan Fund (ECLOF) use,Innovation use,Quality Assessed,True,Yes,Climate-credit risk scoring system for livestock production systems to guide adaptation finance in Eastern Africa,Sustainable Livestock Climate Adaptation,Climate Action,,,,,,Two branches of the Ecumenical Church Loan Fund (ECLOF) use
10480,9860.0,2023.0, Climate Smart Governance Dashboard: A Powerful Facilitation Tool for,Innovation use,Quality Assessed,,,,,,,,,,, Climate Smart Governance Dashboard: A Powerful Facilitation Tool for
10498,9878.0,2023.0,Multiscale polycentric governance framework used to implement locally led adaptation,Innovation use,Quality Assessed,,,,,,,,,,,Multiscale polycentric governance framework used to implement locally led adaptation
10531,9911.0,2023.0,Evaluating Banana Bunchy Top Disease [BBTD] Integrated Pest and Disease,Innovation development,Quality Assessed,,,,,,,,,,,Evaluating Banana Bunchy Top Disease [BBTD] Integrated Pest and Disease
10546,9926.0,2023.0,Global use of CIAT's Urochloa hybrids in cattle farming for,Innovation use,Quality Assessed,,,,,,,,,,,Global use of CIAT's Urochloa hybrids in cattle farming for
10560,3593.0,2023.0,Shwe Ngar (Golden Fish) App: a newly developed mobile App,Innovation use,Quality Assessed,,,,,,,,,,,Shwe Ngar (Golden Fish) App: a newly developed mobile App
10581,9960.0,2023.0,Farmer adoption of the Africa Asia Dairy Genetic Gains (AADGG),Innovation use,Quality Assessed,,,,,,,,,,,Farmer adoption of the Africa Asia Dairy Genetic Gains (AADGG)
10596,9975.0,2023.0,Leading Colombian retailer investing in sustainable livestock,Innovation use,Quality Assessed,,,,,,,,,,,Leading Colombian retailer investing in sustainable livestock
10641,10020.0,2023.0,PepsiCo adopted e-Agrology to monitor smallholder maize farmers' adoption of,Innovation use,Quality Assessed,,,,,,,,,,,PepsiCo adopted e-Agrology to monitor smallholder maize farmers' adoption of
10752,10129.0,2023.0,Facilitating Scale-Up of Orange-Fleshed Sweet Potato (OFSP) Flour and Puree,Innovation development,Quality Assessed,,,,,,,,,,,Facilitating Scale-Up of Orange-Fleshed Sweet Potato (OFSP) Flour and Puree
10908,10284.0,2023.0,Diffusion of maize seed for the food security of small,Innovation use,Quality Assessed,,,,,,,,,,,Diffusion of maize seed for the food security of small
10913,10289.0,2023.0,Diffusion of biofortified maize seed BioMZN01 to Arhuacas and Kankuamos,Innovation use,Quality Assessed,,,,,,,,,,,Diffusion of biofortified maize seed BioMZN01 to Arhuacas and Kankuamos
10915,10291.0,2023.0,Diffusion of biofortified bean seed Agrosavia Rojo 43 to Arhuacas,Innovation use,Quality Assessed,,,,,,,,,,,Diffusion of biofortified bean seed Agrosavia Rojo 43 to Arhuacas
10918,10294.0,2023.0,Diffusion of biofortified maize seed BioMZn01 to communities in the,Innovation use,Quality Assessed,,,,,,,,,,,Diffusion of biofortified maize seed BioMZn01 to communities in the
10921,10297.0,2023.0,Diffusion of ICTA Hunapu and ICTA Super Chiva bean seed,Innovation use,Quality Assessed,,,,,,,,,,,Diffusion of ICTA Hunapu and ICTA Super Chiva bean seed
10923,10299.0,2023.0,Diffusion of ICTA Hunapu bean seed to producers in the,Innovation use,Quality Assessed,,,,,,,,,,,Diffusion of ICTA Hunapu bean seed to producers in the
10930,10306.0,2023.0,Diffusion of ICTA Hunapu bean seed to producers in the,Innovation use,Quality Assessed,,,,,,,,,,,Diffusion of ICTA Hunapu bean seed to producers in the
10931,10307.0,2023.0,Diffusion of certified biofortified maize seed BIO-MZn01 to producers in,Innovation use,Quality Assessed,,,,,,,,,,,Diffusion of certified biofortified maize seed BIO-MZn01 to producers in
10933,10309.0,2023.0,Diffusion of certified biofortified maize seed BIO-MZn01 to producers in,Innovation use,Quality Assessed,,,,,,,,,,,Diffusion of certified biofortified maize seed BIO-MZn01 to producers in
10935,10311.0,2023.0,Diffusion of certified biofortified maize seed BIO-MZn01 to producers in,Innovation use,Quality Assessed,,,,,,,,,,,Diffusion of certified biofortified maize seed BIO-MZn01 to producers in
10937,10313.0,2023.0,Diffusion of certified ICTA bean seed to producers in Hunapu,Innovation use,Quality Assessed,,,,,,,,,,,Diffusion of certified ICTA bean seed to producers in Hunapu
10940,10316.0,2023.0,Diffusion of certified ICTA Hunapu bean seed to producers in,Innovation use,Quality Assessed,,,,,,,,,,,Diffusion of certified ICTA Hunapu bean seed to producers in
10942,10318.0,2023.0,Diffusion of certified ICTA Hunapu bean seed to producers in,Innovation use,Quality Assessed,,,,,,,,,,,Diffusion of certified ICTA Hunapu bean seed to producers in
10944,10320.0,2023.0,Diffusion of certified biofortified maize Bio MZn01 and bean seeds,Innovation use,Quality Assessed,,,,,,,,,,,Diffusion of certified biofortified maize Bio MZn01 and bean seeds
10945,10321.0,2023.0,Diffusion of certified Tuxpeño corn seed to producers in Copan,Innovation use,Quality Assessed,,,,,,,,,,,Diffusion of certified Tuxpeño corn seed to producers in Copan
10946,10322.0,2023.0,Diffusion of certified biofortified maize seed BIO MZn01 to producers,Innovation use,Quality Assessed,,,,,,,,,,,Diffusion of certified biofortified maize seed BIO MZn01 to producers
10947,10323.0,2023.0,Diffusion of certified biofortified maize seed BIO MZn01 to producers,Innovation use,Quality Assessed,,,,,,,,,,,Diffusion of certified biofortified maize seed BIO MZn01 to producers
10948,10324.0,2023.0,Diffusion of certified biofortified maize seed BIOMzn01 to producers in,Innovation use,Quality Assessed,,,,,,,,,,,Diffusion of certified biofortified maize seed BIOMzn01 to producers in
10957,10333.0,2023.0,Living Labs for People as innovation and knowledge co-production space,Innovation use,Quality Assessed,,,,,,,,,,,Living Labs for People as innovation and knowledge co-production space
10991,10367.0,2023.0,Agronomic Key Performance Indicator Assessment framework used for stage gating,Innovation use,Quality Assessed,,,,,,,,,,,Agronomic Key Performance Indicator Assessment framework used for stage gating
11043,10418.0,2023.0,Farm Radio International uses artificial intelligence-based tools to gather feedback,Innovation use,Quality Assessed,,,,,,,,,,,Farm Radio International uses artificial intelligence-based tools to gather feedback
11096,10471.0,2023.0,Digital Dojo: A suite of datasets and modeling tools that,Innovation development,Quality Assessed,,,,,,,,,,,Digital Dojo: A suite of datasets and modeling tools that
11105,10480.0,2023.0,Best management practices for commercial tilapia reproduction in Northeast Africa,Innovation development,Quality Assessed,,,,,,,,,,,Best management practices for commercial tilapia reproduction in Northeast Africa
11117,10492.0,2023.0,A rapid and scalable rice blast diagnostic tool - Timely,Innovation development,Quality Assessed,,,,,,,,,,,A rapid and scalable rice blast diagnostic tool - Timely
11118,10493.0,2023.0,Digital climate and agro-advisory platform (with risk financing mechanim),Innovation development,Quality Assessed,,,,,,,,,,,Digital climate and agro-advisory platform (with risk financing mechanim)
11125,3554.0,2023.0,‘Macher Gari’ an innovative way to increase availability and accessibility,Innovation use,Quality Assessed,,,,,,,,,,,‘Macher Gari’ an innovative way to increase availability and accessibility
11136,10509.0,2023.0,Diagnostic tools validated by ICARDA’s Germplasm Health Unit (GHU) for,Innovation development,Quality Assessed,,,,,,,,,,,Diagnostic tools validated by ICARDA’s Germplasm Health Unit (GHU) for
11193,10566.0,2023.0,Use of climate services enhances adaptation in three states of,Innovation use,Quality Assessed,,,,,,,,,,,Use of climate services enhances adaptation in three states of
1125,1107.0,2022.0,Livestock 4 Climate Security Policy and Governance Toolkit: Ensuring Climate,Innovation development,Quality Assessed,,,,,,,,,,,Livestock 4 Climate Security Policy and Governance Toolkit: Ensuring Climate
11254,3445.0,2023.0,"Aflasafe, a biocontrol technology reducing aflatoxin in maize, groundnut, and",Innovation use,Quality Assessed,,,,,,,,,,,"Aflasafe, a biocontrol technology reducing aflatoxin in maize, groundnut, and"
1142,1124.0,2022.0,Healthy Eating Index for Vietnam developed for researchers and governments,Innovation development,Quality Assessed,,,,,,,,,,,Healthy Eating Index for Vietnam developed for researchers and governments
1149,1131.0,2022.0,Extended version of the Global Food System Sustainability Index:,Innovation development,Quality Assessed,,,,,,,,,,,Extended version of the Global Food System Sustainability Index:
11607,10978.0,2023.0,Farm Radio International applies for a grant from the Belgian,Innovation use,Quality Assessed,,,,,,,,,,,Farm Radio International applies for a grant from the Belgian
11674,11045.0,2023.0,Network partners implement optimized breeding schemes co-developed with CGIAR to,Innovation use,Quality Assessed,,,,,,,,,,,Network partners implement optimized breeding schemes co-developed with CGIAR to
1181,1163.0,2022.0,Rice -Varietal  Delivery/ Partnership Models,Innovation development,Quality Assessed,,,,,,,,,,,Rice -Varietal  Delivery/ Partnership Models
1184,1166.0,2022.0,"Rice-Varietal evaluation, selection and advancement",Innovation development,Quality Assessed,,,,,,,,,,,"Rice-Varietal evaluation, selection and advancement"
11877,11248.0,2023.0,"Fit-for-purpose, crop-wise genomic resources, processes, methods, and tools are available",Innovation development,Quality Assessed,,,,,,,,,,,"Fit-for-purpose, crop-wise genomic resources, processes, methods, and tools are available"
11882,11253.0,2023.0,Scalable implementation of marker-assisted breeding activities in breeding pipelines implemented,Innovation development,Quality Assessed,,,,,,,,,,,Scalable implementation of marker-assisted breeding activities in breeding pipelines implemented
11893,11264.0,2023.0,Eastern and Southern Africa (ESA) Regional Pigeonpea and Chickpea crop,Innovation development,Quality Assessed,,,,,,,,,,,Eastern and Southern Africa (ESA) Regional Pigeonpea and Chickpea crop
11931,11302.0,2023.0,Network partners modernize breeding approaches for Groundnut breeding programs in,Innovation use,Quality Assessed,,,,,,,,,,,Network partners modernize breeding approaches for Groundnut breeding programs in
12175,11546.0,2023.0,Innovation Package and Scaling Readiness Assessment for fish-based (ComFA+Fish) Products,Innovation Package,Quality Assessed,,,,,,,,,,,Innovation Package and Scaling Readiness Assessment for fish-based (ComFA+Fish) Products
12198,11568.0,2023.0,The CGIAR Global Market Intelligence Platform (GloMIP) providing priority setting,Innovation use,Quality Assessed,,,,,,,,,,,The CGIAR Global Market Intelligence Platform (GloMIP) providing priority setting
12350,11719.0,2023.0,Innovation Package and Scaling Readiness assessment for cassava peel as,Innovation Package,Quality Assessed,,,,,,,,,,,Innovation Package and Scaling Readiness assessment for cassava peel as
12364,11733.0,2023.0,Innovation Package and Scaling Readiness assessment for innovative strategies to,Innovation Package,Quality Assessed,True,Yes,"Innovative strategies to scale up inclusive business models for aquaculture in Zambia and Malawi, linking smallholder fish farmers with small and medium-sized enterprises (SMEs). ",Sustainable Aquaculture and Fisheries Management,Sustainable Animal and Aquatic Foods ,,,,,,Innovation Package and Scaling Readiness assessment for innovative strategies to
12477,11846.0,2023.0,Innovation Package and Scaling Readiness assessment for varscout - digital,Innovation Package,Quality Assessed,,,,,,,,,,,Innovation Package and Scaling Readiness assessment for varscout - digital
12485,11854.0,2023.0,Innovation Package and Scaling Readiness assessment for climate-credit risk scoring,Innovation Package,Quality Assessed,,,,,,,,,,,Innovation Package and Scaling Readiness assessment for climate-credit risk scoring
12495,11864.0,2023.0,Innovation Package and Scaling Readiness assessment for facilitating scale-up of,Innovation Package,Quality Assessed,,,,,,,,,,,Innovation Package and Scaling Readiness assessment for facilitating scale-up of
12593,11962.0,2024.0,Principal Component Analysis methodology used by governments to identify critical,Innovation development,Quality Assessed,,,,,,,,,,,Principal Component Analysis methodology used by governments to identify critical
12594,11963.0,2024.0,Groundwater management information system supporting sustainable water resource decisions and,Innovation development,Quality Assessed,,,,,,,,,,,Groundwater management information system supporting sustainable water resource decisions and
1261,1243.0,2022.0,Impacts Dashboard for Genetic Innovation v2.0,Innovation development,Quality Assessed,,,,,,,,,,,Impacts Dashboard for Genetic Innovation v2.0
12613,9018.0,2024.0,"Designing Evidence-Based Models for Central Highlands Ecoregion Foodscape, Enhancing Soil",Innovation development,Quality Assessed,,,,,,,,,,,"Designing Evidence-Based Models for Central Highlands Ecoregion Foodscape, Enhancing Soil"
12616,17.0,2024.0,Yam breeding network in Africa addresses breeding challenges to develop,Innovation development,Quality Assessed,,,,,,,,,,,Yam breeding network in Africa addresses breeding challenges to develop
12617,28.0,2024.0,"International wheat breeding networks accelerate genetic gains for climate-resilient, nutritious,",Innovation development,Quality Assessed,,,,,,,,,,,"International wheat breeding networks accelerate genetic gains for climate-resilient, nutritious,"
12618,30.0,2024.0,"Bread wheat breeding network accelerates genetic gains for high-yielding, climate-resilient",Innovation development,Quality Assessed,,,,,,,,,,,"Bread wheat breeding network accelerates genetic gains for high-yielding, climate-resilient"
12619,31.0,2024.0,"Durum wheat breeding network accelerates genetic gains for more productive,",Innovation development,Quality Assessed,,,,,,,,,,,"Durum wheat breeding network accelerates genetic gains for more productive,"
12620,32.0,2024.0,West and Central African maize breeding network accelerates genetic gains,Innovation development,Quality Assessed,,,,,,,,,,,West and Central African maize breeding network accelerates genetic gains
12621,33.0,2024.0,Maize breeding networks involving 30+ partners in Latin America use,Innovation development,Quality Assessed,,,,,,,,,,,Maize breeding networks involving 30+ partners in Latin America use
12622,34.0,2024.0,Maize breeding networks in Eastern Africa use cutting-edge tools and,Innovation development,Quality Assessed,,,,,,,,,,,Maize breeding networks in Eastern Africa use cutting-edge tools and
12623,35.0,2024.0,Maize breeding networks in Southern Africa use cutting-edge breeding tools,Innovation development,Quality Assessed,,,,,,,,,,,Maize breeding networks in Southern Africa use cutting-edge breeding tools
12624,36.0,2024.0,Maize breeding networks involving 60+ partners in South Asia accelerate,Innovation development,Quality Assessed,,,,,,,,,,,Maize breeding networks involving 60+ partners in South Asia accelerate
12625,37.0,2024.0,Bean breeding networks in Africa accelerate genetic gains for biofortified,Innovation development,Quality Assessed,,,,,,,,,,,Bean breeding networks in Africa accelerate genetic gains for biofortified
12626,38.0,2024.0,Soybean breeding network for Africa accelerates genetic gains for more,Innovation development,Quality Assessed,,,,,,,,,,,Soybean breeding network for Africa accelerates genetic gains for more
12627,39.0,2024.0,Partner-led rice breeding network in Latin America exchanges experiences and,Innovation development,Quality Assessed,,,,,,,,,,,Partner-led rice breeding network in Latin America exchanges experiences and
12628,40.0,2024.0,Rice breeding in Africa blends indigenous germplasm and modern breeding,Innovation development,Quality Assessed,,,,,,,,,,,Rice breeding in Africa blends indigenous germplasm and modern breeding
12629,41.0,2024.0,Rice breeding network in Eastern and Southern Africa accelerates genetic,Innovation development,Quality Assessed,,,,,,,,,,,Rice breeding network in Eastern and Southern Africa accelerates genetic
12630,42.0,2024.0,Rice breeding networks in Southeast Asia accelerate genetic gains for,Innovation development,Quality Assessed,,,,,,,,,,,Rice breeding networks in Southeast Asia accelerate genetic gains for
12631,43.0,2024.0,Rice breeding networks in South Asia accelerate genetic gains for,Innovation development,Quality Assessed,,,,,,,,,,,Rice breeding networks in South Asia accelerate genetic gains for
12632,44.0,2024.0,Sweetpotato breeding networks in Asia & Latin America accelerate genetic,Innovation development,Quality Assessed,,,,,,,,,,,Sweetpotato breeding networks in Asia & Latin America accelerate genetic
12633,45.0,2024.0,Sweetpotato breeding network in Southern Africa accelerates genetic gains for,Innovation development,Quality Assessed,,,,,,,,,,,Sweetpotato breeding network in Southern Africa accelerates genetic gains for
12634,46.0,2024.0,Sweetpotato breeding network in Eastern Africa accelerates genetic gains for,Innovation development,Quality Assessed,,,,,,,,,,,Sweetpotato breeding network in Eastern Africa accelerates genetic gains for
12635,47.0,2024.0,Potato breeding networks in Africa use citizen science to inform,Innovation development,Quality Assessed,,,,,,,,,,,Potato breeding networks in Africa use citizen science to inform
12636,48.0,2024.0,A public-partnership accelerates genetic gains for early-maturing highly marketable potatoes,Innovation development,Quality Assessed,,,,,,,,,,,A public-partnership accelerates genetic gains for early-maturing highly marketable potatoes
12638,53.0,2024.0,Faba bean breeding networks in northern and eastern Africa and,Innovation development,Quality Assessed,,,,,,,,,,,Faba bean breeding networks in northern and eastern Africa and
12639,54.0,2024.0,Barley breeding networks accelerate genetic gains for climate-resilient and nutritious,Innovation development,Quality Assessed,,,,,,,,,,,Barley breeding networks accelerate genetic gains for climate-resilient and nutritious
12640,55.0,2024.0,"Grasspea breeding network accelerates genetic gains for more productive, low-neurotoxin",Innovation development,Quality Assessed,,,,,,,,,,,"Grasspea breeding network accelerates genetic gains for more productive, low-neurotoxin"
12641,56.0,2024.0,"Lentil breeding network accelerates genetic gains for more climate resilient,",Innovation development,Quality Assessed,,,,,,,,,,,"Lentil breeding network accelerates genetic gains for more climate resilient,"
12642,57.0,2024.0,Chickpea breeding network accelerates genetic gains for heat and disease-resistant,Innovation development,Quality Assessed,,,,,,,,,,,Chickpea breeding network accelerates genetic gains for heat and disease-resistant
12643,58.0,2024.0,Cowpea breeding network in Africa accelerates genetic gains for more,Innovation development,Quality Assessed,,,,,,,,,,,Cowpea breeding network in Africa accelerates genetic gains for more
12644,59.0,2024.0,Cassava breeding networks targeted at African smallholders accelerate genetic gains,Innovation development,Quality Assessed,,,,,,,,,,,Cassava breeding networks targeted at African smallholders accelerate genetic gains
12645,60.0,2024.0,"Forage breeding partnerships between eastern and southern Africa, and Latin",Innovation development,Quality Assessed,,,,,,,,,,,"Forage breeding partnerships between eastern and southern Africa, and Latin"
12646,61.0,2024.0,Banana and plantain breeding networks in Africa accelerate genetic gains,Innovation development,Quality Assessed,,,,,,,,,,,Banana and plantain breeding networks in Africa accelerate genetic gains
12647,62.0,2024.0,International cassava breeding networks accelerate genetic gains for cassava demanded,Innovation development,Quality Assessed,,,,,,,,,,,International cassava breeding networks accelerate genetic gains for cassava demanded
12648,104.0,2024.0," Enhanced biophysical and socioeconomic modeling tools to explore food,",Innovation development,Quality Assessed,True,Yes,International Model for Policy Analysis of Agricultural Commodities and Trade (IMPACT) modeling and data system.,Outliers/Independent,Policy Innovations,100000,227161,,327161,327161," Enhanced biophysical and socioeconomic modeling tools to explore food,"
12649,126.0,2024.0,A disaggregated water-energy-food systems model to study the economywide effects,Innovation development,Quality Assessed,,,,,,,,,,,A disaggregated water-energy-food systems model to study the economywide effects
12650,128.0,2024.0,"Transformative leadership program for Water, Energy, Food, Ecosystem (WEFE) nexus",Innovation development,Quality Assessed,,,,,,,,,,,"Transformative leadership program for Water, Energy, Food, Ecosystem (WEFE) nexus"
12651,168.0,2024.0,Circular Bioeconomy Innovation Hub in Ghana: A Multistakeholder Platform for,Innovation development,Quality Assessed,True,Yes,Circular Bioeconomy Innovation Hub in Ghana,Circular Bioeconomy Innovation Initiatives,Food Frontiers and Security,,40000,40000,100000,100000,Circular Bioeconomy Innovation Hub in Ghana: A Multistakeholder Platform for
12651,168.0,2024.0,Circular Bioeconomy Innovation Hub in Ghana: A Multistakeholder Platform for,Innovation development,Quality Assessed,True,Yes,Circular Bioeconomy Innovation Hubs,Circular Bioeconomy Innovation Initiatives,Food Frontiers and Security,,40000,,80000,90000,Circular Bioeconomy Innovation Hub in Ghana: A Multistakeholder Platform for
12652,188.0,2024.0,Tools and approaches to help breeders to optimize breeding schemes,Innovation development,Quality Assessed,,,,,,,,,,,Tools and approaches to help breeders to optimize breeding schemes
12654,255.0,2024.0,Technology and business model for mechanized rice straw management in,Innovation development,Quality Assessed,,,,,,,,,,,Technology and business model for mechanized rice straw management in
12655,256.0,2024.0,Climate-Smart Risk Maps and Adaptation Plans (CS-MAP) for Rice Production,Innovation development,Quality Assessed,,,,,,,,,,,Climate-Smart Risk Maps and Adaptation Plans (CS-MAP) for Rice Production
12656,273.0,2024.0,Video-based Product Concept Testing (VPCT) tool for market segmentation of,Innovation development,Quality Assessed,,,,,,,,,,,Video-based Product Concept Testing (VPCT) tool for market segmentation of
12657,274.0,2024.0,New publication series designed for quicker access to market intelligence,Innovation development,Quality Assessed,,,,,,,,,,,New publication series designed for quicker access to market intelligence
12658,275.0,2024.0,Seed Product Market Segment Database for CGIAR and NARES breeding,Innovation development,Quality Assessed,,,,,,,,,,,Seed Product Market Segment Database for CGIAR and NARES breeding
12659,276.0,2024.0,Set of criteria for CGIAR and NARES for the systematic,Innovation development,Quality Assessed,,,,,,,,,,,Set of criteria for CGIAR and NARES for the systematic
12660,305.0,2024.0,Potato breeding network in Latin America accelerates genetic gains for,Innovation development,Quality Assessed,,,,,,,,,,,Potato breeding network in Latin America accelerates genetic gains for
12661,309.0,2024.0,Ukama Ustawi Scaling Hub : A platform for enabling the,Innovation development,Quality Assessed,,,,,,,,,,,Ukama Ustawi Scaling Hub : A platform for enabling the
12662,340.0,2024.0,A Program Management Platform allows to align a programmatic agenda,Innovation development,Quality Assessed,,,,,,,,,,,A Program Management Platform allows to align a programmatic agenda
12663,342.0,2024.0,CGIAR center experiences with implementing faster and more accurate breeding,Innovation development,Quality Assessed,,,,,,,,,,,CGIAR center experiences with implementing faster and more accurate breeding
12664,343.0,2024.0,The Breeding Portal helps CGIAR crops to optimize pipeline structure,Innovation development,Quality Assessed,,,,,,,,,,,The Breeding Portal helps CGIAR crops to optimize pipeline structure
12665,344.0,2024.0,Successful approaches to developing farmer-and market-relevant variety identification schemes increase,Innovation development,Quality Assessed,,,,,,,,,,,Successful approaches to developing farmer-and market-relevant variety identification schemes increase
12666,345.0,2024.0,Crop-specific approaches for innovative and collaborative on-farm trialing approaches systematically,Innovation development,Quality Assessed,,,,,,,,,,,Crop-specific approaches for innovative and collaborative on-farm trialing approaches systematically
12667,346.0,2024.0,A new approach aligns genetic gain assessments of CGIAR breeding,Innovation development,Quality Assessed,,,,,,,,,,,A new approach aligns genetic gain assessments of CGIAR breeding
12668,348.0,2024.0,"Definition of the portfolio of distinct, achievable Target Product Profiles,",Innovation development,Quality Assessed,,,,,,,,,,,"Definition of the portfolio of distinct, achievable Target Product Profiles,"
12669,350.0,2024.0,The Breeding Portal captures and makes CGIAR breeding strategies transparent,Innovation development,Quality Assessed,,,,,,,,,,,The Breeding Portal captures and makes CGIAR breeding strategies transparent
12670,351.0,2024.0,Towards a partnership strategy for CGIAR collaborative breeding networks that,Innovation development,Quality Assessed,,,,,,,,,,,Towards a partnership strategy for CGIAR collaborative breeding networks that
12671,352.0,2024.0,Harmonizing standards for breeding partnerships to enhance equitable and transparent,Innovation development,Quality Assessed,,,,,,,,,,,Harmonizing standards for breeding partnerships to enhance equitable and transparent
12672,353.0,2024.0,Standardized approaches for market segment and target product profile definition,Innovation development,Quality Assessed,,,,,,,,,,,Standardized approaches for market segment and target product profile definition
12673,354.0,2024.0,Assessing national partners strengths and capacity development priorities for increasing,Innovation development,Quality Assessed,,,,,,,,,,,Assessing national partners strengths and capacity development priorities for increasing
12674,367.0,2024.0,"Aligning CGIAR breeding processes to a common, high level organizational",Innovation development,Quality Assessed,,,,,,,,,,,"Aligning CGIAR breeding processes to a common, high level organizational"
12675,369.0,2024.0,Aligning standardized breeding pipeline processes and stage gates in Genetic,Innovation development,Quality Assessed,,,,,,,,,,,Aligning standardized breeding pipeline processes and stage gates in Genetic
12676,372.0,2024.0,A methodology for assessing the anticipated return on investment and,Innovation development,Quality Assessed,,,,,,,,,,,A methodology for assessing the anticipated return on investment and
12677,397.0,2024.0,Development of livestock decision trees to provide climate advisories based,Innovation development,Quality Assessed,,,,,,,,,,,Development of livestock decision trees to provide climate advisories based
12678,404.0,2024.0,Business model assessment template to assess the viability of digital,Innovation development,Quality Assessed,,,,,,,,,,,Business model assessment template to assess the viability of digital
12679,411.0,2024.0,Stata command file that simplifies the calculation of all versions,Innovation development,Quality Assessed,True,Yes,WEAI suite of empowerment measurement tools,Empowering Women in Agrifood Systems,Gender,200000,150000, ,150000,150000,Stata command file that simplifies the calculation of all versions
12681,416.0,2024.0,Improved community-led water governance approach through sluice gate irrigation system,Innovation development,Quality Assessed,,,,,,,,,,,Improved community-led water governance approach through sluice gate irrigation system
12684,445.0,2024.0,Dairy profitability simulator mobile app for extension agents and dairy,Innovation development,Quality Assessed,,,,,,,,,,,Dairy profitability simulator mobile app for extension agents and dairy
12685,452.0,2024.0,"Decision-support system to help researchers, development actors, donors and governments",Innovation development,Quality Assessed,,,,,,,,,,,"Decision-support system to help researchers, development actors, donors and governments"
12686,453.0,2024.0,Improved performance and market orientation of sheep fattening by women,Innovation development,Quality Assessed,,,,,,,,,,,Improved performance and market orientation of sheep fattening by women
12687,454.0,2024.0,Social behavior change communication for community health workers and men,Innovation development,Quality Assessed,,,,,,,,,,,Social behavior change communication for community health workers and men
12688,455.0,2024.0,"Co-operative for women and men beef-cattle artificial inseminators, for improved",Innovation development,Quality Assessed,,,,,,,,,,,"Co-operative for women and men beef-cattle artificial inseminators, for improved"
12689,456.0,2024.0,An innovative genetic improvement strategy for sheep and goat that,Innovation development,Quality Assessed,,,,,,,,,,,An innovative genetic improvement strategy for sheep and goat that
12690,457.0,2024.0, An experimental vaccine for the control of East Coast,Innovation development,Quality Assessed,,,,,,,,,,, An experimental vaccine for the control of East Coast
12691,458.0,2024.0,"Reproductive platform delivering services, such as fixed-time artificial insemination and",Innovation development,Quality Assessed,,,,,,,,,,,"Reproductive platform delivering services, such as fixed-time artificial insemination and"
12692,634.0,2024.0,Managing time in rice-based systems to close yield gaps and,Innovation development,Quality Assessed,True,Yes,Optimizing time in rice systems to boost yields for farmers.,Outliers/Independent,Sustainable Farming,,,,,,Managing time in rice-based systems to close yield gaps and
12693,644.0,2024.0,Aclimate Guatemala: a user-centered digital agro-climatic forecast system for processing,Innovation development,Quality Assessed,,,,,,,,,,,Aclimate Guatemala: a user-centered digital agro-climatic forecast system for processing
12695,661.0,2024.0,Foresight and Rapid Response Modeling System (FARRMS) is an on-demand,Innovation development,Quality Assessed,True,Yes,Foresight and Rapid Response Modeling System (FARRMS),Digital Tools for Agricultural Management,Policy Innovations,0,100000,,100000,100000,Foresight and Rapid Response Modeling System (FARRMS) is an on-demand
12696,662.0,2024.0,Novel Indicators for an Agri-Food System Dashboard Empowering Evidence-Based Policy,Innovation development,Quality Assessed,,,,,,,,,,,Novel Indicators for an Agri-Food System Dashboard Empowering Evidence-Based Policy
12697,754.0,2024.0,"Food Security, Environments and Nutrition Framework: A decision support framework",Innovation development,Quality Assessed,,,,,,,,,,,"Food Security, Environments and Nutrition Framework: A decision support framework"
12698,775.0,2024.0,"The sub-setting tool provides Genebank managers and users (breeders, scientists,",Innovation development,Quality Assessed,,,,,,,,,,,"The sub-setting tool provides Genebank managers and users (breeders, scientists,"
12699,776.0,2024.0,Innovative Software Tools for Estimating Environmental Flow Requirements Based on,Innovation development,Quality Assessed,,,,,,,,,,,Innovative Software Tools for Estimating Environmental Flow Requirements Based on
12700,777.0,2024.0,"Agrobiodiversity Solution Hotspot Tool for local stakeholders to address water,",Innovation development,Quality Assessed,,,,,,,,,,,"Agrobiodiversity Solution Hotspot Tool for local stakeholders to address water,"
12701,778.0,2024.0,Multistakeholder Platforms are networks designed to implement program interventions by,Innovation development,Quality Assessed,,,,,,,,,,,Multistakeholder Platforms are networks designed to implement program interventions by
12703,780.0,2024.0,Gliricidia intercropping into maize cropping combines trees and crops to,Innovation development,Quality Assessed,,,,,,,,,,,Gliricidia intercropping into maize cropping combines trees and crops to
12705,782.0,2024.0,"Creating cost-effective home-mixed livestock fattening rations using hay, grain or",Innovation development,Quality Assessed,,,,,,,,,,,"Creating cost-effective home-mixed livestock fattening rations using hay, grain or"
12706,783.0,2024.0,Maize and legumes rotate annually to reduce the effects of,Innovation development,Quality Assessed,,,,,,,,,,,Maize and legumes rotate annually to reduce the effects of
12707,784.0,2024.0,Mbili Mbili is an innovative cropping system to ensure crop,Innovation development,Quality Assessed,,,,,,,,,,,Mbili Mbili is an innovative cropping system to ensure crop
12708,785.0,2024.0,Guidance for conducting randomized controlled trials (RCTs) of complex interventions,Innovation development,Quality Assessed,,,,,,,,,,,Guidance for conducting randomized controlled trials (RCTs) of complex interventions
12709,786.0,2024.0,Mechanization starter pack for smallholder farmers in Southern Africa,Innovation development,Quality Assessed,,,,,,,,,,,Mechanization starter pack for smallholder farmers in Southern Africa
12710,789.0,2024.0,Conservation agriculture is a cropping systems based on 3 interlinked,Innovation development,Quality Assessed,,,,,,,,,,,Conservation agriculture is a cropping systems based on 3 interlinked
12711,790.0,2024.0,Regional and national policy dialogues to scale support to the,Innovation development,Quality Assessed,,,,,,,,,,,Regional and national policy dialogues to scale support to the
12712,791.0,2024.0,Development and Scaling of Bean-Based Composite Flour Formulations for Enhanced,Innovation development,Quality Assessed,,,,,,,,,,,Development and Scaling of Bean-Based Composite Flour Formulations for Enhanced
12713,793.0,2024.0,Methodology to scale research innovations through the help of private,Innovation development,Quality Assessed,,,,,,,,,,,Methodology to scale research innovations through the help of private
12714,794.0,2024.0,Strip cropping is an improved intercropping strategy for smallholder farmers,Innovation development,Quality Assessed,,,,,,,,,,,Strip cropping is an improved intercropping strategy for smallholder farmers
12715,795.0,2024.0,"In maize-legume intercropping, two or more crops are grown simultaneously",Innovation development,Quality Assessed,,,,,,,,,,,"In maize-legume intercropping, two or more crops are grown simultaneously"
12716,796.0,2024.0,Bringing cutting edge digital products and services to smallholder farmers,Innovation development,Quality Assessed,,,,,,,,,,,Bringing cutting edge digital products and services to smallholder farmers
12718,798.0,2024.0,Addressing drought and invasive pests and diseases through multiple stress,Innovation development,Quality Assessed,,,,,,,,,,,Addressing drought and invasive pests and diseases through multiple stress
12719,805.0,2024.0,"Shamba Shape Up: Using digital channels to deliver bundled agriculture,",Innovation development,Quality Assessed,,,,,,,,,,,"Shamba Shape Up: Using digital channels to deliver bundled agriculture,"
12720,806.0,2024.0,Conjunctive use of groundwater and surface water with solar irrigation,Innovation development,Quality Assessed,,,,,,,,,,,Conjunctive use of groundwater and surface water with solar irrigation
12722,814.0,2024.0,User interface of e-Agrology directed to farmers as a one,Innovation development,Quality Assessed,,,,,,,,,,,User interface of e-Agrology directed to farmers as a one
12723,824.0,2024.0,"Reaching over 50,000 farmers, the NextGen agroadvisory has achieved wheat",Innovation development,Quality Assessed,,,,,,,,,,,"Reaching over 50,000 farmers, the NextGen agroadvisory has achieved wheat"
12724,833.0,2024.0,Updated menu of technologies focused on providing information available for,Innovation development,Quality Assessed,,,,,,,,,,,Updated menu of technologies focused on providing information available for
12725,834.0,2024.0,Updated menu of technologies focused on providing information available for,Innovation development,Quality Assessed,,,,,,,,,,,Updated menu of technologies focused on providing information available for
12726,856.0,2024.0,The Herd Dynamics Model (HDM) component of the Linked Economic,Innovation development,Quality Assessed,,,,,,,,,,,The Herd Dynamics Model (HDM) component of the Linked Economic
12727,863.0,2024.0,GeoAgro-MiSR: A comprehensive digital solution that enables Egyptian small holder,Innovation development,Quality Assessed,,,,,,,,,,,GeoAgro-MiSR: A comprehensive digital solution that enables Egyptian small holder
12728,869.0,2024.0,GenderUp for scaling: A method that supports innovation teams in,Innovation development,Quality Assessed,,,,,,,,,,,GenderUp for scaling: A method that supports innovation teams in
12729,886.0,2024.0,WikiPapa Platform: a decision support tool for monitoring the conservation,Innovation development,Quality Assessed,,,,,,,,,,,WikiPapa Platform: a decision support tool for monitoring the conservation
12731,891.0,2024.0,Satellite-based regional scale climate data extractor for Central and West,Innovation development,Quality Assessed,,,,,,,,,,,Satellite-based regional scale climate data extractor for Central and West
12734,936.0,2024.0,Comparing cropping patterns on-farm in Bangladesh,Innovation development,Quality Assessed,,,,,,,,,,,Comparing cropping patterns on-farm in Bangladesh
12736,952.0,2024.0,Incorporation of organic growth additives to enhance in vitro propagation,Innovation development,Quality Assessed,,,,,,,,,,,Incorporation of organic growth additives to enhance in vitro propagation
12737,953.0,2024.0,"Scaling Readiness: an evidence-based approach to co-design, implement and monitor",Innovation development,Quality Assessed,,,,,,,,,,,"Scaling Readiness: an evidence-based approach to co-design, implement and monitor"
12738,955.0,2024.0,Online Economics Modeling Course for Policy Analysts,Innovation development,Quality Assessed,,,,,,,,,,,Online Economics Modeling Course for Policy Analysts
12739,975.0,2024.0,"Combined access to agronomic advice on fertilizer, optimum, safe planting",Innovation development,Quality Assessed,,,,,,,,,,,"Combined access to agronomic advice on fertilizer, optimum, safe planting"
12740,999.0,2024.0,Epidemiology and Control of Peste des Petits Ruminants Study Design,Innovation development,Quality Assessed,,,,,,,,,,,Epidemiology and Control of Peste des Petits Ruminants Study Design
12741,1003.0,2024.0,"Genomic selection-based breeding programs for dairy cattle, based on performance",Innovation development,Quality Assessed,,,,,,,,,,,"Genomic selection-based breeding programs for dairy cattle, based on performance"
12742,1005.0,2024.0,Living Labs for People as innovation and knowledge co-production space,Innovation development,Quality Assessed,True,Yes,Living Labs for People as innovation and knowledge co-production space for sustainable and low-emission food system transformation,Innovative Knowledge Management in Agriculture,Climate Action,,,,,,Living Labs for People as innovation and knowledge co-production space
12743,1006.0,2024.0,The Women's Empowerment in Livestock Index(WELI) for measuring women's empowerment,Innovation development,Quality Assessed,,,,,,,,,,,The Women's Empowerment in Livestock Index(WELI) for measuring women's empowerment
12744,1010.0,2024.0,Dashboard of ex post impact assessment studies relevant for informing,Innovation development,Quality Assessed,,,,,,,,,,,Dashboard of ex post impact assessment studies relevant for informing
12745,1015.0,2024.0,High level engagement for co-creation of collaborative breeding networks: building,Innovation development,Quality Assessed,,,,,,,,,,,High level engagement for co-creation of collaborative breeding networks: building
12746,1020.0,2024.0,Understanding climate change impacts and adaptation practices for cocoa management,Innovation development,Quality Assessed,,,,,,,,,,,Understanding climate change impacts and adaptation practices for cocoa management
12747,1023.0,2024.0,Cropping calendar advisories and bundled services for smallholder maize farmers,Innovation development,Quality Assessed,,,,,,,,,,,Cropping calendar advisories and bundled services for smallholder maize farmers
12748,1024.0,2024.0,Smart Fertilizer Recommendation Tool: A Smartphone and SMS-Based Solution for,Innovation development,Quality Assessed,,,,,,,,,,,Smart Fertilizer Recommendation Tool: A Smartphone and SMS-Based Solution for
12749,1025.0,2024.0,Fertilizer recommendation tool for six priority crops plugged in the,Innovation development,Quality Assessed,True,Yes,Site-specific fertilizer tool in SNS supports Rwandan potato farmers and extension agents.,Site-Specific Fertilizer Recommendations,Sustainable Farming,,,,,,Fertilizer recommendation tool for six priority crops plugged in the
12750,1026.0,2024.0,Integrating Water Storage Diagnostic to diversify and expand water storage,Innovation development,Quality Assessed,,,,,,,,,,,Integrating Water Storage Diagnostic to diversify and expand water storage
12752,1030.0,2024.0,Water Productivity Atlas that enables planners and managers to identify,Innovation development,Quality Assessed,,,,,,,,,,,Water Productivity Atlas that enables planners and managers to identify
12753,1031.0,2024.0,Climate-credit risk scoring system for farming systems to guide adaptation,Innovation development,Quality Assessed,,,,,,,,,,,Climate-credit risk scoring system for farming systems to guide adaptation
12754,1032.0,2024.0,"Cactus pear a drought-tolerant crop, provides food and livestock feed",Innovation development,Quality Assessed,,,,,,,,,,,"Cactus pear a drought-tolerant crop, provides food and livestock feed"
12755,1035.0,2024.0,"Participatory rangeland management: an inclusive approach for improving governance, tenure",Innovation development,Quality Assessed,,,,,,,,,,,"Participatory rangeland management: an inclusive approach for improving governance, tenure"
12756,1036.0,2024.0,An improved framework for cost benefit analysis of land use,Innovation development,Quality Assessed,True,Yes,An improved framework for cost benefit analysis of land use change in pastoral areas,Sustainable Rangeland Management Initiatives,Multifunctional Landscapes ,,10000,,30000,60000,An improved framework for cost benefit analysis of land use
12757,1037.0,2024.0,A global platform for multiple users including the UN and,Innovation development,Quality Assessed,,,,,,,,,,,A global platform for multiple users including the UN and
12758,1038.0,2024.0,Participatory land use planning across administrative borders in pastoral areas,Innovation development,Quality Assessed,,,,,,,,,,,Participatory land use planning across administrative borders in pastoral areas
12759,1039.0,2024.0,CGIAR Barley Breeding Toolbox: A diversity panel to facilitate breeding,Innovation development,Quality Assessed,,,,,,,,,,,CGIAR Barley Breeding Toolbox: A diversity panel to facilitate breeding
12760,1097.0,2024.0,"The new user-friendly environmental impact assessment tool, CLEANED, with additional",Innovation development,Quality Assessed,,,,,,,,,,,"The new user-friendly environmental impact assessment tool, CLEANED, with additional"
12761,1098.0,2024.0,Mechanized direct seeding for improved farming efficiency and reduced carbon,Innovation development,Quality Assessed,True,Yes,Mechanized direct rice seeding to enhance efficiency and lowers emissions,Sustainable Rice Production Innovations,Sustainable Farming,668913,200000,110000,200000,200000,Mechanized direct seeding for improved farming efficiency and reduced carbon
12762,1099.0,2024.0,Integrated-approach with Public Private Partnerships and community-based engagement through stakeholder,Innovation development,Quality Assessed,,,,,,,,,,,Integrated-approach with Public Private Partnerships and community-based engagement through stakeholder
12763,1100.0,2024.0,Multidsciplinary working group (MWG) as a dedicated approach for building,Innovation development,Quality Assessed,,,,,,,,,,,Multidsciplinary working group (MWG) as a dedicated approach for building
12764,1102.0,2024.0,Sustainable rangeland management toolkit with a holistic and multidisciplinary approach,Innovation development,Quality Assessed,,,,,,,,,,,Sustainable rangeland management toolkit with a holistic and multidisciplinary approach
12765,1103.0,2024.0,Financial tool targeted to help pastoralists cope with drought related,Innovation development,Quality Assessed,,,,,,,,,,,Financial tool targeted to help pastoralists cope with drought related
12766,1105.0,2024.0,A digital decision support tool to help livestock farmers to,Innovation development,Quality Assessed,,,,,,,,,,,A digital decision support tool to help livestock farmers to
12767,1106.0,2024.0,Farmer-to-Farmer Scaling Networks for scaling climate adaptation technologies,Innovation development,Quality Assessed,,,,,,,,,,,Farmer-to-Farmer Scaling Networks for scaling climate adaptation technologies
12769,1111.0,2024.0,The Climate Security Observatory (CSO) for livestock production systems,Innovation development,Quality Assessed,,,,,,,,,,,The Climate Security Observatory (CSO) for livestock production systems
12770,1112.0,2024.0,Feed pellet production using a small-scale pelletizer and available agricultural,Innovation development,Quality Assessed,,,,,,,,,,,Feed pellet production using a small-scale pelletizer and available agricultural
12771,1116.0,2024.0,National food systems greenhouse gas emission profiles to help decision,Innovation development,Quality Assessed,,,,,,,,,,,National food systems greenhouse gas emission profiles to help decision
12776,1169.0,2024.0,"MyEiA platform: Comprehensive Use Case Management, Evidence Tracking, and Resource",Innovation development,Quality Assessed,,,,,,,,,,,"MyEiA platform: Comprehensive Use Case Management, Evidence Tracking, and Resource"
12777,1183.0,2024.0,Supporting diversification and climate resilience in coffee systems through improved,Innovation development,Quality Assessed,,,,,,,,,,,Supporting diversification and climate resilience in coffee systems through improved
12778,1185.0,2024.0,Sustainable intensification of cocoa production through the development and dissemination,Innovation development,Quality Assessed,,,,,,,,,,,Sustainable intensification of cocoa production through the development and dissemination
12780,1189.0,2024.0,RiceAdvice Lite - Digital Agronomy Advisory Tool for Site-Specific Fertilizer,Innovation development,Quality Assessed,,,,,,,,,,,RiceAdvice Lite - Digital Agronomy Advisory Tool for Site-Specific Fertilizer
12781,1226.0,2024.0,Supporting sustainable soybean production in Northern Ghana (SSPiNG) through improved,Innovation development,Quality Assessed,,,,,,,,,,,Supporting sustainable soybean production in Northern Ghana (SSPiNG) through improved
12782,1241.0,2024.0,Contributions of CGIAR center crop trait discovery and deployment portfolio,Innovation development,Quality Assessed,,,,,,,,,,,Contributions of CGIAR center crop trait discovery and deployment portfolio
12783,1242.0,2024.0,Availing digital advisory content through an easily searchable content hub,Innovation development,Quality Assessed,,,,,,,,,,,Availing digital advisory content through an easily searchable content hub
12785,1249.0,2024.0,Fostering the scaling of mechanised conservation agriculture by small farmers,Innovation development,Quality Assessed,,,,,,,,,,,Fostering the scaling of mechanised conservation agriculture by small farmers
12787,1261.0,2024.0,South Asia Drought Monitoring System (SADMS) platform supports national and,Innovation development,Quality Assessed,,,,,,,,,,,South Asia Drought Monitoring System (SADMS) platform supports national and
12788,1268.0,2024.0,"Improved soybean digitally mediated agronomic advisory to improve yields, soil",Innovation development,Quality Assessed,,,,,,,,,,,"Improved soybean digitally mediated agronomic advisory to improve yields, soil"
12790,1296.0,2024.0,The GANSO (GANaderia SOtenible or Sustainable Livestock) guarantee is a,Innovation development,Quality Assessed,,,,,,,,,,,The GANSO (GANaderia SOtenible or Sustainable Livestock) guarantee is a
12791,1300.0,2024.0,e-Agrology: A High-Frequency Monitoring System Enhancing Sustainable Agriculture and Livestock,Innovation development,Quality Assessed,,,,,,,,,,,e-Agrology: A High-Frequency Monitoring System Enhancing Sustainable Agriculture and Livestock
12793,1495.0,2024.0,Human-centered design for CGIAR and partners to enable more human-centered,Innovation development,Quality Assessed,,,,,,,,,,,Human-centered design for CGIAR and partners to enable more human-centered
12794,1508.0,2024.0,Installment of subnational innovation system that fosters knowledge exchange for,Innovation development,Quality Assessed,,,,,,,,,,,Installment of subnational innovation system that fosters knowledge exchange for
12795,1520.0,2024.0,Rural Household Multi-Indicator Survey (RHoMIS): A digital system for building,Innovation development,Quality Assessed,,,,,,,,,,,Rural Household Multi-Indicator Survey (RHoMIS): A digital system for building
12797,1593.0,2024.0,High-frequency diet quality data collection and mapping,Innovation development,Quality Assessed,,,,,,,,,,,High-frequency diet quality data collection and mapping
12798,1613.0,2024.0,Standard Protocol to develop gender-intentional target product profile design,Innovation development,Quality Assessed,,,,,,,,,,,Standard Protocol to develop gender-intentional target product profile design
12799,1617.0,2024.0,Tracking Adaptation in Livestock Systems (TAiLS): tool designed to enable,Innovation development,Quality Assessed,,,,,,,,,,,Tracking Adaptation in Livestock Systems (TAiLS): tool designed to enable
12801,1698.0,2024.0,Improved dual-purpose adaptive chicken strains for smallholder farmers in Ethiopia,Innovation development,Quality Assessed,,,,,,,,,,,Improved dual-purpose adaptive chicken strains for smallholder farmers in Ethiopia
12803,1754.0,2024.0,Diversity for Restoration (D4R) tool for Ghana: online catalogue and,Innovation development,Quality Assessed,,,,,,,,,,,Diversity for Restoration (D4R) tool for Ghana: online catalogue and
12804,1755.0,2024.0,Diversity for Restoration (D4R) tool for Lao People's Democratic Republic:,Innovation development,Quality Assessed,,,,,,,,,,,Diversity for Restoration (D4R) tool for Lao People's Democratic Republic:
12805,1777.0,2024.0,Modeling Service Center (MSC): providing long-term training to researchers across,Innovation development,Quality Assessed,,,,,,,,,,,Modeling Service Center (MSC): providing long-term training to researchers across
12806,1783.0,2024.0," Groundwater governance toolbox: Guidance on how to identify, adapt,",Innovation development,Quality Assessed,,,,,,,,,,," Groundwater governance toolbox: Guidance on how to identify, adapt,"
12807,1787.0,2024.0,"A unified data and research portal where researchers, public and",Innovation development,Quality Assessed,,,,,,,,,,,"A unified data and research portal where researchers, public and"
12808,1811.0,2024.0,Development of digital groundwater monitoring dashboard to enhance sustainable and,Innovation development,Quality Assessed,,,,,,,,,,,Development of digital groundwater monitoring dashboard to enhance sustainable and
12809,1818.0,2024.0,An innovative model for collaborating across CGIAR centers to facilitate,Innovation development,Quality Assessed,,,,,,,,,,,An innovative model for collaborating across CGIAR centers to facilitate
12810,1833.0,2024.0,Supporting smallholder farmers’ access to diversified seed systems for food,Innovation development,Quality Assessed,,,,,,,,,,,Supporting smallholder farmers’ access to diversified seed systems for food
12813,1874.0,2024.0,Biomass yield of tree lucerne at different cutting frequencies and,Innovation development,Quality Assessed,,,,,,,,,,,Biomass yield of tree lucerne at different cutting frequencies and
12818,1922.0,2024.0,Longa: An Artificial Intelligence-based audio analytics tool for identifying farmers',Innovation development,Quality Assessed,,,,,,,,,,,Longa: An Artificial Intelligence-based audio analytics tool for identifying farmers'
12819,1933.0,2024.0,Actionable drought forecasts for the transboundary natural resource management authorities,Innovation development,Quality Assessed,,,,,,,,,,,Actionable drought forecasts for the transboundary natural resource management authorities
12820,1935.0,2024.0,Digital Traceability: A biofortified rice traceability system for seed businesses,Innovation development,Quality Assessed,,,,,,,,,,,Digital Traceability: A biofortified rice traceability system for seed businesses
12822,1976.0,2024.0,"Protocol for exploring production, business conditions, and demand for rice",Innovation development,Quality Assessed,,,,,,,,,,,"Protocol for exploring production, business conditions, and demand for rice"
12823,2049.0,2024.0,Results from survey experiments published to improve the quality of,Innovation development,Quality Assessed,,,,,,,,,,,Results from survey experiments published to improve the quality of
12826,2101.0,2024.0,Integrated stock assessment modelling in digital fisheries monitoring for targeted,Innovation development,Quality Assessed,,,,,,,,,,,Integrated stock assessment modelling in digital fisheries monitoring for targeted
12828,2117.0,2024.0,Decision Support Tool for Right Sizing of Solar-powered Irrigation Pumps,Innovation development,Quality Assessed,,,,,,,,,,,Decision Support Tool for Right Sizing of Solar-powered Irrigation Pumps
12829,2119.0,2024.0,A dashboard that allows users to visualize the information on,Innovation use,Quality Assessed,,,,,,,,,,,A dashboard that allows users to visualize the information on
12830,2125.0,2024.0,"VarScout - digital ecosystem for collecting, monitoring, and visualizing plant",Innovation development,Quality Assessed,,,,,,,,,,,"VarScout - digital ecosystem for collecting, monitoring, and visualizing plant"
12832,2131.0,2024.0,Towards a One CGIAR germplasm licensing strategy to foster wide,Innovation development,Quality Assessed,,,,,,,,,,,Towards a One CGIAR germplasm licensing strategy to foster wide
12834,2155.0,2024.0,Micronutrient contribution modeling integrated with a near real-time fisheries monitoring,Innovation use,Quality Assessed,,,,,,,,,,,Micronutrient contribution modeling integrated with a near real-time fisheries monitoring
12835,2161.0,2024.0,A standardised quantitative methodology to locate data gaps in FishBase,Innovation development,Quality Assessed,,,,,,,,,,,A standardised quantitative methodology to locate data gaps in FishBase
12836,2168.0,2024.0,Methodology for analyzing data gaps and needs was developed to,Innovation development,Quality Assessed,,,,,,,,,,,Methodology for analyzing data gaps and needs was developed to
12837,2171.0,2024.0,Aquatic Food Ontology: providing a common language for aquatic foods,Innovation use,Quality Assessed,,,,,,,,,,,Aquatic Food Ontology: providing a common language for aquatic foods
12838,2175.0,2024.0,Metadata mining methodology to facilitate integration of databases for aquaculture,Innovation development,Quality Assessed,,,,,,,,,,,Metadata mining methodology to facilitate integration of databases for aquaculture
12839,2182.0,2024.0,Fish cage production in small reservoirs in Ghana to support,Innovation development,Quality Assessed,True,Yes,"Fish cage production in small reservoirs in Ghana to support the livelihoods and empowerment of empowerment of youth, women, and small-scale farmers",Sustainable Aquaculture and Fisheries Management,Sustainable Animal and Aquatic Foods , $                                  -, 60K, ,450k (Scaling in WCA countries),300k,Fish cage production in small reservoirs in Ghana to support
12840,2195.0,2024.0,Community Based Resource Management (CBRM) Training Package for coastal fisheries,Innovation development,Quality Assessed,,,,,,,,,,,Community Based Resource Management (CBRM) Training Package for coastal fisheries
12841,2200.0,2024.0,"DataScribe - a tool for creating standards-compliant, shareable agronomic survey",Innovation development,Quality Assessed,,,,,,,,,,,"DataScribe - a tool for creating standards-compliant, shareable agronomic survey"
12842,2220.0,2024.0,90 standard genebank operating procedures (SOPs) were drafted or updated,Innovation development,Quality Assessed,,,,,,,,,,,90 standard genebank operating procedures (SOPs) were drafted or updated
12843,2221.0,2024.0,Faster growing genetically improved silver carp (generation 2) produced in,Innovation development,Quality Assessed,,,,,,,,,,,Faster growing genetically improved silver carp (generation 2) produced in
12844,2226.0,2024.0,Successful protocol to break dormancy of Oryza glaberrima seeds incorporated,Innovation development,Quality Assessed,,,,,,,,,,,Successful protocol to break dormancy of Oryza glaberrima seeds incorporated
12845,2228.0,2024.0,Global agronomy database v. alpha to enable search of standardized,Innovation development,Quality Assessed,,,,,,,,,,,Global agronomy database v. alpha to enable search of standardized
12846,2229.0,2024.0,Faster growing genetically improved farmed tilapia (GIFT) generation 11 produced,Innovation development,Quality Assessed,,,,,,,,,,,Faster growing genetically improved farmed tilapia (GIFT) generation 11 produced
12849,2252.0,2024.0,"e-Agrology Central America (Guatemala, Honduras): Digital monitoring system for sustainable",Innovation development,Quality Assessed,,,,,,,,,,,"e-Agrology Central America (Guatemala, Honduras): Digital monitoring system for sustainable"
12851,2325.0,2024.0,Experimental tools for analyzing market intelligence demand and impacts on,Innovation development,Quality Assessed,,,,,,,,,,,Experimental tools for analyzing market intelligence demand and impacts on
12853,2336.0,2024.0,A digital survey approach for characterizing aquaculture systems and benchmarking,Innovation use,Quality Assessed,,,,,,,,,,,A digital survey approach for characterizing aquaculture systems and benchmarking
12854,2416.0,2024.0,Contribution of pollinators analysis method(s) to understand change over time,Innovation development,Quality Assessed,,,,,,,,,,,Contribution of pollinators analysis method(s) to understand change over time
12855,2425.0,2024.0,"Mechanized direct-seeding for sustainable, economically-viable and climate resilient rice production",Innovation development,Quality Assessed,,,,,,,,,,,"Mechanized direct-seeding for sustainable, economically-viable and climate resilient rice production"
12856,2470.0,2024.0, Innovative strategies to scale up fish powder for the,Innovation development,Quality Assessed,,,,,,,,,,, Innovative strategies to scale up fish powder for the
12857,2482.0,2024.0,Inclusive Business Models ensuring access and adoption to climate smart,Innovation use,Quality Assessed,,,,,,,,,,,Inclusive Business Models ensuring access and adoption to climate smart
12858,2486.0,2024.0,Protocol for the assessment of seed degeneration in late stage,Innovation development,Quality Assessed,,,,,,,,,,,Protocol for the assessment of seed degeneration in late stage
12859,2528.0,2024.0,Contextualized better management practices (BMPs) for Genetically Improved Farmed Tilapia,Innovation development,Quality Assessed,,,,,,,,,,,Contextualized better management practices (BMPs) for Genetically Improved Farmed Tilapia
12860,2530.0,2024.0,Developing Genotype x Environment x Management (GxExM) innovation packages to,Innovation development,Quality Assessed,,,,,,,,,,,Developing Genotype x Environment x Management (GxExM) innovation packages to
12861,2532.0,2024.0,"Guidelines for best management practices (BMPs) in Nile tilapia culture,",Innovation development,Quality Assessed,,,,,,,,,,,"Guidelines for best management practices (BMPs) in Nile tilapia culture,"
12862,2549.0,2024.0,Global and National Agri-Food Market and Policy Analysis Models to,Innovation development,Quality Assessed,,,,,,,,,,,Global and National Agri-Food Market and Policy Analysis Models to
12865,2596.0,2024.0,Demand-side innovations to accelerate varietal turnover (such as seed trial,Innovation development,Quality Assessed,,,,,,,,,,,Demand-side innovations to accelerate varietal turnover (such as seed trial
12867,2637.0,2024.0,Farmers diversify rice variety production and enter markets with premium,Innovation development,Quality Assessed,,,,,,,,,,,Farmers diversify rice variety production and enter markets with premium
12868,2641.0,2024.0,"194 Agriculture Based Light Engineering entities with staff training, technical",Innovation development,Quality Assessed,,,,,,,,,,,"194 Agriculture Based Light Engineering entities with staff training, technical"
12869,2643.0,2024.0,"Agriculturally Based Light Engineering producing farm machinery, spare parts, and",Innovation development,Quality Assessed,,,,,,,,,,,"Agriculturally Based Light Engineering producing farm machinery, spare parts, and"
12870,2645.0,2024.0,Business linkages and scaling activities facilitated between Agriculture Based Light,Innovation development,Quality Assessed,,,,,,,,,,,Business linkages and scaling activities facilitated between Agriculture Based Light
12871,2646.0,2024.0,Smallholder farmer access to new farm mechanization services at scale,Innovation development,Quality Assessed,,,,,,,,,,,Smallholder farmer access to new farm mechanization services at scale
12872,2647.0,2024.0,Strategic financial services and business development for  Agriculture Based,Innovation development,Quality Assessed,,,,,,,,,,,Strategic financial services and business development for  Agriculture Based
12873,2648.0,2024.0,Facilitating business growth and financial access with major banks in,Innovation development,Quality Assessed,,,,,,,,,,,Facilitating business growth and financial access with major banks in
12874,2649.0,2024.0,Cereal Systems Initiative in South Asia – Mechanization Extension Activity,Innovation development,Quality Assessed,,,,,,,,,,,Cereal Systems Initiative in South Asia – Mechanization Extension Activity
12875,2692.0,2024.0,Inoculative releases of the predatory mite Phytoseiulus longipes against the,Innovation development,Quality Assessed,,,,,,,,,,,Inoculative releases of the predatory mite Phytoseiulus longipes against the
12876,2694.0,2024.0,Dynamic evolutionary populations of productivity of mixtures of different of,Innovation development,Quality Assessed,,,,,,,,,,,Dynamic evolutionary populations of productivity of mixtures of different of
12877,2696.0,2024.0,Seed policies and laws in Nature-Positive Solutions' countries: understanding legal,Innovation development,Quality Assessed,,,,,,,,,,,Seed policies and laws in Nature-Positive Solutions' countries: understanding legal
12879,2714.0,2024.0,Farmer participatory validation and adaptation trials for selected biopesticides against,Innovation development,Quality Assessed,,,,,,,,,,,Farmer participatory validation and adaptation trials for selected biopesticides against
12880,2765.0,2024.0,AgriFoodTech and ClimateTech innovation challenges to scout and accelerate science-based,Innovation development,Quality Assessed,,,,,,,,,,,AgriFoodTech and ClimateTech innovation challenges to scout and accelerate science-based
12881,2768.0,2024.0,Integrated management options against parasitic weeds and gall disease on,Innovation development,Quality Assessed,,,,,,,,,,,Integrated management options against parasitic weeds and gall disease on
12882,2770.0,2024.0,Tools for estimating Demand and Supply of Vegetatively Propagated Crops,Innovation development,Quality Assessed,,,,,,,,,,,Tools for estimating Demand and Supply of Vegetatively Propagated Crops
12884,2793.0,2024.0,Conservation methods developed for rare wild bean species,Innovation development,Quality Assessed,,,,,,,,,,,Conservation methods developed for rare wild bean species
12887,2855.0,2024.0,Multiplication of mucuna seed to support initial on-farm validation and,Innovation development,Quality Assessed,,,,,,,,,,,Multiplication of mucuna seed to support initial on-farm validation and
12888,2876.0,2024.0,Vegetatively Propagated Crop decision support tools for clean seed replacement,Innovation development,Quality Assessed,,,,,,,,,,,Vegetatively Propagated Crop decision support tools for clean seed replacement
12889,2887.0,2024.0,Vegetatively Propagated Crop decision support tools for seed distribution programs,Innovation development,Quality Assessed,,,,,,,,,,,Vegetatively Propagated Crop decision support tools for seed distribution programs
12890,2896.0,2024.0,On-farm validation of velvet bean (Mucuna pruriens) as a cover,Innovation development,Quality Assessed,,,,,,,,,,,On-farm validation of velvet bean (Mucuna pruriens) as a cover
12891,2897.0,2024.0,Vitamin A rich banana adoption in Cibitoke and Gitega provinces,Innovation development,Quality Assessed,,,,,,,,,,,Vitamin A rich banana adoption in Cibitoke and Gitega provinces
12892,2917.0,2024.0,Customizing Digital AgroClimate Advisory Mobile Application in Ghana to support,Innovation development,Quality Assessed,,,,,,,,,,,Customizing Digital AgroClimate Advisory Mobile Application in Ghana to support
12893,2923.0,2024.0,A seed potato production planning and business decision tool: streamlining,Innovation development,Quality Assessed,,,,,,,,,,,A seed potato production planning and business decision tool: streamlining
12894,2927.0,2024.0,Amending the CG Climate Information Services for Rwanda using a,Innovation development,Quality Assessed,,,,,,,,,,,Amending the CG Climate Information Services for Rwanda using a
12895,2933.0,2024.0,"Prevalent races of wheat rust pathogens in Lebanon, Morocco, and",Innovation development,Quality Assessed,,,,,,,,,,,"Prevalent races of wheat rust pathogens in Lebanon, Morocco, and"
12898,2953.0,2024.0,Green Pass Protocol to facilitate the exchange of phytosanitary clean,Innovation development,Quality Assessed,,,,,,,,,,,Green Pass Protocol to facilitate the exchange of phytosanitary clean
12905,2965.0,2024.0,Cowpea living much for improving smallholder maize cropping systems in,Innovation development,Quality Assessed,,,,,,,,,,,Cowpea living much for improving smallholder maize cropping systems in
12907,2968.0,2024.0,"Surveillance and monitoring the cereal rust diseases in Lebanon, Morocco,",Innovation development,Quality Assessed,,,,,,,,,,,"Surveillance and monitoring the cereal rust diseases in Lebanon, Morocco,"
12917,3041.0,2024.0,Verbal Protocol Analysis and Photovoice for studying local food environment,Innovation development,Quality Assessed,,,,,,,,,,,Verbal Protocol Analysis and Photovoice for studying local food environment
12918,3042.0,2024.0,Characterizing rural food environments to identify factors influencing access to,Innovation development,Quality Assessed,,,,,,,,,,,Characterizing rural food environments to identify factors influencing access to
12919,3055.0,2024.0,Enhancing Early Generation Root Tubers and Banana Seed Production Planning,Innovation development,Quality Assessed,,,,,,,,,,,Enhancing Early Generation Root Tubers and Banana Seed Production Planning
12921,3082.0,2024.0,Validation and feasibility of AI-assisted dietary assessment mobile app (FRANI),Innovation development,Quality Assessed,,,,,,,,,,,Validation and feasibility of AI-assisted dietary assessment mobile app (FRANI)
12922,3100.0,2024.0,"E-learning course that introduces basic innovation and scaling concepts, and",Innovation development,Quality Assessed,,,,,,,,,,,"E-learning course that introduces basic innovation and scaling concepts, and"
12925,3155.0,2024.0,Suitability tool for scaling aquaculture in small reservoirs using geospatial,Innovation development,Quality Assessed,,,,,,,,,,,Suitability tool for scaling aquaculture in small reservoirs using geospatial
12927,3177.0,2024.0,"Diverse and healthy cropping systems on-station trial protocol at ICAR-CSSRI,",Innovation development,Quality Assessed,,,,,,,,,,,"Diverse and healthy cropping systems on-station trial protocol at ICAR-CSSRI,"
12928,3178.0,2024.0,Pencil stem technology for rapid propagation of cassava seed for,Innovation development,Quality Assessed,,,,,,,,,,,Pencil stem technology for rapid propagation of cassava seed for
12929,3183.0,2024.0,"Innovation Portfolio Management to intentionally manage science, innovation and scaling",Innovation development,Quality Assessed,,,,,,,,,,,"Innovation Portfolio Management to intentionally manage science, innovation and scaling"
12932,3202.0,2024.0,Mapping recommendation domains for agricultural technologies,Innovation development,Quality Assessed,,,,,,,,,,,Mapping recommendation domains for agricultural technologies
12933,3207.0,2024.0,FISHTRAC: Real-time monitoring of water quality dynamics using fish-attached sensors,Innovation development,Quality Assessed,,,,,,,,,,,FISHTRAC: Real-time monitoring of water quality dynamics using fish-attached sensors
12934,3231.0,2024.0,Diversification options in rice-based systems in Cote d'Ivoire,Innovation development,Quality Assessed,,,,,,,,,,,Diversification options in rice-based systems in Cote d'Ivoire
12935,3236.0,2024.0,Towards the establishment of Agroecological Living Landscapes (ALLs) in eight,Innovation development,Quality Assessed,,,,,,,,,,,Towards the establishment of Agroecological Living Landscapes (ALLs) in eight
12939,3246.0,2024.0,Scoring of market smart varieties: A methodology to determine how,Innovation development,Quality Assessed,,,,,,,,,,,Scoring of market smart varieties: A methodology to determine how
12940,3248.0,2024.0,Apical Rooted Cuttings - cost-effective method for potato seed production,Innovation development,Quality Assessed,,,,,,,,,,,Apical Rooted Cuttings - cost-effective method for potato seed production
12943,3302.0,2024.0,Development of a non-invasive seed health testing protocols: standardization of,Innovation development,Quality Assessed,,,,,,,,,,,Development of a non-invasive seed health testing protocols: standardization of
12947,3336.0,2024.0,Decision Support System (DSS) for policy makers to assess and,Innovation development,Quality Assessed,,,,,,,,,,,Decision Support System (DSS) for policy makers to assess and
12949,3352.0,2024.0,Effective biopesticides for the management of aphids and pod borers,Innovation development,Quality Assessed,,,,,,,,,,,Effective biopesticides for the management of aphids and pod borers
12950,3359.0,2024.0,System dynamics model developed to improve coordination between climate action,Innovation development,Quality Assessed,,,,,,,,,,,System dynamics model developed to improve coordination between climate action
12953,3397.0,2024.0,Framework developed to prioritize innovations and technologies with potential to,Innovation development,Quality Assessed,,,,,,,,,,,Framework developed to prioritize innovations and technologies with potential to
12954,3409.0,2024.0,Bread wheat elite lines and new varieties targeted to Egypt,Innovation development,Quality Assessed,,,,,,,,,,,Bread wheat elite lines and new varieties targeted to Egypt
12955,3415.0,2024.0,"Business models for farmers to recover and reuse animal dung,",Innovation development,Quality Assessed,,,,,,,,,,,"Business models for farmers to recover and reuse animal dung,"
12956,3416.0,2024.0,AgIncentives policy indicators of Agri-Food Market and Policy Analysis Models,Innovation development,Quality Assessed,,,,,,,,,,,AgIncentives policy indicators of Agri-Food Market and Policy Analysis Models
12957,3417.0,2024.0,Incentives for adopting best practices in food safety to improve,Innovation development,Quality Assessed,,,,,,,,,,,Incentives for adopting best practices in food safety to improve
12958,3418.0,2024.0,Voluntary food safety grading of vendors in traditional markets,Innovation development,Quality Assessed,True,Yes,Voluntary food safety grading of vendors in traditional markets,Sustainable Food Systems Innovation,Sustainable Animal and Aquatic Foods ,,,,,,Voluntary food safety grading of vendors in traditional markets
12959,3419.0,2024.0,MiniSASS v2: An Artificial Intelligence (AI)-based water quality monitoring system,Innovation development,Quality Assessed,,,,,,,,,,,MiniSASS v2: An Artificial Intelligence (AI)-based water quality monitoring system
12960,3426.0,2024.0,Evidence on the cost-effectiveness and benefits distribution of investments in,Innovation development,Quality Assessed,,,,,,,,,,,Evidence on the cost-effectiveness and benefits distribution of investments in
12961,3440.0,2024.0,Barley elite lines and new varieties targeted to Egypt and,Innovation development,Quality Assessed,,,,,,,,,,,Barley elite lines and new varieties targeted to Egypt and
12962,3442.0,2024.0,Faba bean elite lines and new varieties targeted to Egypt,Innovation development,Quality Assessed,,,,,,,,,,,Faba bean elite lines and new varieties targeted to Egypt
12963,3444.0,2024.0,Chickpea elite lines and new varieties targeted to Egypt and,Innovation development,Quality Assessed,,,,,,,,,,,Chickpea elite lines and new varieties targeted to Egypt and
12964,3446.0,2024.0,Chickpea elite lines and new varieties targeted to Uzbekistan and,Innovation development,Quality Assessed,,,,,,,,,,,Chickpea elite lines and new varieties targeted to Uzbekistan and
12965,3447.0,2024.0,Barley elite lines and new varieties targeted to Uzbekistan and,Innovation development,Quality Assessed,,,,,,,,,,,Barley elite lines and new varieties targeted to Uzbekistan and
12966,3448.0,2024.0,Potato elite lines and new varieties targeted to Uzbekistan and,Innovation development,Quality Assessed,,,,,,,,,,,Potato elite lines and new varieties targeted to Uzbekistan and
12967,3449.0,2024.0,Sweetpotato elite lines and new varieties targeted to Uzbekistan and,Innovation development,Quality Assessed,,,,,,,,,,,Sweetpotato elite lines and new varieties targeted to Uzbekistan and
12968,3450.0,2024.0,Bread winter wheat elite lines and new varieties targeted to,Innovation development,Quality Assessed,,,,,,,,,,,Bread winter wheat elite lines and new varieties targeted to
12969,3451.0,2024.0,Improving food safety through informed demand: System to catalyze consumer,Innovation development,Quality Assessed,,,,,,,,,,,Improving food safety through informed demand: System to catalyze consumer
12975,3459.0,2024.0,Barley elite lines and new varieties targeted to Lebanon and,Innovation development,Quality Assessed,,,,,,,,,,,Barley elite lines and new varieties targeted to Lebanon and
12976,3460.0,2024.0,Durum wheat elite lines and new varieties targeted to Lebanon,Innovation development,Quality Assessed,,,,,,,,,,,Durum wheat elite lines and new varieties targeted to Lebanon
12977,3461.0,2024.0,Bread wheat elite lines and new varieties targeted to Lebanon,Innovation development,Quality Assessed,,,,,,,,,,,Bread wheat elite lines and new varieties targeted to Lebanon
12978,3462.0,2024.0,Lentil elite lines and new varieties targeted to Lebanon and,Innovation development,Quality Assessed,,,,,,,,,,,Lentil elite lines and new varieties targeted to Lebanon and
12979,3463.0,2024.0,Faba bean elite lines and new varieties targeted to Lebanon,Innovation development,Quality Assessed,,,,,,,,,,,Faba bean elite lines and new varieties targeted to Lebanon
12980,3464.0,2024.0,Chickpea elite lines and new varieties targeted to Lebanon and,Innovation development,Quality Assessed,,,,,,,,,,,Chickpea elite lines and new varieties targeted to Lebanon and
12981,3465.0,2024.0,Chickpea elite lines and new varieties targeted to Morocco and,Innovation development,Quality Assessed,,,,,,,,,,,Chickpea elite lines and new varieties targeted to Morocco and
12982,3466.0,2024.0,Barley elite lines and new varieties targeted to Morocco and,Innovation development,Quality Assessed,,,,,,,,,,,Barley elite lines and new varieties targeted to Morocco and
12983,3468.0,2024.0,Bread wheat elite lines and new varieties targeted to Morocco,Innovation development,Quality Assessed,,,,,,,,,,,Bread wheat elite lines and new varieties targeted to Morocco
12984,3469.0,2024.0,Durum wheat elite lines and new varieties targeted to Morocco,Innovation development,Quality Assessed,,,,,,,,,,,Durum wheat elite lines and new varieties targeted to Morocco
12985,3470.0,2024.0,Faba bean elite lines and new varieties targeted to Morocco,Innovation development,Quality Assessed,,,,,,,,,,,Faba bean elite lines and new varieties targeted to Morocco
12986,3471.0,2024.0,Lentil elite lines and new varieties targeted to Morocco and,Innovation development,Quality Assessed,,,,,,,,,,,Lentil elite lines and new varieties targeted to Morocco and
12987,3483.0,2024.0,Production hubs established to promote safe and sustainable production of,Innovation development,Quality Assessed,,,,,,,,,,,Production hubs established to promote safe and sustainable production of
12988,3485.0,2024.0,Improved Agricultural Practices for Smallholder Vegetable Farmers in Benin,Innovation development,Quality Assessed,,,,,,,,,,,Improved Agricultural Practices for Smallholder Vegetable Farmers in Benin
12989,3487.0,2024.0,Introduction of legume vegetables in cereals production areas to improve,Innovation development,Quality Assessed,,,,,,,,,,,Introduction of legume vegetables in cereals production areas to improve
12992,3512.0,2024.0,Faster growing genetically improved farmed tilapia (GIFT) generation 18 produced,Innovation use,Quality Assessed,,,,,,,,,,,Faster growing genetically improved farmed tilapia (GIFT) generation 18 produced
12994,3521.0,2024.0,"Agronomic research platform trial comparing diversified cropping patterns in Dinajpur,",Innovation development,Quality Assessed,,,,,,,,,,,"Agronomic research platform trial comparing diversified cropping patterns in Dinajpur,"
12995,3522.0,2024.0,PROBFLO v2: A user-friendly environmental flow assessment tool for evaluating,Innovation development,Quality Assessed,,,,,,,,,,,PROBFLO v2: A user-friendly environmental flow assessment tool for evaluating
12996,3531.0,2024.0, On-farm testing (OFT) validation protocols for Rice  across,Innovation development,Quality Assessed,,,,,,,,,,, On-farm testing (OFT) validation protocols for Rice  across
12997,3544.0,2024.0,"Accelerating Rice varietal turnover through fast-paced  production, supply and",Innovation development,Quality Assessed,,,,,,,,,,,"Accelerating Rice varietal turnover through fast-paced  production, supply and"
12998,3545.0,2024.0,Using business analytical approaches to conceptualize the entire CGIAR portfolio,Innovation development,Quality Assessed,,,,,,,,,,,Using business analytical approaches to conceptualize the entire CGIAR portfolio
12999,3548.0,2024.0,"Enterprise Breeding System, a data management system for breeding data,",Innovation development,Quality Assessed,True,Yes,"Enterprise Breeding System, a breeding data management system for digital breeding operations",Modernizing Breeding Partnerships and Practices,Breeding for Tomorrow,1.2M,1.8M,1M,2M,1.5M,"Enterprise Breeding System, a data management system for breeding data,"
13000,3573.0,2024.0,"New generation of fish friendly irrigation innovations (sluice gates, irrigation",Innovation development,Quality Assessed,,,,,,,,,,,"New generation of fish friendly irrigation innovations (sluice gates, irrigation"
13001,3607.0,2024.0,A data migration strategy for future Enterprise Breeding System users,Innovation development,Quality Assessed,,,,,,,,,,,A data migration strategy for future Enterprise Breeding System users
13003,3649.0,2024.0,ECOSat: A satellite remote sensing-based carbon offset estimation system to,Innovation development,Quality Assessed,,,,,,,,,,,ECOSat: A satellite remote sensing-based carbon offset estimation system to
13004,3652.0,2024.0,Publicly available multi-crop reference genomes database,Innovation development,Quality Assessed,,,,,,,,,,,Publicly available multi-crop reference genomes database
13006,3712.0,2024.0,End-to-End Approach for Increasing fruit and vegetable consumption to improve,Innovation development,Quality Assessed,,,,,,,,,,,End-to-End Approach for Increasing fruit and vegetable consumption to improve
13008,3798.0,2024.0,The Rice Observatory: An information system that provides indicators related,Innovation development,Quality Assessed,,,,,,,,,,,The Rice Observatory: An information system that provides indicators related
1301,1283.0,2022.0,Best-fit crop residue utilization and marketing models,Innovation development,Quality Assessed,,,,,,,,,,,Best-fit crop residue utilization and marketing models
13010,3836.0,2024.0,Cassava Lighthouse: Monitoring Open Access data for the Cassava Sector,Innovation development,Quality Assessed,,,,,,,,,,,Cassava Lighthouse: Monitoring Open Access data for the Cassava Sector
13011,3841.0,2024.0,"Efficacy of soft chemistry pesticides, botanical oils and entomopathogens evaluated",Innovation development,Quality Assessed,,,,,,,,,,,"Efficacy of soft chemistry pesticides, botanical oils and entomopathogens evaluated"
13012,3847.0,2024.0,Common Bean Observatory: an open access platform for common bean,Innovation development,Quality Assessed,,,,,,,,,,,Common Bean Observatory: an open access platform for common bean
13013,3851.0,2024.0,Climate Security Dialogues Dashboard for researchers and climate action intervention,Innovation development,Quality Assessed,,,,,,,,,,,Climate Security Dialogues Dashboard for researchers and climate action intervention
13015,3855.0,2024.0,integrated Future Estimator for Emissions and Diets (iFEED) inclusive assessment,Innovation development,Quality Assessed,,,,,,,,,,,integrated Future Estimator for Emissions and Diets (iFEED) inclusive assessment
13016,3856.0,2024.0,Musa Observatory: an open access platform for banana and plantain,Innovation development,Quality Assessed,,,,,,,,,,,Musa Observatory: an open access platform for banana and plantain
13017,3867.0,2024.0,Fall Armyworm Innovation Platform for validating Integrated Pest Management packages,Innovation development,Quality Assessed,,,,,,,,,,,Fall Armyworm Innovation Platform for validating Integrated Pest Management packages
13020,3949.0,2024.0,Biodiversification as a climate-resilient and water-efficient strategy for orchard farmers,Innovation development,Quality Assessed,,,,,,,,,,,Biodiversification as a climate-resilient and water-efficient strategy for orchard farmers
13022,3967.0,2024.0,"Objective-Based High-Accuracy Farmer Segmentation Dashboard for Climate Action Project, Program",Innovation development,Quality Assessed,,,,,,,,,,,"Objective-Based High-Accuracy Farmer Segmentation Dashboard for Climate Action Project, Program"
13023,3977.0,2024.0,Digital Identities: Enabling farming data traceability using open data sharing,Innovation development,Quality Assessed,,,,,,,,,,,Digital Identities: Enabling farming data traceability using open data sharing
13024,3982.0,2024.0,"Risk-contingent credit product, aimed at increasing farmers access to production",Innovation development,Quality Assessed,True,Yes,Scaling Risk Contingent Credit to  enhance farm investment,Sustainable Livestock Climate Adaptation,Climate Action,,,,,,"Risk-contingent credit product, aimed at increasing farmers access to production"
13026,4003.0,2024.0,Development of an operating model for a new global unit,Innovation development,Quality Assessed,,,,,,,,,,,Development of an operating model for a new global unit
13027,4032.0,2024.0,Meghdoot v2: An enhanced agrometeorological advisory app for Indian farmers,Innovation development,Quality Assessed,,,,,,,,,,,Meghdoot v2: An enhanced agrometeorological advisory app for Indian farmers
13028,4056.0,2024.0,"Climate Security Observatory (CSO) for providing science-based, site-specific and actionable",Innovation development,Quality Assessed,True,Yes,Climate Security Observatory,Climate Finance for Resilient Communities,Food Frontiers and Security,50000,250000,,250000,250000,"Climate Security Observatory (CSO) for providing science-based, site-specific and actionable"
13029,4068.0,2024.0,Participatory Green Climate Fund Intervention Design to support African policymakers,Innovation development,Quality Assessed,,,,,,,,,,,Participatory Green Climate Fund Intervention Design to support African policymakers
13030,4070.0,2024.0,Climate Security Index for policy makers and international governmental organizations,Innovation development,Quality Assessed,,,,,,,,,,,Climate Security Index for policy makers and international governmental organizations
13038,4101.0,2024.0,Early Warning to Early Action and Early Finance (AWARE) Platform,Innovation development,Quality Assessed,,,,,,,,,,,Early Warning to Early Action and Early Finance (AWARE) Platform
13039,4103.0,2024.0,Climate Smart Governance Dashboard for environmental policy makers to design,Innovation development,Quality Assessed,,,,,,,,,,,Climate Smart Governance Dashboard for environmental policy makers to design
13040,4104.0,2024.0,Zambia Drought Management System for environmental and agricultural policy makers,Innovation development,Quality Assessed,,,,,,,,,,,Zambia Drought Management System for environmental and agricultural policy makers
13041,4107.0,2024.0,An ODK-based tool for real-time surveillance and reporting of banana,Innovation development,Quality Assessed,,,,,,,,,,,An ODK-based tool for real-time surveillance and reporting of banana
13042,4136.0,2024.0,Real-time artificial intelligence driven diagnostic app that can be used,Innovation development,Quality Assessed,,,,,,,,,,,Real-time artificial intelligence driven diagnostic app that can be used
13043,4139.0,2024.0,Uber H3 level 6 hexagons Database for characterization of sub,Innovation development,Quality Assessed,,,,,,,,,,,Uber H3 level 6 hexagons Database for characterization of sub
13045,4183.0,2024.0,Standard Operating Procedures for field area measurement in field trials,Innovation development,Quality Assessed,,,,,,,,,,,Standard Operating Procedures for field area measurement in field trials
13046,4184.0,2024.0,Measurement of wheat grain yield and aboveground biomass at maturity,Innovation development,Quality Assessed,,,,,,,,,,,Measurement of wheat grain yield and aboveground biomass at maturity
13047,4185.0,2024.0,Rikuy-Agrobio: a toolbox for in-situ agrobiodiversity monitoring,Innovation development,Quality Assessed,,,,,,,,,,,Rikuy-Agrobio: a toolbox for in-situ agrobiodiversity monitoring
13048,4186.0,2024.0,Measurement of sorghum grain yield and aboveground biomass by crop,Innovation development,Quality Assessed,,,,,,,,,,,Measurement of sorghum grain yield and aboveground biomass by crop
13049,4187.0,2024.0, Measurement of rice grain yield and aboveground biomass at,Innovation development,Quality Assessed,,,,,,,,,,, Measurement of rice grain yield and aboveground biomass at
13050,4188.0,2024.0,Guidelines for measuring agronomic gain key performance indicators in on-farm,Innovation development,Quality Assessed,,,,,,,,,,,Guidelines for measuring agronomic gain key performance indicators in on-farm
13051,4195.0,2024.0,Measurement of maize grain yield and aboveground biomass by crop,Innovation development,Quality Assessed,,,,,,,,,,,Measurement of maize grain yield and aboveground biomass by crop
13053,4198.0,2024.0,Measurement of barley grain yield and aboveground biomass by crop,Innovation development,Quality Assessed,,,,,,,,,,,Measurement of barley grain yield and aboveground biomass by crop
13054,4199.0,2024.0,Measurement of teff grain yield and aboveground biomass by crop,Innovation development,Quality Assessed,,,,,,,,,,,Measurement of teff grain yield and aboveground biomass by crop
13055,4201.0,2024.0,Determination of cassava root yield and aboveground biomass by crop,Innovation development,Quality Assessed,,,,,,,,,,,Determination of cassava root yield and aboveground biomass by crop
13058,4215.0,2024.0,Standard Operating Procedure for farmer segmentation generates insights into farm,Innovation development,Quality Assessed,,,,,,,,,,,Standard Operating Procedure for farmer segmentation generates insights into farm
13060,4221.0,2024.0,Farmer Interface Application (FIA) validated and operational for Fall Armyworm,Innovation development,Quality Assessed,,,,,,,,,,,Farmer Interface Application (FIA) validated and operational for Fall Armyworm
13062,4242.0,2024.0,Standard Operating Procedures and users guide for developing gender and,Innovation development,Quality Assessed,,,,,,,,,,,Standard Operating Procedures and users guide for developing gender and
13063,4267.0,2024.0,Artifical intelligence-based image recognition for accurate varietal identification to increase,Innovation development,Quality Assessed,,,,,,,,,,,Artifical intelligence-based image recognition for accurate varietal identification to increase
13064,4273.0,2024.0,Validation trials for a hand-held decision support system for late,Innovation development,Quality Assessed,,,,,,,,,,,Validation trials for a hand-held decision support system for late
13065,4372.0,2024.0,"Financial and insurance product, enabling particularly women smallholder farmers to",Innovation development,Quality Assessed,,,,,,,,,,,"Financial and insurance product, enabling particularly women smallholder farmers to"
13067,4580.0,2024.0,Outsourcing Innovation and Scaling Capacity Development in the Agricultural Research,Innovation development,Quality Assessed,,,,,,,,,,,Outsourcing Innovation and Scaling Capacity Development in the Agricultural Research
13069,4599.0,2024.0,Gender and Plant Health Global Research Network - an interdisciplinary,Innovation development,Quality Assessed,,,,,,,,,,,Gender and Plant Health Global Research Network - an interdisciplinary
13070,4621.0,2024.0,Social behaviour change communication (SBCC) campaign on best practices in,Innovation development,Quality Assessed,,,,,,,,,,,Social behaviour change communication (SBCC) campaign on best practices in
13071,4622.0,2024.0,Pig weigh band for use by pig farmers and aggregators,Innovation development,Quality Assessed,,,,,,,,,,,Pig weigh band for use by pig farmers and aggregators
13072,4623.0,2024.0,App for use by smallholder pig keepers in Uganda to,Innovation development,Quality Assessed,,,,,,,,,,,App for use by smallholder pig keepers in Uganda to
13073,4625.0,2024.0,"Processed (shredded) rice straw for improved dairy buffalo milk productivity,",Innovation development,Quality Assessed,True,Yes,Biofermentation technology for converting crop residues into high quality feed,Outliers/Independent,Sustainable Animal and Aquatic Foods ,3853200,$-, $-,2000000,1500000,"Processed (shredded) rice straw for improved dairy buffalo milk productivity,"
13074,4626.0,2024.0,"Improved Brachiaria and Guinea grass cultivars, suited to multiple locations",Innovation development,Quality Assessed,,,,,,,,,,,"Improved Brachiaria and Guinea grass cultivars, suited to multiple locations"
13075,4628.0,2024.0,"Buffalo fertility management package (including ear sensor, vaginal cytology, one-shot",Innovation development,Quality Assessed,,,,,,,,,,,"Buffalo fertility management package (including ear sensor, vaginal cytology, one-shot"
13076,4629.0,2024.0,A guide to developing quantitative tools for measuring gender norms,Innovation development,Quality Assessed,,,,,,,,,,,A guide to developing quantitative tools for measuring gender norms
13077,4631.0,2024.0,Forage seed business models through policy influence and forage registration,Innovation development,Quality Assessed,,,,,,,,,,,Forage seed business models through policy influence and forage registration
13078,864.0,2024.0,Foresight Monitoring Tool for Adaptive Management and Learning along the,Innovation development,Quality Assessed,,,,,,,,,,,Foresight Monitoring Tool for Adaptive Management and Learning along the
13081,4635.0,2024.0,An integrated gender-sensitive Social Behavior Change Communication (SBCC) package to,Innovation development,Quality Assessed,,,,,,,,,,,An integrated gender-sensitive Social Behavior Change Communication (SBCC) package to
13082,4636.0,2024.0,Livestock Champions for delivery of gender-sensitive Social Behavior Change Communication,Innovation development,Quality Assessed,True,Yes,An integrated gender-sensitive Social Behavior Change Communication (SBCC) package to improve knowledge of smallholder farmers on herd management best practices (Michel),Outliers/Independent,Sustainable Animal and Aquatic Foods , ,  25k, ,300k,300k,Livestock Champions for delivery of gender-sensitive Social Behavior Change Communication
13083,4637.0,2024.0,Multi-stakeholders Innovation platform to support the scaling of small ruminant,Innovation development,Quality Assessed,,,,,,,,,,,Multi-stakeholders Innovation platform to support the scaling of small ruminant
13084,4638.0,2024.0,High-quality Peste des Petits Ruminants (PPR) thermotolerant vaccine to reduce,Innovation development,Quality Assessed,,,,,,,,,,,High-quality Peste des Petits Ruminants (PPR) thermotolerant vaccine to reduce
13085,4642.0,2024.0,Capacity building of animal healthcare workers on pig herd health,Innovation development,Quality Assessed,,,,,,,,,,,Capacity building of animal healthcare workers on pig herd health
13086,4643.0,2024.0,Model farms approach to demonstrate benefits of an integrated herd,Innovation development,Quality Assessed,,,,,,,,,,,Model farms approach to demonstrate benefits of an integrated herd
13087,4644.0,2024.0,PigSmart digital extension platform for enhancing farmers knowledge in climate,Innovation development,Quality Assessed,,,,,,,,,,,PigSmart digital extension platform for enhancing farmers knowledge in climate
13088,4645.0,2024.0,Community-based young village livestock promoters to act as knowledge brokers,Innovation development,Quality Assessed,True,Yes,"Innovation Package and Scaling Readiness assessment for community-based young village livestock promoters to act as knowledge brokers and business agents for integrated delivery of technology, inputs and services to dairy buffalo producers in Nepal",Outliers/Independent,Sustainable Animal and Aquatic Foods , $-,130000, $-,150000,100000,Community-based young village livestock promoters to act as knowledge brokers
13089,4646.0,2024.0,"Feeding strategies based on locally available feeds, preferred improved forages",Innovation development,Quality Assessed,,,,,,,,,,,"Feeding strategies based on locally available feeds, preferred improved forages"
13090,4656.0,2024.0,"Farmer-friendly application (app.) for improved household nutrition, including consumption of",Innovation development,Quality Assessed,,,,,,,,,,,"Farmer-friendly application (app.) for improved household nutrition, including consumption of"
13091,4657.0,2024.0,Tropical Poultry Platform (TROP) to catalyze a fair share of,Innovation development,Quality Assessed,,,,,,,,,,,Tropical Poultry Platform (TROP) to catalyze a fair share of
13092,4658.0,2024.0,School-based model poultry farms for school-feeding programs to increase consumption,Innovation development,Quality Assessed,,,,,,,,,,,School-based model poultry farms for school-feeding programs to increase consumption
13093,4659.0,2024.0,Tropically adapted and productive chicken breeds (for different flock sizes),Innovation development,Quality Assessed,,,,,,,,,,,Tropically adapted and productive chicken breeds (for different flock sizes)
13094,4688.0,2024.0,Integrated business model for crop diversification and bio-fortified rice for,Innovation development,Quality Assessed,,,,,,,,,,,Integrated business model for crop diversification and bio-fortified rice for
13095,4726.0,2024.0,"Training package on animal health, welfare and biosecurity for cattle",Innovation development,Quality Assessed,,,,,,,,,,,"Training package on animal health, welfare and biosecurity for cattle"
13096,4731.0,2024.0,Resilient and drought adapted forage cultivars and hybrids to improve,Innovation development,Quality Assessed,,,,,,,,,,,Resilient and drought adapted forage cultivars and hybrids to improve
13098,4764.0,2024.0,Host Community Vulnerability Assessment Framework,Innovation development,Quality Assessed,,,,,,,,,,,Host Community Vulnerability Assessment Framework
13100,4771.0,2024.0,"Strengthened agribusinesses through agri-preneur incubation package, including components on gender",Innovation development,Quality Assessed,,,,,,,,,,,"Strengthened agribusinesses through agri-preneur incubation package, including components on gender"
13101,4818.0,2024.0,Toolkit for enhancing women's empowerment in anticipatory action programming before,Innovation development,Quality Assessed,,,,,,,,,,,Toolkit for enhancing women's empowerment in anticipatory action programming before
13102,4819.0,2024.0,Internal Migration Propensity Index (i-MPI) tool to predict domestic migrants,Innovation development,Quality Assessed,,,,,,,,,,,Internal Migration Propensity Index (i-MPI) tool to predict domestic migrants
13103,4820.0,2024.0,The CGIAR Climate Security Observatory - Displacement module,Innovation development,Quality Assessed,,,,,,,,,,,The CGIAR Climate Security Observatory - Displacement module
13104,4821.0,2024.0,The Compound Risk and Crisis Assessment framework for instability and,Innovation development,Quality Assessed,,,,,,,,,,,The Compound Risk and Crisis Assessment framework for instability and
13105,4823.0,2024.0,"Climate, Peace and Migration Partnership (CPM-Partnership)",Innovation development,Quality Assessed,,,,,,,,,,,"Climate, Peace and Migration Partnership (CPM-Partnership)"
13106,4828.0,2024.0,Pig multistakeholder platforms (MSPs) for enhancing value chain actor and,Innovation development,Quality Assessed,,,,,,,,,,,Pig multistakeholder platforms (MSPs) for enhancing value chain actor and
13107,4829.0,2024.0,Stability-and-Peace Accelerator for Food-Land and Water Systems Actors in Fragile,Innovation development,Quality Assessed,,,,,,,,,,,Stability-and-Peace Accelerator for Food-Land and Water Systems Actors in Fragile
13109,4833.0,2024.0,Water security strengthening through disaster risk management in displacement-affected and,Innovation development,Quality Assessed,,,,,,,,,,,Water security strengthening through disaster risk management in displacement-affected and
13110,4834.0,2024.0,Monitoring migration and displacement narratives in digital platforms to support,Innovation development,Quality Assessed,,,,,,,,,,,Monitoring migration and displacement narratives in digital platforms to support
13111,4835.0,2024.0,The gender transformative qualitative field work methodology for fragile contexts,Innovation development,Quality Assessed,,,,,,,,,,,The gender transformative qualitative field work methodology for fragile contexts
13112,4854.0,2024.0,"Government, Research and Development partner collaboration framework for increased investments",Innovation development,Quality Assessed,,,,,,,,,,,"Government, Research and Development partner collaboration framework for increased investments"
13113,4868.0,2024.0,Rice Activity Monitoring and Reporing System (RiceMoRe) website to allow,Innovation development,Quality Assessed,True,Yes,Rice Activity Monitoring and Reporting System (RiceMoRe) website to allow multi-level data reporting and access to rice cropping maps for rice stakeholders in Vietnam,Sustainable Rice Production Innovations,Climate Action,,,,,,Rice Activity Monitoring and Reporing System (RiceMoRe) website to allow
13114,4870.0,2024.0,"Knowledge Platform to facilitate evidence-based decision-making of governments, businesses, farmers,",Innovation development,Quality Assessed,,,,,,,,,,,"Knowledge Platform to facilitate evidence-based decision-making of governments, businesses, farmers,"
13115,4872.0,2024.0,Interlinking extension and coffee markets through a novel and transparent,Innovation development,Quality Assessed,,,,,,,,,,,Interlinking extension and coffee markets through a novel and transparent
13116,4877.0,2024.0,Business incubation and mentorship for empowering pig agripreneurs and strenghthening,Innovation development,Quality Assessed,,,,,,,,,,,Business incubation and mentorship for empowering pig agripreneurs and strenghthening
13118,4898.0,2024.0,"Web Platform ""Targeting Tools"": user-friendly geographical information system tools for",Innovation development,Quality Assessed,True,Yes,"Web Platform ""Targeting Tools"": user-friendly geographical information system tools for identifying suitable land areas  and restoration approaches",Sustainable Rangeland Management Initiatives,Multifunctional Landscapes ,,500,,25000,25000,"Web Platform ""Targeting Tools"": user-friendly geographical information system tools for"
13119,4901.0,2024.0,Women’s Empowerment in Agrifood Governance (WEAGov) Assessment Framework on National,Innovation development,Quality Assessed,,,,,,,,,,,Women’s Empowerment in Agrifood Governance (WEAGov) Assessment Framework on National
13120,4902.0,2024.0,Clustering smallholder shrimp farming for traceability and sustainability certification in,Innovation development,Quality Assessed,,,,,,,,,,,Clustering smallholder shrimp farming for traceability and sustainability certification in
13124,4908.0,2024.0,Collective action for smallholder sesame farmers to lower transaction costs,Innovation development,Quality Assessed,,,,,,,,,,,Collective action for smallholder sesame farmers to lower transaction costs
13125,4931.0,2024.0,Application Programming Interface (API) enabling the Source-selective and Emission-adjusted Greenhouse,Innovation development,Quality Assessed,,,,,,,,,,,Application Programming Interface (API) enabling the Source-selective and Emission-adjusted Greenhouse
13127,4937.0,2024.0,Scaling up an information clearinghouse to accelerate agricultural technology adoption,Innovation development,Quality Assessed,,,,,,,,,,,Scaling up an information clearinghouse to accelerate agricultural technology adoption
13128,4942.0,2024.0,"African Asian Dairy Genetics Gain platform, supporting dairy-cattle recording for",Innovation development,Quality Assessed,True,Yes,"African Asian Dairy Genetics Gain platform, supporting dairy-cattle recording for enhanced on-farm decision-making, genetic improvement, policy advocacy (Julie)",Innovative Livestock Genetic Improvement,Sustainable Animal and Aquatic Foods ,500000,800000,,1000000,1000000,"African Asian Dairy Genetics Gain platform, supporting dairy-cattle recording for"
13129,4972.0,2024.0,"Urochloa hybrids, improved forage grasses (resistant to (a)biotic stress and",Innovation development,Quality Assessed,,,,,,,,,,,"Urochloa hybrids, improved forage grasses (resistant to (a)biotic stress and"
13130,4977.0,2024.0,Digital information systems with weather and marketing information to enhance,Innovation development,Quality Assessed,,,,,,,,,,,Digital information systems with weather and marketing information to enhance
13131,4978.0,2024.0,"On-farm bean grain quality testing for smallholders with low-cost, mobile",Innovation development,Quality Assessed,,,,,,,,,,,"On-farm bean grain quality testing for smallholders with low-cost, mobile"
13132,4979.0,2024.0,"Information service, targeting smallholder bean producers with strategic messages on",Innovation development,Quality Assessed,,,,,,,,,,,"Information service, targeting smallholder bean producers with strategic messages on"
13133,4983.0,2024.0,"Testing Point of Cow, a penside diagnostic test, for treatment",Innovation development,Quality Assessed,True,Yes,"Testing Point of Cow, a penside diagnostic test, for treatment decision making in mastitis",Outliers/Independent,Sustainable Animal and Aquatic Foods ,300000,30000,,150000,200000,"Testing Point of Cow, a penside diagnostic test, for treatment"
13134,4984.0,2024.0,Fish-based (ComFA+Fish) products to tackle malnutrition in Zambia,Innovation development,Quality Assessed,True,Yes,Fish-based (ComFA+Fish) Products to tackle Malnutrition in Zambia,Sustainable Aquaculture and Fisheries Management,Gender,,PROFISH Blue,,,,Fish-based (ComFA+Fish) products to tackle malnutrition in Zambia
13135,4985.0,2024.0,Exploring Gender Dimensions in the Use and Resistance of Antimicrobials,Innovation development,Quality Assessed,,,,,,,,,,,Exploring Gender Dimensions in the Use and Resistance of Antimicrobials
13137,4992.0,2024.0,"Gender-transformative approaches to address inequalities in food, nutrition and economic",Innovation development,Quality Assessed,,,,,,,,,,,"Gender-transformative approaches to address inequalities in food, nutrition and economic"
13138,4993.0,2024.0,"Improved chickens, animal services and markets for women farmers, delivered",Innovation development,Quality Assessed,,,,,,,,,,,"Improved chickens, animal services and markets for women farmers, delivered"
13139,4994.0,2024.0,Cost Benefits of on-farm Anti-Microbial Use reducing interventions in Semi-Intensive,Innovation development,Quality Assessed,,,,,,,,,,,Cost Benefits of on-farm Anti-Microbial Use reducing interventions in Semi-Intensive
13140,4995.0,2024.0,Women's and Men's Political Participation Training Curriculum,Innovation development,Quality Assessed,True,Yes,Women's and Men's Political Participation Training Curriculum,Empowering Women in Agrifood Systems,Food Frontiers and Security,,130000,75000,100000,50000,Women's and Men's Political Participation Training Curriculum
13140,4995.0,2024.0,Women's and Men's Political Participation Training Curriculum,Innovation development,Quality Assessed,True,Yes,Women's and Men's Political Participation Training Curriculum,Empowering Women in Agrifood Systems,Gender,,130000,75000,100000,50000,Women's and Men's Political Participation Training Curriculum
13141,5002.0,2024.0,A refrigeration-equipped truck and logistical support system for fruit and,Innovation development,Quality Assessed,,,,,,,,,,,A refrigeration-equipped truck and logistical support system for fruit and
13142,5003.0,2024.0,Improve cowpea variety for grain and quality fodder production in,Innovation development,Quality Assessed,,,,,,,,,,,Improve cowpea variety for grain and quality fodder production in
13143,5005.0,2024.0,Fully solar-powered walk-in cold stations for the 24/7 storage and,Innovation development,Quality Assessed,,,,,,,,,,,Fully solar-powered walk-in cold stations for the 24/7 storage and
13144,5008.0,2024.0,Plastic crate rental service for fruit and vegetables farmers and,Innovation development,Quality Assessed,,,,,,,,,,,Plastic crate rental service for fruit and vegetables farmers and
13145,5013.0,2024.0,Solar dryer services for smallholder fruit and vegetable farmers to,Innovation development,Quality Assessed,,,,,,,,,,,Solar dryer services for smallholder fruit and vegetable farmers to
13146,5015.0,2024.0,Rice Crop Manager Advisory Service (Climate+) platform to generate and,Innovation development,Quality Assessed,,,,,,,,,,,Rice Crop Manager Advisory Service (Climate+) platform to generate and
13147,5024.0,2024.0,Combining improved vegetable seed varieties with extension support and certification,Innovation development,Quality Assessed,,,,,,,,,,,Combining improved vegetable seed varieties with extension support and certification
13148,5032.0,2024.0,Installing simple quality monitoring devices paired with a data-collection application,Innovation development,Quality Assessed,,,,,,,,,,,Installing simple quality monitoring devices paired with a data-collection application
13149,5037.0,2024.0,Extension and sensitization campaign for smallholder dairy farmers that explains,Innovation development,Quality Assessed,,,,,,,,,,,Extension and sensitization campaign for smallholder dairy farmers that explains
13150,5039.0,2024.0,"The EzyAgric app, designed by CIAT, provides smallholder farmers with",Innovation development,Quality Assessed,,,,,,,,,,,"The EzyAgric app, designed by CIAT, provides smallholder farmers with"
13151,5040.0,2024.0,Toolkit for conceptualizing and measuring effective voice and agency of,Innovation development,Quality Assessed,,,,,,,,,,,Toolkit for conceptualizing and measuring effective voice and agency of
13152,5042.0,2024.0,"Innovative combination of cash and input loans for smallholder farmers,",Innovation development,Quality Assessed,,,,,,,,,,,"Innovative combination of cash and input loans for smallholder farmers,"
13153,5043.0,2024.0,"Optimal groundnut plant density for improved grain yield, fodder availability",Innovation development,Quality Assessed,,,,,,,,,,,"Optimal groundnut plant density for improved grain yield, fodder availability"
13154,5045.0,2024.0,Advancing Gender Equality and Social Inclusion through Voluntary Sustainability Systems:,Innovation development,Quality Assessed,,,,,,,,,,,Advancing Gender Equality and Social Inclusion through Voluntary Sustainability Systems:
13155,5059.0,2024.0,Best Management Practices (BMPs) to strengthen the smallholder's aquaculture sector,Innovation development,Quality Assessed,,,,,,,,,,,Best Management Practices (BMPs) to strengthen the smallholder's aquaculture sector
13156,5078.0,2024.0,Political Economy and Policy Analysis (PEPA) Sourcebook: A guide to,Innovation development,Quality Assessed,,,,,,,,,,,Political Economy and Policy Analysis (PEPA) Sourcebook: A guide to
13157,5084.0,2024.0,"Development and Application of a Quantitative Tool for Measuring Knowledge,",Innovation development,Quality Assessed,,,,,,,,,,,"Development and Application of a Quantitative Tool for Measuring Knowledge,"
13159,5097.0,2024.0,Individualized extension approach (Dairy Farmer Advisor) that integrates advisory services,Innovation development,Quality Assessed,,,,,,,,,,,Individualized extension approach (Dairy Farmer Advisor) that integrates advisory services
13160,5142.0,2024.0,"Novel stress tolerant (abiotic and biotic), highly productive and resource",Innovation development,Quality Assessed,,,,,,,,,,,"Novel stress tolerant (abiotic and biotic), highly productive and resource"
13161,5161.0,2024.0,"Basal NPK fertilizer timing, cowpea living mulch and leaf stripping",Innovation development,Quality Assessed,,,,,,,,,,,"Basal NPK fertilizer timing, cowpea living mulch and leaf stripping"
13162,5176.0,2024.0,Unlocking indigenous plants as innovative solutions for restoring agro-ecological zones,Innovation development,Quality Assessed,,,,,,,,,,,Unlocking indigenous plants as innovative solutions for restoring agro-ecological zones
13163,5191.0,2024.0,Co-development and delivery of agro-climatic bulletin (ACB) through public systems,Innovation development,Quality Assessed,,,,,,,,,,,Co-development and delivery of agro-climatic bulletin (ACB) through public systems
13164,5192.0,2024.0,Digital information system for rice product labeling of carbon-footprints based,Innovation development,Quality Assessed,,,,,,,,,,,Digital information system for rice product labeling of carbon-footprints based
13165,5193.0,2024.0,Cost-Impact Analysis for Emission Reduction Projects (COMPARE) tool to inform,Innovation development,Quality Assessed,,,,,,,,,,,Cost-Impact Analysis for Emission Reduction Projects (COMPARE) tool to inform
13166,5194.0,2024.0,Development and provision of weather forecast-based agro-advisories to farmers in,Innovation development,Quality Assessed,,,,,,,,,,,Development and provision of weather forecast-based agro-advisories to farmers in
13167,5195.0,2024.0,Methodology for methane emission reduction by adjusted water management practice,Innovation development,Quality Assessed,,,,,,,,,,,Methodology for methane emission reduction by adjusted water management practice
13168,5196.0,2024.0,Provision of agro-advisories to mungbean farmers in Bangladesh through interactive,Innovation development,Quality Assessed,,,,,,,,,,,Provision of agro-advisories to mungbean farmers in Bangladesh through interactive
13170,5227.0,2024.0,"Brachiarea integration into maize-based cropping system for smallholder farmers multi-benefit,",Innovation development,Quality Assessed,,,,,,,,,,,"Brachiarea integration into maize-based cropping system for smallholder farmers multi-benefit,"
13171,5256.0,2024.0,Restoring rangelands: the art of flexible livestock grazing to restore,Innovation development,Quality Assessed,,,,,,,,,,,Restoring rangelands: the art of flexible livestock grazing to restore
13172,5275.0,2024.0,Climate Security Programming Dashboard for Climate Finance (CSPDxCF) to assess,Innovation development,Quality Assessed,,,,,,,,,,,Climate Security Programming Dashboard for Climate Finance (CSPDxCF) to assess
13173,5278.0,2024.0,From fleece to screens: Revolutionizing sheep and goat marketing in,Innovation development,Quality Assessed,,,,,,,,,,,From fleece to screens: Revolutionizing sheep and goat marketing in
13174,5280.0,2024.0,Evidence based recommendations for policy makers and investors for a,Innovation development,Quality Assessed,,,,,,,,,,,Evidence based recommendations for policy makers and investors for a
13175,5284.0,2024.0,Design innovations in leveraging social protection for women's engagement in,Innovation development,Quality Assessed,True,Yes,Leveraging social protection for women’s engagement in sustainable land management,Empowering Women in Agrifood Systems,Food Frontiers and Security,,10000,,10000,10000,Design innovations in leveraging social protection for women's engagement in
13176,5290.0,2024.0,Design innovations in making social protection gender-transformative to reduce normative,Innovation development,Quality Assessed,True,Yes,Making social protection gender-transformative to reduce normative constraints,Empowering Women in Agrifood Systems,Gender,200000,150000,,150000,150000,Design innovations in making social protection gender-transformative to reduce normative
13177,5311.0,2024.0,Conservation of tropical indigenous pig Suidae genetic resources using the,Innovation development,Quality Assessed,,,,,,,,,,,Conservation of tropical indigenous pig Suidae genetic resources using the
13178,5321.0,2024.0,Guidance on social protection design for implementers and donors to,Innovation development,Quality Assessed,True,Yes,"Designing social protection for climate adaptation, poverty reduction, gender equality",Empowering Women in Agrifood Systems,Food Frontiers and Security,,75000,,75000,75000,Guidance on social protection design for implementers and donors to
13178,5321.0,2024.0,Guidance on social protection design for implementers and donors to,Innovation development,Quality Assessed,True,Yes,"Designing social protection for climate adaptation, poverty reduction, gender equality",Empowering Women in Agrifood Systems,Gender,,75000,,75000,75000,Guidance on social protection design for implementers and donors to
13179,5328.0,2024.0,Analytical approach for researchers to conduct mixed-method multi-country assessment of,Innovation development,Quality Assessed,,,,,,,,,,,Analytical approach for researchers to conduct mixed-method multi-country assessment of
13180,5331.0,2024.0,Evidence-based guidance on effective social protection design for implementers to,Innovation development,Quality Assessed,True,Yes,Designing social protection to promote women's resilience to risk,Empowering Women in Agrifood Systems,Food Frontiers and Security,,175000,,75000,75000,Evidence-based guidance on effective social protection design for implementers to
13180,5331.0,2024.0,Evidence-based guidance on effective social protection design for implementers to,Innovation development,Quality Assessed,True,Yes,Designing social protection to promote women's resilience to risk,Empowering Women in Agrifood Systems,Gender,,175000,,75000,75000,Evidence-based guidance on effective social protection design for implementers to
13181,5334.0,2024.0,Production of saline tolerant potato variety under zero tillage using,Innovation development,Quality Assessed,,,,,,,,,,,Production of saline tolerant potato variety under zero tillage using
13182,5335.0,2024.0,Decentralized extension model by engaging local service providers for technology,Innovation development,Quality Assessed,,,,,,,,,,,Decentralized extension model by engaging local service providers for technology
13183,5337.0,2024.0,Leveraging on private partnership models to provide digital climate advisory,Innovation development,Quality Assessed,,,,,,,,,,,Leveraging on private partnership models to provide digital climate advisory
13184,5338.0,2024.0,Leveraging on private partnership models to provide digital climate advisory,Innovation development,Quality Assessed,,,,,,,,,,,Leveraging on private partnership models to provide digital climate advisory
13185,5344.0,2024.0,Business model for the sustainability of the provision of digital,Innovation development,Quality Assessed,,,,,,,,,,,Business model for the sustainability of the provision of digital
13186,5346.0,2024.0,Alternative financial model to scale research innovations for aquaculture productivity,Innovation development,Quality Assessed,,,,,,,,,,,Alternative financial model to scale research innovations for aquaculture productivity
13188,5351.0,2024.0,MDII: A multidimensional index designed to promote ethical and socially,Innovation development,Quality Assessed,,,,,,,,,,,MDII: A multidimensional index designed to promote ethical and socially
13189,5368.0,2024.0,Empowering Fish Farming Communities: Leveraging Social Media for Sustainable Farming,Innovation development,Quality Assessed,,,,,,,,,,,Empowering Fish Farming Communities: Leveraging Social Media for Sustainable Farming
13190,5369.0,2024.0,Guidance for researchers and development agencies working with women farmers to co-design,Innovation development,Quality Assessed,,,,,,,,,,,Guidance for researchers and development agencies working with women farmers to co-design
13191,5370.0,2024.0,Socio-technical innovation bundles dashboard developed by CGIAR's Initiative on Gender,Innovation development,Quality Assessed,,,,,,,,,,,Socio-technical innovation bundles dashboard developed by CGIAR's Initiative on Gender
13192,5371.0,2024.0,Animations and online visual presentations dedicated to teaching and reflections,Innovation development,Quality Assessed,,,,,,,,,,,Animations and online visual presentations dedicated to teaching and reflections
13193,5372.0,2024.0,CGIAR Gender Equality Initiative's Learning labs to promote learning among,Innovation development,Quality Assessed,,,,,,,,,,,CGIAR Gender Equality Initiative's Learning labs to promote learning among
13194,5373.0,2024.0,Scaling with households and groups: socially inclusive approaches supporting equitable,Innovation development,Quality Assessed,,,,,,,,,,,Scaling with households and groups: socially inclusive approaches supporting equitable
13195,5374.0,2024.0,Orange Fleshed Sweetpotato (OFSP) Puree for nutrition  and livelihoods,Innovation development,Quality Assessed,,,,,,,,,,,Orange Fleshed Sweetpotato (OFSP) Puree for nutrition  and livelihoods
13196,5431.0,2024.0,Community conversations to support socially inclusive locally led climate adaptation,Innovation development,Quality Assessed,,,,,,,,,,,Community conversations to support socially inclusive locally led climate adaptation
13198,5513.0,2024.0,A web-based based decision support tool for managing Rift Valley,Innovation development,Quality Assessed,,,,,,,,,,,A web-based based decision support tool for managing Rift Valley
13199,5540.0,2024.0,Inclusive multi-stakeholder knowledge sharing platform on mixed farming system for,Innovation development,Quality Assessed,,,,,,,,,,,Inclusive multi-stakeholder knowledge sharing platform on mixed farming system for
13200,5632.0,2024.0,Improve soybean variety and soil amendment for quality grain and,Innovation development,Quality Assessed,,,,,,,,,,,Improve soybean variety and soil amendment for quality grain and
13202,5682.0,2024.0,A system dynamics approach for assessing policies for promoting resilience,Innovation development,Quality Assessed,,,,,,,,,,,A system dynamics approach for assessing policies for promoting resilience
13203,5708.0,2024.0,Crop diversification: An analytical framework for understanding the political economy,Innovation development,Quality Assessed,,,,,,,,,,,Crop diversification: An analytical framework for understanding the political economy
13204,5736.0,2024.0,A decision support tool for preventing and controlling Rift Valley,Innovation development,Quality Assessed,,,,,,,,,,,A decision support tool for preventing and controlling Rift Valley
13206,5830.0,2024.0,Digital Genetic Data Base for Small Ruminants in Ethiopia (DTREO),Innovation development,Quality Assessed,,,,,,,,,,,Digital Genetic Data Base for Small Ruminants in Ethiopia (DTREO)
13207,5839.0,2024.0,CIMMYT supports the development of a ground water dashboard in,Innovation development,Quality Assessed,,,,,,,,,,,CIMMYT supports the development of a ground water dashboard in
13208,5847.0,2024.0,Marker-assisted introgression of fecundity mutation to support community-based breeding programs,Innovation development,Quality Assessed,,,,,,,,,,,Marker-assisted introgression of fecundity mutation to support community-based breeding programs
13209,5848.0,2024.0,Improved access to certified sires from the Community-Based Breeding Program,Innovation development,Quality Assessed,,,,,,,,,,,Improved access to certified sires from the Community-Based Breeding Program
13210,5886.0,2024.0,Decision Support Tool for Circular bioeconomy Solutions,Innovation development,Quality Assessed,True,Yes,Ai-powered Chatbot for Circular Food Systems in Cities,Circular Bioeconomy Innovation Initiatives,Food Frontiers and Security,to be decided,15000,,75000,75000,Decision Support Tool for Circular bioeconomy Solutions
13211,5917.0,2024.0,Model for establishing and strengthening women and men farmer groups,Innovation development,Quality Assessed,,,,,,,,,,,Model for establishing and strengthening women and men farmer groups
13213,6034.0,2024.0,"Small Farmer Large Fields model, a collective farming approach designed",Innovation development,Quality Assessed,,,,,,,,,,,"Small Farmer Large Fields model, a collective farming approach designed"
13215,6057.0,2024.0,An data aggregation and analytics platform for researchers and decision,Innovation development,Quality Assessed,,,,,,,,,,,An data aggregation and analytics platform for researchers and decision
13216,6059.0,2024.0,Decision-support tool assisting farmers' selection of tree species for inclusion,Innovation development,Quality Assessed,,,,,,,,,,,Decision-support tool assisting farmers' selection of tree species for inclusion
13217,6139.0,2024.0,Integration of research and innovation processes that facilitate the co-design,Innovation development,Quality Assessed,,,,,,,,,,,Integration of research and innovation processes that facilitate the co-design
13218,6178.0,2024.0,Food Safety technical multi-stakeholder group to exchange and coordinate actions,Innovation development,Quality Assessed,,,,,,,,,,,Food Safety technical multi-stakeholder group to exchange and coordinate actions
13219,6188.0,2024.0,"Empowering Informal food Vendors: Enhancing Business Skills, Practices, and Food",Innovation development,Quality Assessed,,,,,,,,,,,"Empowering Informal food Vendors: Enhancing Business Skills, Practices, and Food"
13220,6197.0,2024.0,"On-farm Water, Energy, Food, and Carbon footprint (WEFC) nexus index",Innovation development,Quality Assessed,,,,,,,,,,,"On-farm Water, Energy, Food, and Carbon footprint (WEFC) nexus index"
13221,6200.0,2024.0,"Online Water Accounting Dashboard for the Souss Massa Basin, Morocco,",Innovation development,Quality Assessed,,,,,,,,,,,"Online Water Accounting Dashboard for the Souss Massa Basin, Morocco,"
13222,6222.0,2024.0,Nexus Capacity Scorecard: An Assessment Tool to Enhance Institutional Readiness,Innovation development,Quality Assessed,,,,,,,,,,,Nexus Capacity Scorecard: An Assessment Tool to Enhance Institutional Readiness
13223,6223.0,2024.0,Climate and nutri-smart agricultural bundles for vulnerable and host populations,Innovation development,Quality Assessed,True,Yes,Climate and nutri-smart agricultural bundles for vulnerable and host populations in Nigeria to improve nutrition and livelihoods,Sustainable Agriculture for Smallholders,Food Frontiers and Security,,200000,,250000,250000,Climate and nutri-smart agricultural bundles for vulnerable and host populations
13224,6241.0,2024.0,Rice-sweetpotato production systems using short maturity sweetpotato variety in Mekong,Innovation development,Quality Assessed,,,,,,,,,,,Rice-sweetpotato production systems using short maturity sweetpotato variety in Mekong
13225,6243.0,2024.0,Development and deployment of the Rice Crop Manager (RCM) for,Innovation development,Quality Assessed,,,,,,,,,,,Development and deployment of the Rice Crop Manager (RCM) for
13226,6245.0,2024.0,Development of a Human Security Index (HSI) for smallholder farmers,Innovation development,Quality Assessed,,,,,,,,,,,Development of a Human Security Index (HSI) for smallholder farmers
13227,6249.0,2024.0,"Development of a smart phone application (RiceMore) compatible with monitoring,",Innovation development,Quality Assessed,,,,,,,,,,,"Development of a smart phone application (RiceMore) compatible with monitoring,"
13228,6272.0,2024.0,Community Nutrition Scholars deployment model to deliver nutrition interventions in,Innovation development,Quality Assessed,,,,,,,,,,,Community Nutrition Scholars deployment model to deliver nutrition interventions in
1323,1305.0,2022.0,Rice- New products(varieties/hybrid) positioned / scaled,Innovation use,Quality Assessed,,,,,,,,,,,Rice- New products(varieties/hybrid) positioned / scaled
13230,6293.0,2024.0,"Mbili Mbili strip cropping systems for crop and forage diversification,",Innovation development,Quality Assessed,,,,,,,,,,,"Mbili Mbili strip cropping systems for crop and forage diversification,"
13231,6294.0,2024.0,Crops agronomic biofortification with Zinc in Malawi,Innovation development,Quality Assessed,,,,,,,,,,,Crops agronomic biofortification with Zinc in Malawi
13232,6296.0,2024.0,Mechanizing maize seed and basal NPK fertilizer application to improve,Innovation development,Quality Assessed,,,,,,,,,,,Mechanizing maize seed and basal NPK fertilizer application to improve
13234,6299.0,2024.0,Multi-stakeholder knowledge sharing platform on Mixed Farming Systems in Mid-hills,Innovation development,Quality Assessed,,,,,,,,,,,Multi-stakeholder knowledge sharing platform on Mixed Farming Systems in Mid-hills
13235,6305.0,2024.0,Co-designing gender responsive circular bioeconomy models targeting informal producers,Innovation development,Quality Assessed,,,,,,,,,,,Co-designing gender responsive circular bioeconomy models targeting informal producers
13236,6337.0,2024.0,Creation and expansion of a Local Technical Agro-Climatic Committee (LTAC),Innovation development,Quality Assessed,,,,,,,,,,,Creation and expansion of a Local Technical Agro-Climatic Committee (LTAC)
13237,6338.0,2024.0,Vulnerability assessment framework to identify agricultural livelihood hotspots in Asian,Innovation development,Quality Assessed,,,,,,,,,,,Vulnerability assessment framework to identify agricultural livelihood hotspots in Asian
13238,6340.0,2024.0,"Crop Decision Trees (CDTs) to provide agricultural advisories to rice,",Innovation development,Quality Assessed,,,,,,,,,,,"Crop Decision Trees (CDTs) to provide agricultural advisories to rice,"
13239,6397.0,2024.0,Agronomy Community of Practices (ACoP) for technology transfer and agricultural,Innovation development,Quality Assessed,,,,,,,,,,,Agronomy Community of Practices (ACoP) for technology transfer and agricultural
13241,6436.0,2024.0,Bundle of retail-level strategies to make fruits and vegetables more,Innovation development,Quality Assessed,,,,,,,,,,,Bundle of retail-level strategies to make fruits and vegetables more
13243,6562.0,2024.0,Measurement of soybean grain yield and aboveground biomass at maturity,Innovation development,Quality Assessed,,,,,,,,,,,Measurement of soybean grain yield and aboveground biomass at maturity
13244,6563.0,2024.0,Measurement of potato tuber yield at maturity by crop cut,Innovation development,Quality Assessed,,,,,,,,,,,Measurement of potato tuber yield at maturity by crop cut
13245,6564.0,2024.0,Measurement of cowpea grain yield and aboveground biomass by crop,Innovation development,Quality Assessed,,,,,,,,,,,Measurement of cowpea grain yield and aboveground biomass by crop
13246,6566.0,2024.0,Diversified and intensified farming through rice-maize production systems in the,Innovation development,Quality Assessed,,,,,,,,,,,Diversified and intensified farming through rice-maize production systems in the
13247,6567.0,2024.0,Irrigation water measurement: Standard operating procedures for quantifying the irrigation,Innovation development,Quality Assessed,,,,,,,,,,,Irrigation water measurement: Standard operating procedures for quantifying the irrigation
13248,6569.0,2024.0,"Soil sampling (disturbed and undisturbed), handling and storage for soil",Innovation development,Quality Assessed,,,,,,,,,,,"Soil sampling (disturbed and undisturbed), handling and storage for soil"
13249,6571.0,2024.0,Field boundary delineation and cropped area measurement: Standard operating procedures,Innovation development,Quality Assessed,,,,,,,,,,,Field boundary delineation and cropped area measurement: Standard operating procedures
13251,6579.0,2024.0,Determination of the minimum number of plants and the area,Innovation development,Quality Assessed,,,,,,,,,,,Determination of the minimum number of plants and the area
13252,6587.0,2024.0,No-till seeder adapted in public-private partnership to Moroccan crops and,Innovation development,Quality Assessed,,,,,,,,,,,No-till seeder adapted in public-private partnership to Moroccan crops and
13253,6601.0,2024.0,Linking value chain actors to business opportunities for agroecological products,Innovation development,Quality Assessed,,,,,,,,,,,Linking value chain actors to business opportunities for agroecological products
13255,6700.0,2024.0,"Development and piloting the conceptual framework ""Agency and Behavior Change",Innovation development,Quality Assessed,True,Yes,"Development and piloting the conceptual framework ""Agency and Behavior Change in Transforming agri-food systems"" ACT, dedicated to researchers and practitioners",Innovative Agroecological System Transformation,Multifunctional Landscapes ,5000,25000,,40000,40000,"Development and piloting the conceptual framework ""Agency and Behavior Change"
13256,6701.0,2024.0,Biodegradable Banana Fiber Paper as a Pesticide Carier for Sustainable,Innovation development,Quality Assessed,,,,,,,,,,,Biodegradable Banana Fiber Paper as a Pesticide Carier for Sustainable
13257,6707.0,2024.0,Using typologies to target private sector investments in gender equality,Innovation development,Quality Assessed,,,,,,,,,,,Using typologies to target private sector investments in gender equality
13258,6718.0,2024.0,GROWSMART: Farmer advisories to optimize soybean yields in the Chinyanja,Innovation development,Quality Assessed,,,,,,,,,,,GROWSMART: Farmer advisories to optimize soybean yields in the Chinyanja
13259,6752.0,2024.0,Protocol for Crop Cut Surveys,Innovation development,Quality Assessed,,,,,,,,,,,Protocol for Crop Cut Surveys
13260,6754.0,2024.0,Standard operating procedure on yield gap decomposition to ground the,Innovation development,Quality Assessed,,,,,,,,,,,Standard operating procedure on yield gap decomposition to ground the
13263,6758.0,2024.0,Gender and Youth Assessment: Enumerators' Manual,Innovation development,Quality Assessed,,,,,,,,,,,Gender and Youth Assessment: Enumerators' Manual
13264,6772.0,2024.0,Prioritizing agronomy in a Changing Environment (PAiCE) Tool for researchers,Innovation development,Quality Assessed,,,,,,,,,,,Prioritizing agronomy in a Changing Environment (PAiCE) Tool for researchers
13265,6791.0,2024.0,Capacity development innovation on storytelling training about gender-responsive agricultural solutions,Innovation development,Quality Assessed,,,,,,,,,,,Capacity development innovation on storytelling training about gender-responsive agricultural solutions
13266,6795.0,2024.0,R workflows to manage and analyze data for yield gap,Innovation development,Quality Assessed,,,,,,,,,,,R workflows to manage and analyze data for yield gap
13267,6801.0,2024.0,Improving water use efficiency through micro irrigation practices,Innovation development,Quality Assessed,,,,,,,,,,,Improving water use efficiency through micro irrigation practices
13268,6807.0,2024.0,Acid soils dashboard makes available data to researchers and extensionists,Innovation development,Quality Assessed,,,,,,,,,,,Acid soils dashboard makes available data to researchers and extensionists
13270,6811.0,2024.0,R package to estimate lime requirements in acid soils in,Innovation development,Quality Assessed,,,,,,,,,,,R package to estimate lime requirements in acid soils in
13271,6815.0,2024.0,Spatial ex ante workflows for evaluating economic and agronomic responses,Innovation development,Quality Assessed,,,,,,,,,,,Spatial ex ante workflows for evaluating economic and agronomic responses
13272,6823.0,2024.0,A new soil leaching technique of a network of internal,Innovation development,Quality Assessed,,,,,,,,,,,A new soil leaching technique of a network of internal
13274,6832.0,2024.0,Excellence in Agronomy Initiative (EiA): Dashboard for EiA and external,Innovation development,Quality Assessed,,,,,,,,,,,Excellence in Agronomy Initiative (EiA): Dashboard for EiA and external
13275,6835.0,2024.0,Safe planting window and variety recommendation tool for maize,Innovation development,Quality Assessed,,,,,,,,,,,Safe planting window and variety recommendation tool for maize
13276,6843.0,2024.0,Lentil elite lines and new varieties targeted to Uzbekistan and,Innovation development,Quality Assessed,,,,,,,,,,,Lentil elite lines and new varieties targeted to Uzbekistan and
13277,6869.0,2024.0,R code and shiny app for estimating beneficiaries to agronomy,Innovation development,Quality Assessed,,,,,,,,,,,R code and shiny app for estimating beneficiaries to agronomy
13278,6875.0,2024.0,R and Octave code for calculating farmer's willingness to pay,Innovation development,Quality Assessed,,,,,,,,,,,R and Octave code for calculating farmer's willingness to pay
13279,6877.0,2024.0,R code for mean-variance optimization model to select agricultural innovation,Innovation development,Quality Assessed,,,,,,,,,,,R code for mean-variance optimization model to select agricultural innovation
13280,6879.0,2024.0,R functions on using causal random forest and policy machine,Innovation development,Quality Assessed,,,,,,,,,,,R functions on using causal random forest and policy machine
13281,6885.0,2024.0,R code for spatial parametric production risk model for ex-ante,Innovation development,Quality Assessed,,,,,,,,,,,R code for spatial parametric production risk model for ex-ante
13282,6886.0,2024.0,R functions and an example on using causal random forest,Innovation development,Quality Assessed,,,,,,,,,,,R functions and an example on using causal random forest
13283,6888.0,2024.0,Global Market Intelligence Platform (GloMIP) for sharing market intelligence that,Innovation development,Quality Assessed,,,,,,,,,,,Global Market Intelligence Platform (GloMIP) for sharing market intelligence that
13284,6889.0,2024.0,R functions to classify and target agronomic innovations to be,Innovation development,Quality Assessed,,,,,,,,,,,R functions to classify and target agronomic innovations to be
13285,6890.0,2024.0,Lime profitability calculator is an app developed to evaluate the,Innovation development,Quality Assessed,,,,,,,,,,,Lime profitability calculator is an app developed to evaluate the
13286,6893.0,2024.0,Investor Dashboard: A tool hosted in the Global Market Intelligence,Innovation development,Quality Assessed,True,Yes,Foresight models projecting benefits of value propositions across the five Impact Areas,Modernizing Breeding Partnerships and Practices,Breeding for Tomorrow,,260000,,250000,250000,Investor Dashboard: A tool hosted in the Global Market Intelligence
13287,6894.0,2024.0,Diversified and intensified farming through rice-sunflower production systems in the,Innovation development,Quality Assessed,,,,,,,,,,,Diversified and intensified farming through rice-sunflower production systems in the
13288,6895.0,2024.0,"Diversified and intensified farming through rice-vegetables (mungbean, okra, chili) production",Innovation development,Quality Assessed,,,,,,,,,,,"Diversified and intensified farming through rice-vegetables (mungbean, okra, chili) production"
13292,6899.0,2024.0,Diversified and intensified farming through rice-fodder production systems in the,Innovation development,Quality Assessed,,,,,,,,,,,Diversified and intensified farming through rice-fodder production systems in the
13293,6900.0,2024.0,Facilitating agricultural mechanization options through local service providers (LSP) model,Innovation development,Quality Assessed,,,,,,,,,,,Facilitating agricultural mechanization options through local service providers (LSP) model
13294,6901.0,2024.0,Cluster Farmer Field School (CFFS) Model for scaling agronomic innovations,Innovation development,Quality Assessed,,,,,,,,,,,Cluster Farmer Field School (CFFS) Model for scaling agronomic innovations
13295,6906.0,2024.0,Creation of a learning alliance as a network approach to,Innovation development,Quality Assessed,,,,,,,,,,,Creation of a learning alliance as a network approach to
13296,6907.0,2024.0,Creation of a learning alliance as a network approach to,Innovation development,Quality Assessed,,,,,,,,,,,Creation of a learning alliance as a network approach to
13297,6908.0,2024.0,Creation of a learning alliance as a network approach to,Innovation development,Quality Assessed,,,,,,,,,,,Creation of a learning alliance as a network approach to
13298,6909.0,2024.0,Creation of a learning alliance as a network approach to,Innovation development,Quality Assessed,,,,,,,,,,,Creation of a learning alliance as a network approach to
13299,6911.0,2024.0,Creation of a learning alliance as a network approach to,Innovation development,Quality Assessed,,,,,,,,,,,Creation of a learning alliance as a network approach to
13300,6927.0,2024.0,Seasonal water availability forecast in the Limpopo River Basin using,Innovation development,Quality Assessed,,,,,,,,,,,Seasonal water availability forecast in the Limpopo River Basin using
13301,6974.0,2024.0,Uxtools4ag - a resource for innovation researchers and partners to,Innovation development,Quality Assessed,,,,,,,,,,,Uxtools4ag - a resource for innovation researchers and partners to
13302,6983.0,2024.0,Generate evidence around the effectiveness of the ultra-poor graduation model,Innovation development,Quality Assessed,True,Yes,"Generate evidence around the effectiveness of the ultra-poor graduation model for an urban displaced population in Baidoa, Somalia",Empowering Women in Agrifood Systems,Food Frontiers and Security,,50000,,,,Generate evidence around the effectiveness of the ultra-poor graduation model
13303,7004.0,2024.0,Framework for gender-sensitive and participatory validation and evaluation of the,Innovation development,Quality Assessed,,,,,,,,,,,Framework for gender-sensitive and participatory validation and evaluation of the
13304,7011.0,2024.0,Women to women digital extension service provision model in Bangladesh,Innovation development,Quality Assessed,,,,,,,,,,,Women to women digital extension service provision model in Bangladesh
13306,7228.0,2024.0,Exploring the potential of a hybrid approach for participatory adaptive,Innovation development,Quality Assessed,,,,,,,,,,,Exploring the potential of a hybrid approach for participatory adaptive
13307,7238.0,2024.0,Solar Explorer: Guide for Sub-Saharan Africa Groundwater Irrigation Investors,Innovation development,Quality Assessed,True,Yes,Solar Explorer: Guide for Sub-Saharan Africa Groundwater Irrigation Investors,Efficient Water Use in Agriculture,Climate Action,,,,,,Solar Explorer: Guide for Sub-Saharan Africa Groundwater Irrigation Investors
13308,7242.0,2024.0,"Phenotyping breeding clones for quality traits using sensory panel, texture",Innovation development,Quality Assessed,,,,,,,,,,,"Phenotyping breeding clones for quality traits using sensory panel, texture"
13312,7261.0,2024.0,Yogurt three power- High nutritional value yogurt to help reduce,Innovation development,Quality Assessed,,,,,,,,,,,Yogurt three power- High nutritional value yogurt to help reduce
13315,7269.0,2024.0,Solar-based small scale irrigation innovation bundle for smallholders and production,Innovation development,Quality Assessed,,,,,,,,,,,Solar-based small scale irrigation innovation bundle for smallholders and production
13316,7283.0,2024.0,Holistic Localized Agroecology Performance Assessment (HOLPA) tool for assessing the,Innovation development,Quality Assessed,True,Yes,"Holistic Localized Agroecology Performance Assessment (HOLPA) tool for assessing the performance of fields, farms and landscapes transitioning to agroecology. Including Local Indicator Selection Process (LISP) for developing context-specific agroecological performance assessments",Innovative Agroecological System Transformation,Multifunctional Landscapes ,,75000,25000,100000,50000,Holistic Localized Agroecology Performance Assessment (HOLPA) tool for assessing the
13317,7286.0,2024.0,A satellite remote sensing-based near real-time monitoring of irrigated areas,Innovation development,Quality Assessed,,,,,,,,,,,A satellite remote sensing-based near real-time monitoring of irrigated areas
13319,7289.0,2024.0,The Enviro-Champs: Establishing a framework for a technologically upgraded community,Innovation development,Quality Assessed,,,,,,,,,,,The Enviro-Champs: Establishing a framework for a technologically upgraded community
13320,7297.0,2024.0,Data-driven advisories for farmers to optimize fertilizer and yields for,Innovation development,Quality Assessed,,,,,,,,,,,Data-driven advisories for farmers to optimize fertilizer and yields for
13321,7309.0,2024.0,A suite of digital tools to map the morphology of,Innovation development,Quality Assessed,,,,,,,,,,,A suite of digital tools to map the morphology of
13322,7312.0,2024.0,Data-driven advisories for farmers to optimize fertilizer and yields for,Innovation development,Quality Assessed,,,,,,,,,,,Data-driven advisories for farmers to optimize fertilizer and yields for
13324,7319.0,2024.0,Carob: A framework to standardize legacy agricultural data,Innovation development,Quality Assessed,,,,,,,,,,,Carob: A framework to standardize legacy agricultural data
13325,7334.0,2024.0,Empowering Women: A Video to promote Inclusion in India's Government,Innovation development,Quality Assessed,,,,,,,,,,,Empowering Women: A Video to promote Inclusion in India's Government
13326,7337.0,2024.0,Excellence in Agronomy Initiative (EiA) dashboard to monitor data being,Innovation development,Quality Assessed,,,,,,,,,,,Excellence in Agronomy Initiative (EiA) dashboard to monitor data being
13328,7343.0,2024.0,"Pusquy Thani, a fermented dairy product high in probiotics and",Innovation development,Quality Assessed,,,,,,,,,,,"Pusquy Thani, a fermented dairy product high in probiotics and"
13329,7357.0,2024.0,Scaling Scan assessment tool integrates climate change and social responsibility,Innovation development,Quality Assessed,True,Yes,Scaling Scan assessment tool integrates climate change and social responsibility for gender/social inclusion analysis,Empowering Women in Agrifood Systems,Climate Action,,,,,,Scaling Scan assessment tool integrates climate change and social responsibility
13331,7372.0,2024.0,Planning for voice: A novel approach to help women develop,Innovation development,Quality Assessed,True,Yes,Planning for voice: A novel approach to help women develop the skills they need to exercise voice and agency in their communities,Empowering Women in Agrifood Systems,Gender,,50000,,50000,,Planning for voice: A novel approach to help women develop
13332,7387.0,2024.0,The Women's Empowerment in Energy Index (WEEI) supports governments and,Innovation development,Quality Assessed,True,Yes,The Women's Empowerment in Energy Index (WEEI),Empowering Women in Agrifood Systems,Climate Action,,,,,,The Women's Empowerment in Energy Index (WEEI) supports governments and
13336,7395.0,2024.0,FOG Monitoring for detection and monitoring of fog Low-cost equipment,Innovation development,Quality Assessed,,,,,,,,,,,FOG Monitoring for detection and monitoring of fog Low-cost equipment
13338,7405.0,2024.0,Partners' satisfaction survey tool is developed to gather feedback from,Innovation development,Quality Assessed,,,,,,,,,,,Partners' satisfaction survey tool is developed to gather feedback from
13341,7413.0,2024.0,End of Learning Event survey tool for Excellence in Agronomy,Innovation development,Quality Assessed,,,,,,,,,,,End of Learning Event survey tool for Excellence in Agronomy
13343,7421.0,2024.0,Sustainable Solar Irrigation navigating the Water-Energy-Food-Environmental (WEFE) Nexus,Innovation development,Quality Assessed,True,Yes,Sustainable Solar Irrigation navigating the Water-Energy-Food-Environmental (WEFE) Nexus,Efficient Water Use in Agriculture,Climate Action,,,,,,Sustainable Solar Irrigation navigating the Water-Energy-Food-Environmental (WEFE) Nexus
13344,7424.0,2024.0,My Farm Trees: Digital platform with blockchain to incentivize farmer-,Innovation development,Quality Assessed,True,Yes,My Farm Trees: Digital platform with blockchain to incentivize farmer- and community-led tree-based restoration of degraded landscapes,Digital Innovations in Agriculture,Multifunctional Landscapes ,,500000,IUCN,575000,650000,My Farm Trees: Digital platform with blockchain to incentivize farmer-
13349,7569.0,2024.0,Basin digger under minimum soil disturbance for smallholder Conservation Agriculture,Innovation development,Quality Assessed,,,,,,,,,,,Basin digger under minimum soil disturbance for smallholder Conservation Agriculture
13350,7570.0,2024.0,Virtual Reality Field Trips to showcase field work across the,Innovation development,Quality Assessed,,,,,,,,,,,Virtual Reality Field Trips to showcase field work across the
13351,7572.0,2024.0,Establishment of local seed production system in potato through Apical,Innovation development,Quality Assessed,,,,,,,,,,,Establishment of local seed production system in potato through Apical
13355,7651.0,2024.0,Development and deployment of digital climate advisory services through the,Innovation development,Quality Assessed,,,,,,,,,,,Development and deployment of digital climate advisory services through the
13356,7689.0,2024.0,Improving Product Advancement Meetings that advance varieties from idea to,Innovation development,Quality Assessed,,,,,,,,,,,Improving Product Advancement Meetings that advance varieties from idea to
13358,7720.0,2024.0,Software based in Machine Learning to classify the severity of,Innovation development,Quality Assessed,,,,,,,,,,,Software based in Machine Learning to classify the severity of
13359,7745.0,2024.0,Management of food legume pod borer and aphids through intercropping,Innovation development,Quality Assessed,,,,,,,,,,,Management of food legume pod borer and aphids through intercropping
13360,7752.0,2024.0,Development and evaluation of eco-friendly biopesticides against aphids and pod,Innovation development,Quality Assessed,,,,,,,,,,,Development and evaluation of eco-friendly biopesticides against aphids and pod
13361,7758.0,2024.0,Demonstration and scaling of integrated management of parasitic weeds on,Innovation development,Quality Assessed,,,,,,,,,,,Demonstration and scaling of integrated management of parasitic weeds on
13362,1964.0,2024.0,"Excellence in Agronomy Monitoring, Evaluation, learning and Impact Assessment (MELIA)",Innovation development,Quality Assessed,,,,,,,,,,,"Excellence in Agronomy Monitoring, Evaluation, learning and Impact Assessment (MELIA)"
13363,7797.0,2024.0,Formulation of models and maps for climate change impacts on,Innovation development,Quality Assessed,,,,,,,,,,,Formulation of models and maps for climate change impacts on
13364,7829.0,2024.0,Assessing Farmer Preferences for Silvopastoral Production System Sustainable Intensification Interventions:,Innovation development,Quality Assessed,,,,,,,,,,,Assessing Farmer Preferences for Silvopastoral Production System Sustainable Intensification Interventions:
13365,7830.0,2024.0,Automated water level sensor with SMS alerts enhancing informed irrigation,Innovation development,Quality Assessed,,,,,,,,,,,Automated water level sensor with SMS alerts enhancing informed irrigation
13369,7975.0,2024.0,Ukama Ustawi's Learning Alliance: An innovative approach for sustainable knowledge,Innovation development,Quality Assessed,,,,,,,,,,,Ukama Ustawi's Learning Alliance: An innovative approach for sustainable knowledge
13370,7980.0,2024.0,Demand-driven assistance provision as part of agribusiness acceleration programs for,Innovation development,Quality Assessed,,,,,,,,,,,Demand-driven assistance provision as part of agribusiness acceleration programs for
13371,7983.0,2024.0,A Policy Practice Index Tool for tracking policy formulation and,Innovation development,Quality Assessed,,,,,,,,,,,A Policy Practice Index Tool for tracking policy formulation and
13372,7993.0,2024.0,EncontrAR Platform: a online knowledge management system of nature-positive solutions,Innovation development,Quality Assessed,,,,,,,,,,,EncontrAR Platform: a online knowledge management system of nature-positive solutions
13373,8000.0,2024.0,Identification of Begomovirus Resistant Okra Accessions for Improved Variety Development,Innovation development,Quality Assessed,,,,,,,,,,,Identification of Begomovirus Resistant Okra Accessions for Improved Variety Development
13376,8036.0,2024.0,Landscape Crop Assessment Survey system for cost-effective collection of key,Innovation development,Quality Assessed,,,,,,,,,,,Landscape Crop Assessment Survey system for cost-effective collection of key
13377,8041.0,2024.0,The AADGG-Dairy mobile app for smallholder buffalo farmers to collect,Innovation development,Quality Assessed,,,,,,,,,,,The AADGG-Dairy mobile app for smallholder buffalo farmers to collect
13378,8087.0,2024.0,Brachiaria grass hedgerows in maize-forage legume rotation systems for improved,Innovation development,Quality Assessed,,,,,,,,,,,Brachiaria grass hedgerows in maize-forage legume rotation systems for improved
13382,8170.0,2024.0,Analysis Tool for Economics of Land Degradation (ATELD) to quantify,Innovation development,Quality Assessed,,,,,,,,,,,Analysis Tool for Economics of Land Degradation (ATELD) to quantify
13383,8177.0,2024.0,Local Indicator Selection Process (LISP) for developing context-specific agroecological performance,Innovation development,Quality Assessed,,,,,,,,,,,Local Indicator Selection Process (LISP) for developing context-specific agroecological performance
13384,8186.0,2024.0,Yellow Jacaranda (Schizolobium Parahybum) as a potential coffee and banana,Innovation development,Quality Assessed,,,,,,,,,,,Yellow Jacaranda (Schizolobium Parahybum) as a potential coffee and banana
13385,8208.0,2024.0,Development of 100 days orange fleshed sweet potato variety/es to,Innovation development,Quality Assessed,,,,,,,,,,,Development of 100 days orange fleshed sweet potato variety/es to
13386,8227.0,2024.0,Small farm machinery to empower women and youth in the,Innovation development,Quality Assessed,,,,,,,,,,,Small farm machinery to empower women and youth in the
13387,8228.0,2024.0,Nano-culture technology developed at CIAT is now being used to,Innovation development,Quality Assessed,,,,,,,,,,,Nano-culture technology developed at CIAT is now being used to
13389,8230.0,2024.0,Mobile applications to improve inventory management with GRIN-Global Community Edition,Innovation development,Quality Assessed,,,,,,,,,,,Mobile applications to improve inventory management with GRIN-Global Community Edition
13390,8236.0,2024.0,Intensifying and diversifying rice-based cropping systems for better crop-livestock integration,Innovation development,Quality Assessed,,,,,,,,,,,Intensifying and diversifying rice-based cropping systems for better crop-livestock integration
13392,8428.0,2024.0,Spent waste of the edible mushroom Pleurotus ostreatus has potential,Innovation development,Quality Assessed,,,,,,,,,,,Spent waste of the edible mushroom Pleurotus ostreatus has potential
13393,8433.0,2024.0,Potential of P. ostreatus as a bio-control agent of root-knot,Innovation development,Quality Assessed,,,,,,,,,,,Potential of P. ostreatus as a bio-control agent of root-knot
13395,8453.0,2024.0,Scaling Fund: Unlocking the power of innovation scaling for transformative,Innovation development,Quality Assessed,,,,,,,,,,,Scaling Fund: Unlocking the power of innovation scaling for transformative
13396,8470.0,2024.0,Development of a Digital Twin for water resources management in,Innovation development,Quality Assessed,,,,,,,,,,,Development of a Digital Twin for water resources management in
13398,8487.0,2024.0, The Open Ontology-Based Interoperable Information Asset Metadata Schema (OIMS),Innovation development,Quality Assessed,,,,,,,,,,, The Open Ontology-Based Interoperable Information Asset Metadata Schema (OIMS)
13399,8504.0,2024.0,Use of Doctor Vida device for virus testing in sweetpotato,Innovation development,Quality Assessed,,,,,,,,,,,Use of Doctor Vida device for virus testing in sweetpotato
13400,8508.0,2024.0,Refinement of deep learning detection models to enhance a digital,Innovation development,Quality Assessed,,,,,,,,,,,Refinement of deep learning detection models to enhance a digital
13401,8510.0,2024.0,Recicle+ Network: Promoting Circular Entrepreneurship in Colombia,Innovation development,Quality Assessed,,,,,,,,,,,Recicle+ Network: Promoting Circular Entrepreneurship in Colombia
13403,8517.0,2024.0,Accurate detection of Banana Xanthomonas Wilt in complex african landscapes,Innovation development,Quality Assessed,,,,,,,,,,,Accurate detection of Banana Xanthomonas Wilt in complex african landscapes
13405,8542.0,2024.0,Selection of 65 days potato variety/es for the farmers of,Innovation development,Quality Assessed,,,,,,,,,,,Selection of 65 days potato variety/es for the farmers of
13406,8551.0,2024.0,"Sweetpotato genotypes selected for advanced yield trials for white, orange",Innovation development,Quality Assessed,,,,,,,,,,,"Sweetpotato genotypes selected for advanced yield trials for white, orange"
13408,8569.0,2024.0,AI Powered Realtime Banana Fusarium wilt detection using Unmanned Aerial,Innovation development,Quality Assessed,,,,,,,,,,,AI Powered Realtime Banana Fusarium wilt detection using Unmanned Aerial
13410,8581.0,2024.0,Reference Diet Deprivation (ReDD) index: a tool to measure diet,Innovation development,Quality Assessed,,,,,,,,,,,Reference Diet Deprivation (ReDD) index: a tool to measure diet
13411,8605.0,2024.0,Establishment of national or regional networks for rice disease surveillance,Innovation development,Quality Assessed,,,,,,,,,,,Establishment of national or regional networks for rice disease surveillance
13414,8646.0,2024.0,Penside rapid diagnostics for African swine fever for use by,Innovation development,Quality Assessed,,,,,,,,,,,Penside rapid diagnostics for African swine fever for use by
13416,8663.0,2024.0,A policy support toolkit for informing Agriculture Diversification in Eastern,Innovation development,Quality Assessed,,,,,,,,,,,A policy support toolkit for informing Agriculture Diversification in Eastern
13418,8689.0,2024.0,PathoTracer 2.0: Advanced Rice Disease Management through Dynamic Data Visualization,Innovation development,Quality Assessed,,,,,,,,,,,PathoTracer 2.0: Advanced Rice Disease Management through Dynamic Data Visualization
13419,8692.0,2024.0,Development of a high-throughput genotyping platform to monitor rice blast,Innovation development,Quality Assessed,,,,,,,,,,,Development of a high-throughput genotyping platform to monitor rice blast
13420,8707.0,2024.0,"Foresight Community of Practice: Transformative Tools for Food, Land, Water",Innovation development,Quality Assessed,,,,,,,,,,,"Foresight Community of Practice: Transformative Tools for Food, Land, Water"
13423,8730.0,2024.0,Biological treatments for the prevention of moniliasis in aromatic cocoa,Innovation development,Quality Assessed,,,,,,,,,,,Biological treatments for the prevention of moniliasis in aromatic cocoa
13424,8733.0,2024.0,Pathways towards improved economic resilience for women in agrifood systems,Innovation development,Quality Assessed,,,,,,,,,,,Pathways towards improved economic resilience for women in agrifood systems
13425,8734.0,2024.0,"Social behaviour change communication (SBCC) approach, through social media and",Innovation development,Quality Assessed,,,,,,,,,,,"Social behaviour change communication (SBCC) approach, through social media and"
13426,8738.0,2024.0,Supplemental irrigation of wheat to mitigate productivity loss when the,Innovation development,Quality Assessed,,,,,,,,,,,Supplemental irrigation of wheat to mitigate productivity loss when the
13428,8748.0,2024.0,A framework for incorporating gender considerations in One Health research,Innovation development,Quality Assessed,,,,,,,,,,,A framework for incorporating gender considerations in One Health research
13429,8777.0,2024.0,ILCYM Online: A web platform for insect life-table modeling,Innovation development,Quality Assessed,,,,,,,,,,,ILCYM Online: A web platform for insect life-table modeling
13430,8779.0,2024.0,Artificial intelligence tool developed to identify rice accessions in genebanks,Innovation development,Quality Assessed,,,,,,,,,,,Artificial intelligence tool developed to identify rice accessions in genebanks
13431,8792.0,2024.0,Decision support tools developed to manage Maize Lethal Necrosis (MLN),Innovation development,Quality Assessed,,,,,,,,,,,Decision support tools developed to manage Maize Lethal Necrosis (MLN)
13432,8793.0,2024.0,Dormancy breaking protocol for several crop wild relatives and forage,Innovation development,Quality Assessed,,,,,,,,,,,Dormancy breaking protocol for several crop wild relatives and forage
13433,8802.0,2024.0,Wheat Blast Early Warning System (EWS) for Bangladesh,Innovation development,Quality Assessed,,,,,,,,,,,Wheat Blast Early Warning System (EWS) for Bangladesh
13434,8824.0,2024.0,A cost-effective fungicide seed-dressing for the control of seed-borne bacterial,Innovation development,Quality Assessed,,,,,,,,,,,A cost-effective fungicide seed-dressing for the control of seed-borne bacterial
13438,8841.0,2024.0,Carbon project in the Colombian Orinoquia: Transforming grasslands for emission,Innovation development,Quality Assessed,,,,,,,,,,,Carbon project in the Colombian Orinoquia: Transforming grasslands for emission
13439,8850.0,2024.0,Identification of best integrated disease management protocols for Fusarium head,Innovation development,Quality Assessed,,,,,,,,,,,Identification of best integrated disease management protocols for Fusarium head
13440,8854.0,2024.0,Identification of best integrated disease management (IDM) protocols for wheat,Innovation development,Quality Assessed,,,,,,,,,,,Identification of best integrated disease management (IDM) protocols for wheat
13441,8855.0,2024.0,Identification of best integrated mycotoxin management practices for the control,Innovation development,Quality Assessed,,,,,,,,,,,Identification of best integrated mycotoxin management practices for the control
13444,8858.0,2024.0,"Processes for value chain actors to identify, adapt and co-design",Innovation development,Quality Assessed,,,,,,,,,,,"Processes for value chain actors to identify, adapt and co-design"
13446,8888.0,2024.0,Pre-released sweetpotato genotypes selected for on-farm evaluation:  triadic comparison,Innovation development,Quality Assessed,,,,,,,,,,,Pre-released sweetpotato genotypes selected for on-farm evaluation:  triadic comparison
13448,8895.0,2024.0,Genotypes with high nutritional qualities selected from sweetpotato breeding pipelines,Innovation development,Quality Assessed,,,,,,,,,,,Genotypes with high nutritional qualities selected from sweetpotato breeding pipelines
13449,8898.0,2024.0,"Sweetpotato varieties proposed for release in Uganda, Rwanda and Mozambique",Innovation development,Quality Assessed,,,,,,,,,,,"Sweetpotato varieties proposed for release in Uganda, Rwanda and Mozambique"
13451,8904.0,2024.0,Rapid propagation techniques significantly increased the supply of sweetpotato vine,Innovation development,Quality Assessed,,,,,,,,,,,Rapid propagation techniques significantly increased the supply of sweetpotato vine
13452,8908.0,2024.0,Business accelerator program to support the scaling of climate-resilient practices,Innovation development,Quality Assessed,,,,,,,,,,,Business accelerator program to support the scaling of climate-resilient practices
13453,8916.0,2024.0,Integrated rice-fish aquaculture systems for climate resilient rice based communities,Innovation development,Quality Assessed,,,,,,,,,,,Integrated rice-fish aquaculture systems for climate resilient rice based communities
13454,8919.0,2024.0,Protocol for the Inspection and Certification of Quality Declared Seed,Innovation development,Quality Assessed,,,,,,,,,,,Protocol for the Inspection and Certification of Quality Declared Seed
13456,8935.0,2024.0,Breakthrough discovery on plant odour sources to mimic attractant pheromones,Innovation development,Quality Assessed,,,,,,,,,,,Breakthrough discovery on plant odour sources to mimic attractant pheromones
13457,8938.0,2024.0,Maize seed treatment protocol developed and validated for eliminating contamination,Innovation development,Quality Assessed,,,,,,,,,,,Maize seed treatment protocol developed and validated for eliminating contamination
13458,8943.0,2024.0,Genebanks developing a multispectral imaging system (VideometerLab) to automate the,Innovation development,Quality Assessed,,,,,,,,,,,Genebanks developing a multispectral imaging system (VideometerLab) to automate the
13460,8954.0,2024.0,Faster growing genetically improved catla (Generation 1) produced in Bangladesh,Innovation development,Quality Assessed,,,,,,,,,,,Faster growing genetically improved catla (Generation 1) produced in Bangladesh
13464,8967.0,2024.0,Stem-cutting dipping in insecticides and entomopathogenic biopesticides control cassava whitefly,Innovation development,Quality Assessed,,,,,,,,,,,Stem-cutting dipping in insecticides and entomopathogenic biopesticides control cassava whitefly
13465,8968.0,2024.0,Implementation of Diversity for Restoration (D4R) to guide species and,Innovation development,Quality Assessed,,,,,,,,,,,Implementation of Diversity for Restoration (D4R) to guide species and
13466,8969.0,2024.0,Urban Diets and Food Environments (UFED) Tool to provide guidance,Innovation development,Quality Assessed,,,,,,,,,,,Urban Diets and Food Environments (UFED) Tool to provide guidance
13467,8983.0,2024.0,Creation of the Salinity Forecasting System: A Framework for Advancing,Innovation development,Quality Assessed,,,,,,,,,,,Creation of the Salinity Forecasting System: A Framework for Advancing
13468,8985.0,2024.0,Comprehensive assessment of salt and water dynamics in polder systems,Innovation development,Quality Assessed,,,,,,,,,,,Comprehensive assessment of salt and water dynamics in polder systems
13469,8986.0,2024.0,Development of Crop Water Usage Metrics in the Vietnam Mekong,Innovation development,Quality Assessed,,,,,,,,,,,Development of Crop Water Usage Metrics in the Vietnam Mekong
13470,8987.0,2024.0,The Open Learning Portal: Centralized Education on Sustainable Agriculture Practices,Innovation development,Quality Assessed,,,,,,,,,,,The Open Learning Portal: Centralized Education on Sustainable Agriculture Practices
13471,8990.0,2024.0,"Comprehensive Agronomy Solutions Hub: Streamlining Digital Data, Enhancing Research, Providing",Innovation development,Quality Assessed,,,,,,,,,,,"Comprehensive Agronomy Solutions Hub: Streamlining Digital Data, Enhancing Research, Providing"
13472,8996.0,2024.0,Excellence in Agronomy (EiA) Events: A Global Platform for Facilitating,Innovation development,Quality Assessed,,,,,,,,,,,Excellence in Agronomy (EiA) Events: A Global Platform for Facilitating
13473,8998.0,2024.0,Participatory variety selection and early generation seed production of cereals,Innovation development,Quality Assessed,,,,,,,,,,,Participatory variety selection and early generation seed production of cereals
13476,9013.0,2024.0,Empowering Tanzanian Farmers Through Farm to Market Alliance: Establishing Farmer,Innovation development,Quality Assessed,,,,,,,,,,,Empowering Tanzanian Farmers Through Farm to Market Alliance: Establishing Farmer
13478,9045.0,2024.0,Satellite remote sensing-based rice information and insurance in emerging economies,Innovation development,Quality Assessed,,,,,,,,,,,Satellite remote sensing-based rice information and insurance in emerging economies
13479,9051.0,2024.0,Crop yield estimation using Artificial Intelligence for Rice Crop Manager,Innovation development,Quality Assessed,,,,,,,,,,,Crop yield estimation using Artificial Intelligence for Rice Crop Manager
13480,9070.0,2024.0,"Milk quality monitoring platform: Collecting ,analyzing quality and price data",Innovation development,Quality Assessed,,,,,,,,,,,"Milk quality monitoring platform: Collecting ,analyzing quality and price data"
13481,9107.0,2024.0,Innovation hub for island food systems,Innovation use,Quality Assessed,True,Yes,Nusatupe Innovation Hub for Island Food Systems,Sustainable Food Systems Innovation,Food Frontiers and Security,200000,100000,20000,100000,100000,Innovation hub for island food systems
13483,9124.0,2024.0,Strategies for the management of seed yam reinfection and seed,Innovation development,Quality Assessed,,,,,,,,,,,Strategies for the management of seed yam reinfection and seed
13484,9165.0,2024.0,Remote sensing and AI tools for mapping banana fields for,Innovation development,Quality Assessed,,,,,,,,,,,Remote sensing and AI tools for mapping banana fields for
13485,9183.0,2024.0,Satellite-based static and dynamic crop host distribution maps for improving,Innovation development,Quality Assessed,,,,,,,,,,,Satellite-based static and dynamic crop host distribution maps for improving
13489,9224.0,2024.0,Development of an online tool to support cacao farmers designing,Innovation development,Quality Assessed,,,,,,,,,,,Development of an online tool to support cacao farmers designing
13490,9227.0,2024.0,Area-based Yield Index Insurance for rice based on satellite data,Innovation development,Quality Assessed,,,,,,,,,,,Area-based Yield Index Insurance for rice based on satellite data
13491,9254.0,2024.0,NARITA 17: A New Matooke Hybrid Banana Variety Developed Through,Innovation development,Quality Assessed,,,,,,,,,,,NARITA 17: A New Matooke Hybrid Banana Variety Developed Through
13492,9255.0,2024.0,Farmer biopesticide for fall armyworm management in Kenya and Zambia,Innovation development,Quality Assessed,,,,,,,,,,,Farmer biopesticide for fall armyworm management in Kenya and Zambia
13493,9256.0,2024.0,National and provincial Indigenous foods platform for strengthening island food,Innovation development,Quality Assessed,,,,,,,,,,,National and provincial Indigenous foods platform for strengthening island food
13494,9262.0,2024.0,"A scalable, multi-actor in vitro system for mass production and",Innovation development,Quality Assessed,,,,,,,,,,,"A scalable, multi-actor in vitro system for mass production and"
13496,9285.0,2024.0,"Defining harmonized indicators to understand and drive breeding modernization, improve",Innovation development,Quality Assessed,,,,,,,,,,,"Defining harmonized indicators to understand and drive breeding modernization, improve"
13497,9294.0,2024.0,Multi-stakeholder platform for managing complex and multifunctional landscapes for improving,Innovation development,Quality Assessed,True,Yes,"Multi-stakeholder platforms and inclusive engagement processes for managing complex (inter-sectoral, siloed and multi-layered) animal and aquatic foods systems in Zambia, Cambodia, Colombia",Sustainable Rangeland Management Initiatives,Sustainable Animal and Aquatic Foods , , 60K, ,400k (Scaling in other countries),200K,Multi-stakeholder platform for managing complex and multifunctional landscapes for improving
13498,9310.0,2024.0,"Innovation in Economic Modeling for Growth, Poverty Reduction, and Food",Innovation development,Quality Assessed,,,,,,,,,,,"Innovation in Economic Modeling for Growth, Poverty Reduction, and Food"
13499,9315.0,2024.0,Nature Positive Circular Bioeconomy Innovation Hubs: Accelerating collaboration for localized,Innovation development,Quality Assessed,,,,,,,,,,,Nature Positive Circular Bioeconomy Innovation Hubs: Accelerating collaboration for localized
13501,9337.0,2024.0,Decision Support Tool for Sustainable Aquaculture Development for key stakeholders,Innovation development,Quality Assessed,,,,,,,,,,,Decision Support Tool for Sustainable Aquaculture Development for key stakeholders
13503,9357.0,2024.0,Rice-Fish Suitability Decision Support System Modelling to inform the sustainable,Innovation development,Quality Assessed,,,,,,,,,,,Rice-Fish Suitability Decision Support System Modelling to inform the sustainable
13504,9373.0,2024.0,Small-scale feed processing and marketing by youth and women groups,Innovation development,Quality Assessed,,,,,,,,,,,Small-scale feed processing and marketing by youth and women groups
13505,9385.0,2024.0,Development of water storing fertilizer from agro-waste,Innovation development,Quality Assessed,,,,,,,,,,,Development of water storing fertilizer from agro-waste
13506,9410.0,2024.0,"Measuring, Reporting and Verification (MRV) framework for monitoring deforestation emissions",Innovation development,Quality Assessed,,,,,,,,,,,"Measuring, Reporting and Verification (MRV) framework for monitoring deforestation emissions"
13507,9441.0,2024.0,Gender Equality and Social Inclusion Strategy for the CGIAR Initiative,Innovation development,Quality Assessed,,,,,,,,,,,Gender Equality and Social Inclusion Strategy for the CGIAR Initiative
13510,9458.0,2024.0,Cooperative Climate Cleverness Check: Improvement and testing of tool to,Innovation development,Quality Assessed,,,,,,,,,,,Cooperative Climate Cleverness Check: Improvement and testing of tool to
13511,9465.0,2024.0,Indicators to measure access to seed by women and other,Innovation development,Quality Assessed,,,,,,,,,,,Indicators to measure access to seed by women and other
13512,9470.0,2024.0,Development of education and training materials for agricultural practices based,Innovation development,Quality Assessed,,,,,,,,,,,Development of education and training materials for agricultural practices based
13514,9510.0,2024.0,Development of a Participatory Guarantee System (PGS) by Seed Equal,Innovation development,Quality Assessed,,,,,,,,,,,Development of a Participatory Guarantee System (PGS) by Seed Equal
13515,9516.0,2024.0,Digital platform to support agro-climatic bulletin (ACB) development and tracking,Innovation development,Quality Assessed,,,,,,,,,,,Digital platform to support agro-climatic bulletin (ACB) development and tracking
13516,9521.0,2024.0,Crop Decision Tree (CDT) for development of seasonal Agro-Climatic Bulletin,Innovation development,Quality Assessed,,,,,,,,,,,Crop Decision Tree (CDT) for development of seasonal Agro-Climatic Bulletin
13517,9527.0,2024.0,Improving the the Agro-Climatic Bulletin (ACB) provided to farmers using,Innovation development,Quality Assessed,,,,,,,,,,,Improving the the Agro-Climatic Bulletin (ACB) provided to farmers using
13518,9535.0,2024.0,Citizens' Juries: Empowering communities to shape food systems policies to,Innovation development,Quality Assessed,,,,,,,,,,,Citizens' Juries: Empowering communities to shape food systems policies to
13519,9546.0,2024.0,Climate Security Sensitivity Tool for practitioners and policymakers to assess,Innovation development,Quality Assessed,,,,,,,,,,,Climate Security Sensitivity Tool for practitioners and policymakers to assess
13520,9553.0,2024.0,Co-production of knowledge in living labs for people (LL4P): Collaborative,Innovation development,Quality Assessed,,,,,,,,,,,Co-production of knowledge in living labs for people (LL4P): Collaborative
13521,9558.0,2024.0,RiceMore: Digital tool for monitoring and reporting rice production to,Innovation development,Quality Assessed,,,,,,,,,,,RiceMore: Digital tool for monitoring and reporting rice production to
13523,9564.0,2024.0,Piloting of web-based version of Digital system for Rice activity,Innovation development,Quality Assessed,,,,,,,,,,,Piloting of web-based version of Digital system for Rice activity
13524,9570.0,2024.0,Floating chambers for greenhouse gas (GHG) measurements in aquaculture designed,Innovation development,Quality Assessed,,,,,,,,,,,Floating chambers for greenhouse gas (GHG) measurements in aquaculture designed
13525,9573.0,2024.0,Development of Version 1 of model to project water table,Innovation development,Quality Assessed,,,,,,,,,,,Development of Version 1 of model to project water table
13526,9574.0,2024.0,Participatory Netmapping workshops to understand and envision Sustainable and Low-Emission,Innovation development,Quality Assessed,,,,,,,,,,,Participatory Netmapping workshops to understand and envision Sustainable and Low-Emission
13527,9587.0,2024.0,Fuzzy Cognitive Mapping in China to explore which and how,Innovation development,Quality Assessed,True,Yes,Fuzzy Cognitive Mapping in China to explore which and how factors interact and affect the overall performance of the low carbon food system among rural stakeholders,Sustainable Food Systems Innovation,Climate Action,,,,,,Fuzzy Cognitive Mapping in China to explore which and how
13529,9654.0,2024.0,AquaIndex: a framework of indicators for sustainable aquatic foods.,Innovation development,Quality Assessed,,,,,,,,,,,AquaIndex: a framework of indicators for sustainable aquatic foods.
13530,9670.0,2024.0,Dynamic systems model applied to aquatic food systems in Myanmar,Innovation development,Quality Assessed,,,,,,,,,,,Dynamic systems model applied to aquatic food systems in Myanmar
13531,9674.0,2024.0,Multiscale polycentric governance framework for practitioners and policy actors to,Innovation development,Quality Assessed,,,,,,,,,,,Multiscale polycentric governance framework for practitioners and policy actors to
13532,9678.0,2024.0,System-based theory of change is an improved methodology used by,Innovation use,Quality Assessed,,,,,,,,,,,System-based theory of change is an improved methodology used by
13533,9692.0,2024.0,Spatial Production Allocation Model (SPAM) 2020 for country studies of,Innovation development,Quality Assessed,,,,,,,,,,,Spatial Production Allocation Model (SPAM) 2020 for country studies of
13534,9697.0,2024.0,Optimizing tomato breeding lines: selecting locally adapted tomatoes for variety,Innovation development,Quality Assessed,,,,,,,,,,,Optimizing tomato breeding lines: selecting locally adapted tomatoes for variety
13535,9700.0,2024.0,Optimizing pepper breeding lines: selecting locally adapted peppers for variety,Innovation development,Quality Assessed,,,,,,,,,,,Optimizing pepper breeding lines: selecting locally adapted peppers for variety
13536,9706.0,2024.0,"Optimizing vegetable varieties: improved, locally adapted vegetable cultivars in Benin",Innovation development,Quality Assessed,,,,,,,,,,,"Optimizing vegetable varieties: improved, locally adapted vegetable cultivars in Benin"
13537,9710.0,2024.0,Urban Infant Foodscape Intervention designed to improve food hygiene behaviours,Innovation development,Quality Assessed,,,,,,,,,,,Urban Infant Foodscape Intervention designed to improve food hygiene behaviours
13538,9718.0,2024.0,"Strengthening Capacity, Incentives and Institutions for Food Safety in Ethiopia",Innovation development,Quality Assessed,,,,,,,,,,,"Strengthening Capacity, Incentives and Institutions for Food Safety in Ethiopia"
13539,9719.0,2024.0,A WhatsApp-based distance learning network platform: Bridging the digital and,Innovation development,Quality Assessed,,,,,,,,,,,A WhatsApp-based distance learning network platform: Bridging the digital and
13540,9721.0,2024.0,Responsible Digital Transformation Toolbox in Agri-Food Systems: Addressing challenges in,Innovation development,Quality Assessed,,,,,,,,,,,Responsible Digital Transformation Toolbox in Agri-Food Systems: Addressing challenges in
13541,9722.0,2024.0,DINA (Digital Innovation Navigation Assistant): An Artificial Intelligence chatbot to,Innovation development,Quality Assessed,,,,,,,,,,,DINA (Digital Innovation Navigation Assistant): An Artificial Intelligence chatbot to
13542,9724.0,2024.0,Co-Lab: An online collaboration and learning platform for transforming challenges,Innovation development,Quality Assessed,,,,,,,,,,,Co-Lab: An online collaboration and learning platform for transforming challenges
13543,9729.0,2024.0,Excellence in Agronomy Village Communication App for extension staff and,Innovation development,Quality Assessed,,,,,,,,,,,Excellence in Agronomy Village Communication App for extension staff and
13544,9765.0,2024.0,Introduction of land shaping to farmers to harvest rainwater that,Innovation development,Quality Assessed,,,,,,,,,,,Introduction of land shaping to farmers to harvest rainwater that
13545,9805.0,2024.0,Layanan Konsultasi Padi (Rice Crop Manager Indonesia): A digital advisory,Innovation development,Quality Assessed,,,,,,,,,,,Layanan Konsultasi Padi (Rice Crop Manager Indonesia): A digital advisory
13546,9847.0,2024.0,"Nature-Positive Aggregated Permaculture Farms: Enhancing Ecosystem Services, Livelihoods, and Sustainable",Innovation development,Quality Assessed,True,Yes,"Nature-Positive Aggregated Permaculture Farms: Enhancing Ecosystem Services, Livelihoods, and Sustainable Farming Practices for Smallholder Farmers in Nyando and Vihiga, Kenya",Agroecological Innovations for Tribal Farmers,Multifunctional Landscapes ,200000,200000,FAo Treaty,500000,750000,"Nature-Positive Aggregated Permaculture Farms: Enhancing Ecosystem Services, Livelihoods, and Sustainable"
13547,9865.0,2024.0,"Simulation modelling of leaf blast, neck blast, and bacterial blight",Innovation development,Quality Assessed,,,,,,,,,,,"Simulation modelling of leaf blast, neck blast, and bacterial blight"
13548,9898.0,2024.0,Improving household nutritional status and income through Orange fleshed sweetpotato,Innovation development,Quality Assessed,,,,,,,,,,,Improving household nutritional status and income through Orange fleshed sweetpotato
13549,9908.0,2024.0,"Improvded soybean agronomic advisory, market and weather services in Northern",Innovation development,Quality Assessed,,,,,,,,,,,"Improvded soybean agronomic advisory, market and weather services in Northern"
13551,9913.0,2024.0,"Community-designed One Health Units as a model for integrated human,",Innovation development,Quality Assessed,,,,,,,,,,,"Community-designed One Health Units as a model for integrated human,"
13552,9946.0,2024.0,Innovative Urochloa humidicola planting systems using stolons: A successful case,Innovation development,Quality Assessed,,,,,,,,,,,Innovative Urochloa humidicola planting systems using stolons: A successful case
13553,10024.0,2024.0,Intensifying Homestead Gardens to Boost Food Security and Empower Women,Innovation development,Quality Assessed,,,,,,,,,,,Intensifying Homestead Gardens to Boost Food Security and Empower Women
13554,10026.0,2024.0,Sustainable Intensification of Livestock Production within Mixed Farming Systems,Innovation development,Quality Assessed,,,,,,,,,,,Sustainable Intensification of Livestock Production within Mixed Farming Systems
13555,10035.0,2024.0,Integrated Striga Management for Maize,Innovation development,Quality Assessed,,,,,,,,,,,Integrated Striga Management for Maize
13556,10041.0,2024.0,Cassava peel as a nutritious animal feed for livestock feed,Innovation development,Quality Assessed,,,,,,,,,,,Cassava peel as a nutritious animal feed for livestock feed
13557,10071.0,2024.0,Rapid Analysis of Country-Level Greenhouse Gas (GHG) Emission and Mitigation,Innovation development,Quality Assessed,,,,,,,,,,,Rapid Analysis of Country-Level Greenhouse Gas (GHG) Emission and Mitigation
13558,10078.0,2024.0,"A farmers-focused monitoring, reporting, and verification framework (MRV) for tracking",Innovation development,Quality Assessed,,,,,,,,,,,"A farmers-focused monitoring, reporting, and verification framework (MRV) for tracking"
13559,10108.0,2024.0,Integrated Agriculture-Aquaculture (IAA) systems that produce aquatic and terrestrial foods,Innovation development,Quality Assessed,,,,,,,,,,,Integrated Agriculture-Aquaculture (IAA) systems that produce aquatic and terrestrial foods
13561,10258.0,2024.0,"Bioinputs to improve yields of CCN51 cocoa variety in Ucayali, Peru",Innovation development,Quality Assessed,,,,,,,,,,,"Bioinputs to improve yields of CCN51 cocoa variety in Ucayali, Peru"
13562,10263.0,2024.0,Production of saline tolerant potato variety under zero tillage using,Innovation development,Quality Assessed,,,,,,,,,,,Production of saline tolerant potato variety under zero tillage using
13563,10304.0,2024.0,Contextualized better management practices (BMPs) for Genetically Improved Farmed Tilapia,Innovation development,Quality Assessed,,,,,,,,,,,Contextualized better management practices (BMPs) for Genetically Improved Farmed Tilapia
13564,10308.0,2024.0,Collaborative learning platform EncontrAR:  Agricultura Resiliente al Clima en,Innovation development,Quality Assessed,,,,,,,,,,,Collaborative learning platform EncontrAR:  Agricultura Resiliente al Clima en
13565,10312.0,2024.0,Contextualized better management practices (BMPs) to support tilapia grow out,Innovation use,Quality Assessed,,,,,,,,,,,Contextualized better management practices (BMPs) to support tilapia grow out
13566,10363.0,2024.0,Digital crop maps and forecasting maps of salinity vulnerable areas,Innovation development,Quality Assessed,,,,,,,,,,,Digital crop maps and forecasting maps of salinity vulnerable areas
13567,10454.0,2024.0,Low-cost solutions to improve tomato transport and storage,Innovation development,Quality Assessed,,,,,,,,,,,Low-cost solutions to improve tomato transport and storage
13568,10460.0,2024.0,Enhancing PCR-based methods for bacteria detection on rice seeds. Validation,Innovation development,Quality Assessed,,,,,,,,,,,Enhancing PCR-based methods for bacteria detection on rice seeds. Validation
13569,10465.0,2024.0,"""Eyes on the Ground Challenge"": A competitive online crowdsourcing program",Innovation development,Quality Assessed,,,,,,,,,,,"""Eyes on the Ground Challenge"": A competitive online crowdsourcing program"
13571,10472.0,2024.0,Measuring aquatic food consumption in the first 1000 days of,Innovation development,Quality Assessed,,,,,,,,,,,Measuring aquatic food consumption in the first 1000 days of
13573,10483.0,2024.0, Development of a Loop-Mediated Isothermal Amplification (LAMP) method,Innovation development,Quality Assessed,,,,,,,,,,, Development of a Loop-Mediated Isothermal Amplification (LAMP) method
13576,10494.0,2024.0,Research tools on the impact of gender norms on women's,Innovation development,Quality Assessed,,,,,,,,,,,Research tools on the impact of gender norms on women's
13578,10539.0,2024.0,"Monitoring, evaluation and learning framework for the implementation of the",Innovation development,Quality Assessed,,,,,,,,,,,"Monitoring, evaluation and learning framework for the implementation of the"
13579,10568.0,2024.0,Protocols for the Development of Food Products from Biofortified Rice,Innovation development,Quality Assessed,,,,,,,,,,,Protocols for the Development of Food Products from Biofortified Rice
13580,10955.0,2024.0,The miniSASS mobile app for river health assessment,Innovation development,Quality Assessed,,,,,,,,,,,The miniSASS mobile app for river health assessment
13581,11133.0,2024.0,Capturing the gender-intentional regional target product profiles (TPP) for rice,Innovation development,Quality Assessed,,,,,,,,,,,Capturing the gender-intentional regional target product profiles (TPP) for rice
13634,12030.0,2024.0,The CGIAR initivative AgriLAC develops prototypes of more nutritious food,Innovation development,Quality Assessed,,,,,,,,,,,The CGIAR initivative AgriLAC develops prototypes of more nutritious food
13647,12043.0,2024.0,Intelligent Agricultural Systems Advisory Tool-A Digital Platform for Scalable Contextual,Innovation development,Quality Assessed,,,,,,,,,,,Intelligent Agricultural Systems Advisory Tool-A Digital Platform for Scalable Contextual
13691,6224.0,2024.0,Innovation teams participating in the AgriFoodTech and ClimateTech Innovation Challenge,Innovation use,Quality Assessed,,,,,,,,,,,Innovation teams participating in the AgriFoodTech and ClimateTech Innovation Challenge
13788,12179.0,2024.0,Mobile application for digital extension and advisory services (IDEAS) to,Innovation development,Quality Assessed,,,,,,,,,,,Mobile application for digital extension and advisory services (IDEAS) to
13789,12180.0,2024.0,"Multiplication and dissemination business model, for tropically-adapted and farmer-preferred improved",Innovation development,Quality Assessed,,,,,,,,,,,"Multiplication and dissemination business model, for tropically-adapted and farmer-preferred improved"
13790,12181.0,2024.0,Mobile application to optimize feed formulations based on locally available,Innovation development,Quality Assessed,,,,,,,,,,,Mobile application to optimize feed formulations based on locally available
13791,12182.0,2024.0,Mobile application for chicken breeding data management to ease data,Innovation development,Quality Assessed,,,,,,,,,,,Mobile application for chicken breeding data management to ease data
13795,12186.0,2024.0,Integrated nutrition education package to smallholder chicken keepers for increased,Innovation development,Quality Assessed,,,,,,,,,,,Integrated nutrition education package to smallholder chicken keepers for increased
13797,12188.0,2024.0,Animal identification and traceability system for livestock keepers and other,Innovation development,Quality Assessed,,,,,,,,,,,Animal identification and traceability system for livestock keepers and other
13798,12189.0,2024.0,Optimized indigenous forages of Ethiopia for smallholder farmer small ruminant,Innovation development,Quality Assessed,,,,,,,,,,,Optimized indigenous forages of Ethiopia for smallholder farmer small ruminant
13799,12190.0,2024.0,Innovation Package and Scaling Readiness assessment for guidance for researchers,Innovation Package,Quality Assessed,True,Yes,Innovation Package and Scaling Readiness assessment for guidance for researchers and development agencies working with women farmers to co-design and implemen socio-technical innovation bundles (stibs) for strengthening resilience of women farmers in Kenya,Empowering Women in Agrifood Systems,Gender,,,,,,Innovation Package and Scaling Readiness assessment for guidance for researchers
13802,7709.0,2024.0,Innovation Package and Scaling Readiness assessment for women’s empowerment in,Innovation Package,Quality Assessed,True,Yes,Innovation Package and Scaling Readiness assessment for women’s empowerment in agrifood governance (weagov) assessment framework on national agrifood policymaking in Nigeria,Empowering Women in Agrifood Systems,Gender,0,200000,15000,300000,350000,Innovation Package and Scaling Readiness assessment for women’s empowerment in
13890,12278.0,2024.0,Innovation Package and Scaling Readiness assessment for restoring rangelands: the,Innovation Package,Quality Assessed,,,,,,,,,,,Innovation Package and Scaling Readiness assessment for restoring rangelands: the
13900,12287.0,2024.0,Augmentation workflows for scaling of major genes in mainstream breeding,Innovation development,Quality Assessed,,,,,,,,,,,Augmentation workflows for scaling of major genes in mainstream breeding
13912,12299.0,2024.0,"Integration of multipurpose forages with improved agronomic practices, cereal-legume intercropping,",Innovation development,Quality Assessed,,,,,,,,,,,"Integration of multipurpose forages with improved agronomic practices, cereal-legume intercropping,"
13929,12316.0,2024.0,Building agronomy and soil data hub for tailoring agronomic solutions,Innovation development,Quality Assessed,,,,,,,,,,,Building agronomy and soil data hub for tailoring agronomic solutions
13954,12341.0,2024.0,"6,000 farmers in Odisha, India, use the ISAT Climate Information",Innovation use,Quality Assessed,,,,,,,,,,,"6,000 farmers in Odisha, India, use the ISAT Climate Information"
13992,12377.0,2024.0,"Innovation Package and Scaling Readiness assessment for measuring, reporting and",Innovation Package,Quality Assessed,,,,,,,,,,,"Innovation Package and Scaling Readiness assessment for measuring, reporting and"
13998,12383.0,2024.0,Robust management practice ('ram effect') for enhanced reproductive performance of,Innovation development,Quality Assessed,,,,,,,,,,,Robust management practice ('ram effect') for enhanced reproductive performance of
14042,12427.0,2024.0,Protocol and tools to assess causes of reproduction failures in,Innovation development,Quality Assessed,,,,,,,,,,,Protocol and tools to assess causes of reproduction failures in
14066,12451.0,2024.0,Farmers make better use of local crop and tree diversity,Innovation use,Quality Assessed,True,Yes,"Farmers make better use of local crop and tree diversity for food and nutrition security, income generation, and climate change adaptation",Sustainable Agriculture for Smallholders,Multifunctional Landscapes ,300000,150000,NARS partner staff time,150000,150000,Farmers make better use of local crop and tree diversity
14067,12452.0,2024.0,Uptake of NATURE+ research methods and results for sustainable rural,Innovation use,Quality Assessed,,,,,,,,,,,Uptake of NATURE+ research methods and results for sustainable rural
14085,12470.0,2024.0,"File Manager: Open-Source, Secure Data Management & Sharing",Innovation development,Quality Assessed,,,,,,,,,,,"File Manager: Open-Source, Secure Data Management & Sharing"
14129,12514.0,2024.0,Nature Positive Solutions raises awareness about the importance of Neglected,Innovation use,Quality Assessed,,,,,,,,,,,Nature Positive Solutions raises awareness about the importance of Neglected
14130,12515.0,2024.0,The women's group of Watinoma adds five new crops to,Innovation use,Quality Assessed,,,,,,,,,,,The women's group of Watinoma adds five new crops to
14131,12516.0,2024.0,Farmers in Burkina Faso learn new production methods for yield,Innovation use,Quality Assessed,,,,,,,,,,,Farmers in Burkina Faso learn new production methods for yield
14134,12519.0,2024.0,"Innovation Package and Scaling Readiness assessment for multidimensional, survey-based index",Innovation Package,Quality Assessed,True,Yes,"Innovation Package and Scaling Readiness assessment for multidimensional, survey-based index to measure how restrictive gender and social norms are for women engaged in different roles within particular agri-food systems in Tanzania, United Republic",Empowering Women in Agrifood Systems,Gender,,,,,,"Innovation Package and Scaling Readiness assessment for multidimensional, survey-based index"
14136,12521.0,2024.0,AgWise: A Modular Framework Delivering Tailored Agronomic Recommendations for Farmers,Innovation development,Quality Assessed,,,,,,,,,,,AgWise: A Modular Framework Delivering Tailored Agronomic Recommendations for Farmers
14159,12544.0,2024.0,Sustainable Healthy Diets country coordination unit in Bangladesh supported national,Innovation use,Quality Assessed,True,Yes,"Country Coordination Units in... Bangladesh [12544], Ethiopia [8761], and Vietnam [248]",Sustainable Food Systems Innovation,Better Diets and Nutrition,,297000,,,,Sustainable Healthy Diets country coordination unit in Bangladesh supported national
14194,12579.0,2024.0,Participatory videomaking: a tool to improve understanding of adolescents' perceptions,Innovation development,Quality Assessed,,,,,,,,,,,Participatory videomaking: a tool to improve understanding of adolescents' perceptions
14195,12580.0,2024.0,"Timely, accurate, and cost-effective means for high-frequency monitoring of both",Innovation development,Quality Assessed,,,,,,,,,,,"Timely, accurate, and cost-effective means for high-frequency monitoring of both"
14196,12581.0,2024.0,Guidance for conducting better evaluations of food system interventions to,Innovation development,Quality Assessed,,,,,,,,,,,Guidance for conducting better evaluations of food system interventions to
14198,12583.0,2024.0,Retail Diversity Index: a tool to characterize the diversity of,Innovation development,Quality Assessed,,,,,,,,,,,Retail Diversity Index: a tool to characterize the diversity of
14199,12584.0,2024.0,Holistic conceptual framework: a resource for decisionmakers to use in,Innovation development,Quality Assessed,,,,,,,,,,,Holistic conceptual framework: a resource for decisionmakers to use in
14200,12585.0,2024.0,Methodology for building participatory national food system monitoring dashboards tested,Innovation development,Quality Assessed,,,,,,,,,,,Methodology for building participatory national food system monitoring dashboards tested
14203,12588.0,2024.0,Innovation Package and Scaling Readiness assessment for participatory rangeland management:,Innovation Package,Quality Assessed,,,,,,,,,,,Innovation Package and Scaling Readiness assessment for participatory rangeland management:
14209,12594.0,2024.0,Several CGIAR and NARES Breeding Teams adopted one central breeding,Innovation use,Quality Assessed,,,,,,,,,,,Several CGIAR and NARES Breeding Teams adopted one central breeding
14210,12595.0,2024.0,Two National Programs (NARES) that are partners to IRRI onboarded,Innovation use,Quality Assessed,,,,,,,,,,,Two National Programs (NARES) that are partners to IRRI onboarded
14219,12604.0,2024.0,Using automatic speech recognition to transcribe voice messages from African,Innovation use,Quality Assessed,,,,,,,,,,,Using automatic speech recognition to transcribe voice messages from African
14222,12607.0,2024.0,AI-driven system for common bean disease detection,Innovation development,Quality Assessed,,,,,,,,,,,AI-driven system for common bean disease detection
14237,12622.0,2024.0,Development of a Machine Learning Model for Predicting Rice Blast,Innovation development,Quality Assessed,,,,,,,,,,,Development of a Machine Learning Model for Predicting Rice Blast
14239,12624.0,2024.0,The World’s First Seawater Irrigation Rice Salinity Screening Facility,Innovation development,Quality Assessed,,,,,,,,,,,The World’s First Seawater Irrigation Rice Salinity Screening Facility
14240,12625.0,2024.0,Strategic and Innovative Research Roadmap to Develop Climate Resilient Rice,Innovation development,Quality Assessed,,,,,,,,,,,Strategic and Innovative Research Roadmap to Develop Climate Resilient Rice
14296,12681.0,2024.0,Aggregated farms In Kenya lead farmers to engage in new,Innovation use,Quality Assessed,True,Yes,Aggregated farms In Kenya lead farmers to engage in new opportunities for value chains and business development,Outliers/Independent,Multifunctional Landscapes ,200000,150000,NARS partner staff time,150000,250000,Aggregated farms In Kenya lead farmers to engage in new
14328,12713.0,2024.0,Weigh band for cattle to support smallholder cattle keepers in,Innovation development,Quality Assessed,,,,,,,,,,,Weigh band for cattle to support smallholder cattle keepers in
14331,12716.0,2024.0,improved nappier fodder for Mixed Farming Systems of Mid-hills Nepal,Innovation development,Quality Assessed,,,,,,,,,,,improved nappier fodder for Mixed Farming Systems of Mid-hills Nepal
14332,12717.0,2024.0,Training package for animal health service providers for improved herd,Innovation development,Quality Assessed,,,,,,,,,,,Training package for animal health service providers for improved herd
14347,12732.0,2024.0,Improved fodder (Napier) for mid-hill smallholder mixed farming systems to,Innovation development,Quality Assessed,,,,,,,,,,,Improved fodder (Napier) for mid-hill smallholder mixed farming systems to
14385,12770.0,2024.0,South Asia Drought Monitoring System (SADMS) remote-data driven monitoring platform,Innovation use,Quality Assessed,,,,,,,,,,,South Asia Drought Monitoring System (SADMS) remote-data driven monitoring platform
14413,12798.0,2024.0,Pyramid of 3 blast genes conferring extremely broad-spectrum resistance has,Innovation development,Quality Assessed,,,,,,,,,,,Pyramid of 3 blast genes conferring extremely broad-spectrum resistance has
14442,12827.0,2024.0,62 high-value genes were deployed to an elite indica background,Innovation development,Quality Assessed,,,,,,,,,,,62 high-value genes were deployed to an elite indica background
14447,12832.0,2024.0,Expediting trait discovery and validation through construction of ready-made discovery,Innovation development,Quality Assessed,,,,,,,,,,,Expediting trait discovery and validation through construction of ready-made discovery
14591,7545.0,2024.0,Innovation Package and Scaling Readiness assessment for mechanization starter pack,Innovation Package,Quality Assessed,,,,,,,,,,,Innovation Package and Scaling Readiness assessment for mechanization starter pack
14626,13008.0,2024.0,Seeds of Change: Transforming School Meals with Biofortified Crops in,Innovation use,Quality Assessed,,,,,,,,,,,Seeds of Change: Transforming School Meals with Biofortified Crops in
14653,13035.0,2024.0,Livestock farmer group model for better innovation uptake in Mai,Innovation use,Quality Assessed,,,,,,,,,,,Livestock farmer group model for better innovation uptake in Mai
14666,13048.0,2024.0,"Sampling Frames Tool: Empowering Researchers in Data Collection, Validation Trials,",Innovation development,Quality Assessed,,,,,,,,,,,"Sampling Frames Tool: Empowering Researchers in Data Collection, Validation Trials,"
14678,5444.0,2024.0,Innovation Package and Scaling Readiness Assessment for Small-Scale Feed Pellet,Innovation Package,Quality Assessed,,,,,,,,,,,Innovation Package and Scaling Readiness Assessment for Small-Scale Feed Pellet
14792,13162.0,2024.0,Breeding budgets allocated by breeding leads across Centers according to,Innovation use,Quality Assessed,,,,,,,,,,,Breeding budgets allocated by breeding leads across Centers according to
14796,8458.0,2024.0,The Agroecology Initiative started implementing three agroecological business incubation and,Innovation development,Quality Assessed,True,Yes,"The Agroecology Initiative started implementing three agroecological business incubation and acceleration programs, one self-supported and two in collaboration with partners.",Innovative Agroecological System Transformation,Multifunctional Landscapes ,0,300000,0,350000,350000,The Agroecology Initiative started implementing three agroecological business incubation and
14826,13195.0,2024.0,Facilitation of scaling-out of business models with companies and machinery,Innovation use,Quality Assessed,,,,,,,,,,,Facilitation of scaling-out of business models with companies and machinery
14832,13200.0,2024.0,Hectares of land registered for farmer adoption and use of,Innovation use,Quality Assessed,,,,,,,,,,,Hectares of land registered for farmer adoption and use of
14837,13205.0,2024.0,Digital innovation portfolio management tool to support CGIAR portfolio managers,Innovation development,Quality Assessed,,,,,,,,,,,Digital innovation portfolio management tool to support CGIAR portfolio managers
14844,13212.0,2024.0,Partnerships have been developed with private sector and implemented in,Innovation use,Quality Assessed,,,,,,,,,,,Partnerships have been developed with private sector and implemented in
14884,13252.0,2024.0,Editing of cassava sweet genes for resistance to cassava bacterial,Innovation development,Quality Assessed,,,,,,,,,,,Editing of cassava sweet genes for resistance to cassava bacterial
14888,13256.0,2024.0,High-fidelity genome editing tool for banana using Cas-CLOVER,Innovation development,Quality Assessed,,,,,,,,,,,High-fidelity genome editing tool for banana using Cas-CLOVER
14902,13270.0,2024.0,Diversity for Restoration (D4R) tool for Northern Vietnam: online catalogue,Innovation development,Quality Assessed,,,,,,,,,,,Diversity for Restoration (D4R) tool for Northern Vietnam: online catalogue
14916,13284.0,2024.0,My Farm Trees: Digital platform with blockchain to incentivize farmer-,Innovation development,Quality Assessed,,,,,,,,,,,My Farm Trees: Digital platform with blockchain to incentivize farmer-
14988,13356.0,2024.0,Diversity for Restoration (D4R) India - A digital solution to,Innovation development,Quality Assessed,,,,,,,,,,,Diversity for Restoration (D4R) India - A digital solution to
1510,1492.0,2022.0,CIAT Urochloa hybrid seed sales and adoption among cattle producers,Innovation use,Quality Assessed,,,,,,,,,,,CIAT Urochloa hybrid seed sales and adoption among cattle producers
15111,13479.0,2024.0,Establishment of Community Living Lab for scaling of mixed farming,Innovation development,Quality Assessed,,,,,,,,,,,Establishment of Community Living Lab for scaling of mixed farming
15116,13484.0,2024.0,Improving Internal Nitrogen Accumulation and Utilization through Manipulating Catabolic Pathways,Innovation development,Quality Assessed,,,,,,,,,,,Improving Internal Nitrogen Accumulation and Utilization through Manipulating Catabolic Pathways
15125,13493.0,2024.0,Gender transformative Online training course on inclusive agronomic solutions to,Innovation development,Quality Assessed,,,,,,,,,,,Gender transformative Online training course on inclusive agronomic solutions to
15127,13495.0,2024.0,Development and validation of quality assurance and quality control molecular,Innovation development,Quality Assessed,,,,,,,,,,,Development and validation of quality assurance and quality control molecular
15129,13497.0,2024.0,Online training course on AKILIMO: Trainer's Course on Cassava Agronomy,Innovation development,Quality Assessed,,,,,,,,,,,Online training course on AKILIMO: Trainer's Course on Cassava Agronomy
15133,13501.0,2024.0,Online training course on Human Centered Design: Where People Power,Innovation development,Quality Assessed,,,,,,,,,,,Online training course on Human Centered Design: Where People Power
15138,13506.0,2024.0,Online training course for researchers and extension agents  on,Innovation development,Quality Assessed,,,,,,,,,,,Online training course for researchers and extension agents  on
15142,13510.0,2024.0,Online training course on decision-making in a changing climate for,Innovation development,Quality Assessed,,,,,,,,,,,Online training course on decision-making in a changing climate for
15144,13512.0,2024.0,Online training course for researchers on Introduction to Randomized Control,Innovation development,Quality Assessed,,,,,,,,,,,Online training course for researchers on Introduction to Randomized Control
15146,3213.0,2024.0,Scaling Readiness mainstreamed by CGIAR to operationalize its 2030 Research,Innovation use,Quality Assessed,,,,,,,,,,,Scaling Readiness mainstreamed by CGIAR to operationalize its 2030 Research
15148,13515.0,2024.0, EiA Add on Surveys online course to collaborate &,Innovation development,Quality Assessed,,,,,,,,,,, EiA Add on Surveys online course to collaborate &
15150,13517.0,2024.0,Innovation Package and Scaling Readiness assessment for innovation portfolio management,Innovation Package,Quality Assessed,,,,,,,,,,,Innovation Package and Scaling Readiness assessment for innovation portfolio management
15222,13589.0,2024.0,Development of a protocol for the isolation of protoplasts from,Innovation development,Quality Assessed,,,,,,,,,,,Development of a protocol for the isolation of protoplasts from
15248,13613.0,2024.0,Advance market commitments for climate-resilient traits in food crops for,Innovation development,Quality Assessed,,,,,,,,,,,Advance market commitments for climate-resilient traits in food crops for
15295,13660.0,2024.0,Rice Sustainability Hub: A knowledge hub for rice carbon credit,Innovation development,Quality Assessed,,,,,,,,,,,Rice Sustainability Hub: A knowledge hub for rice carbon credit
15297,13662.0,2024.0,VarScout empowers farmers and researchers in Latin America and Africa,Innovation use,Quality Assessed,,,,,,,,,,,VarScout empowers farmers and researchers in Latin America and Africa
15356,13721.0,2024.0,My Farm Trees: Digital platform with blockchain to incentivize farmer-,Innovation development,Quality Assessed,,,,,,,,,,,My Farm Trees: Digital platform with blockchain to incentivize farmer-
15357,13722.0,2024.0,"Online training course for researchers on Data Collection Tools, Data",Innovation development,Quality Assessed,,,,,,,,,,,"Online training course for researchers on Data Collection Tools, Data"
15361,13726.0,2024.0,Online training course on Developing Representative Sampling Frames for Multi-Location,Innovation development,Quality Assessed,,,,,,,,,,,Online training course on Developing Representative Sampling Frames for Multi-Location
15367,13732.0,2024.0,Improvement of genetic gains in the market segment for the,Innovation development,Quality Assessed,,,,,,,,,,,Improvement of genetic gains in the market segment for the
15374,13739.0,2024.0,Online course on Emerging Techniques and Innovations in Agricultural Development,Innovation development,Quality Assessed,,,,,,,,,,,Online course on Emerging Techniques and Innovations in Agricultural Development
15380,13745.0,2024.0,Online training course on mechanized and direct seeded Rice for,Innovation development,Quality Assessed,,,,,,,,,,,Online training course on mechanized and direct seeded Rice for
15383,13748.0,2024.0,Online training course on Promoting the Adoption of Conservation Agriculture,Innovation development,Quality Assessed,,,,,,,,,,,Online training course on Promoting the Adoption of Conservation Agriculture
15432,13797.0,2024.0,Research Enabling and Oversight Unit to guide genome editing research,Innovation development,Quality Assessed,,,,,,,,,,,Research Enabling and Oversight Unit to guide genome editing research
15453,13818.0,2024.0,Managed Aquifer Recharge for co-managing floods and drought Innovation was,Innovation use,Quality Assessed,,,,,,,,,,,Managed Aquifer Recharge for co-managing floods and drought Innovation was
1549,1531.0,2022.0,Socio-technical bundle for Sustainable Land Management/Climate Smart Agriculture for restoring,Innovation development,Quality Assessed,,,,,,,,,,,Socio-technical bundle for Sustainable Land Management/Climate Smart Agriculture for restoring
15492,13857.0,2024.0,Participatory development of forages for inclusive integration in crop-tree-livestock systems,Innovation development,Quality Assessed,,,,,,,,,,,Participatory development of forages for inclusive integration in crop-tree-livestock systems
15563,13928.0,2024.0,Accelerating Zambia’s bean seed systems,Innovation use,Quality Assessed,,,,,,,,,,,Accelerating Zambia’s bean seed systems
15572,13937.0,2024.0,Use of citizen science with youth engagement in the Andes,Innovation use,Quality Assessed,,,,,,,,,,,Use of citizen science with youth engagement in the Andes
15701,14066.0,2024.0,Design of activities and high-level outputs for the different CGIAR,Innovation use,Quality Assessed,,,,,,,,,,,Design of activities and high-level outputs for the different CGIAR
15705,14070.0,2024.0,Ministry of Agriculture and Rural Development in Vietnam pilots mechanized,Innovation use,Quality Assessed,,,,,,,,,,,Ministry of Agriculture and Rural Development in Vietnam pilots mechanized
15715,14080.0,2024.0,Expansion of the Cumbal model: Integrated agrobiodiversity conservation,Innovation development,Quality Assessed,,,,,,,,,,,Expansion of the Cumbal model: Integrated agrobiodiversity conservation
15731,14096.0,2024.0,Stage-gate process to improve efficacy of genome edited products,Innovation development,Quality Assessed,,,,,,,,,,,Stage-gate process to improve efficacy of genome edited products
15737,4878.0,2024.0,Innovation Package and Scaling Readiness assessment for decision support tool,Innovation Package,Quality Assessed,,,,,,,,,,,Innovation Package and Scaling Readiness assessment for decision support tool
15738,4693.0,2024.0,Innovation Package and Scaling Readiness assessment for a set of,Innovation Package,Quality Assessed,,,,,,,,,,,Innovation Package and Scaling Readiness assessment for a set of
15746,14109.0,2024.0,Reservoir Forecasting: Predictive tool that forecasts future reservoir levels based,Innovation development,Quality Assessed,,,,,,,,,,,Reservoir Forecasting: Predictive tool that forecasts future reservoir levels based
15754,14117.0,2024.0,Underground transfer of floods for irrigation: Strengthening Climate Resilience and,Innovation development,Quality Assessed,,,,,,,,,,,Underground transfer of floods for irrigation: Strengthening Climate Resilience and
15783,14146.0,2024.0,Construct design and assembly to target the eIF4E gene for,Innovation development,Quality Assessed,,,,,,,,,,,Construct design and assembly to target the eIF4E gene for
15785,14148.0,2024.0,Optimizing Protocol for Protoplast Isolation and Transfection for Potato Shangi,Innovation development,Quality Assessed,,,,,,,,,,,Optimizing Protocol for Protoplast Isolation and Transfection for Potato Shangi
15790,14153.0,2024.0,Forage observatory: open access platform with relevant indicators for tropical,Innovation development,Quality Assessed,,,,,,,,,,,Forage observatory: open access platform with relevant indicators for tropical
15818,11288.0,2024.0,Innovation Package and Scaling Readiness assessment for inclusive multi-stakeholder knowledge,Innovation Package,Quality Assessed,,,,,,,,,,,Innovation Package and Scaling Readiness assessment for inclusive multi-stakeholder knowledge
15887,14246.0,2024.0,"Improved Forage for Livestock Nutrition, Soil Fertility, and Sustainable Crop-Livestock",Innovation development,Quality Assessed,,,,,,,,,,,"Improved Forage for Livestock Nutrition, Soil Fertility, and Sustainable Crop-Livestock"
15894,14252.0,2024.0,Advancing Women and Youth Empowerment in Southern Bangladesh Through Homestead,Innovation development,Quality Assessed,,,,,,,,,,,Advancing Women and Youth Empowerment in Southern Bangladesh Through Homestead
15902,14260.0,2024.0,"e-Agrology Data Collection System for Central America (Guatemala, Honduras, and",Innovation use,Quality Assessed,,,,,,,,,,,"e-Agrology Data Collection System for Central America (Guatemala, Honduras, and"
15919,14277.0,2024.0,Dual-Purpose Maize Varieties for Grain and Livestock Feed in Vientiane,Innovation development,Quality Assessed,,,,,,,,,,,Dual-Purpose Maize Varieties for Grain and Livestock Feed in Vientiane
15955,14313.0,2024.0,A robust breeding system (BRIO) for common bean established within,Innovation use,Quality Assessed,,,,,,,,,,,A robust breeding system (BRIO) for common bean established within
15957,14315.0,2024.0,Dissemination of biofortified corn seed ICTA (Instituto de Ciencia y,Innovation use,Quality Assessed,,,,,,,,,,,Dissemination of biofortified corn seed ICTA (Instituto de Ciencia y
15992,14350.0,2024.0,Effective QTL for improving grain zinc in rice,Innovation development,Quality Assessed,,,,,,,,,,,Effective QTL for improving grain zinc in rice
15994,14352.0,2024.0,Low-Carbon Footprint Rice Hybrid (IR139216H),Innovation development,Quality Assessed,,,,,,,,,,,Low-Carbon Footprint Rice Hybrid (IR139216H)
15996,11855.0,2024.0,Innovation Package and Scaling Readiness assessment for fertilizer recommendation tool,Innovation Package,Quality Assessed,,,,,,,,,,,Innovation Package and Scaling Readiness assessment for fertilizer recommendation tool
15997,11667.0,2024.0,Innovation Package and Scaling Readiness assessment for the system approach,Innovation Package,Quality Assessed,,,,,,,,,,,Innovation Package and Scaling Readiness assessment for the system approach
15998,11634.0,2024.0,Innovation Package and Scaling Readiness assessment for Harmonized Digital Fertilizer,Innovation Package,Quality Assessed,,,,,,,,,,,Innovation Package and Scaling Readiness assessment for Harmonized Digital Fertilizer
15999,11600.0,2024.0,Innovation Package and Scaling Readiness assessment for Managing planting time,Innovation Package,Quality Assessed,,,,,,,,,,,Innovation Package and Scaling Readiness assessment for Managing planting time
16000,6862.0,2024.0,Innovation Package and Scaling Readiness assessment for cropping calendar advisories,Innovation Package,Quality Assessed,,,,,,,,,,,Innovation Package and Scaling Readiness assessment for cropping calendar advisories
16001,5596.0,2024.0,Innovation Package and Scaling Readiness assessment for supporting sustainable soybean,Innovation Package,Quality Assessed,,,,,,,,,,,Innovation Package and Scaling Readiness assessment for supporting sustainable soybean
16028,14380.0,2024.0,The Rural Energy Insecurity Experiences Scale: a tool to measure,Innovation development,Quality Assessed,,,,,,,,,,,The Rural Energy Insecurity Experiences Scale: a tool to measure
16031,4544.0,2024.0,Innovation Package and Scaling Readiness assessment for installment of subnational,Innovation Package,Quality Assessed,,,,,,,,,,,Innovation Package and Scaling Readiness assessment for installment of subnational
16042,14393.0,2024.0,Elite lines with multiple resistance genes effective against rice yellow,Innovation development,Quality Assessed,,,,,,,,,,,Elite lines with multiple resistance genes effective against rice yellow
16060,14411.0,2024.0,"In Burkina Faso, Participants of the Agroecology Living Landscape built",Innovation use,Quality Assessed,,,,,,,,,,,"In Burkina Faso, Participants of the Agroecology Living Landscape built"
16092,14443.0,2024.0,Digital Twin Open Data Cube: Repository of raster data products,Innovation development,Quality Assessed,,,,,,,,,,,Digital Twin Open Data Cube: Repository of raster data products
16105,14456.0,2024.0,A survey finds that the ISAT Climate Information Services is,Innovation use,Quality Assessed,,,,,,,,,,,A survey finds that the ISAT Climate Information Services is
16119,14470.0,2024.0,Impact of CGIAR crop research on global agricultural productivity and,Innovation use,Quality Assessed,,,,,,,,,,,Impact of CGIAR crop research on global agricultural productivity and
16135,14486.0,2024.0,Eolo Platform for Seasonal Forecasting in Honduras,Innovation development,Quality Assessed,,,,,,,,,,,Eolo Platform for Seasonal Forecasting in Honduras
16143,14494.0,2024.0,[Manual] Training Module: Gender Responsive Digital Inclusion,Innovation development,Quality Assessed,,,,,,,,,,,[Manual] Training Module: Gender Responsive Digital Inclusion
16160,14511.0,2024.0,MSOIL: Digital Platform for Soil Health Monitoring and Management,Innovation development,Quality Assessed,,,,,,,,,,,MSOIL: Digital Platform for Soil Health Monitoring and Management
16170,14521.0,2024.0,Incidence and distribution of seed-borne viruses of chickpea and faba,Innovation development,Quality Assessed,,,,,,,,,,,Incidence and distribution of seed-borne viruses of chickpea and faba
16173,14524.0,2024.0,"Detection of Four Legume Viruses (AMV, CMV, BYMV, PSbMV) in",Innovation development,Quality Assessed,,,,,,,,,,,"Detection of Four Legume Viruses (AMV, CMV, BYMV, PSbMV) in"
16174,14525.0,2024.0,Reverse transcription-polymerase chain reaction (RT-PCR) assay for detection and characterization,Innovation development,Quality Assessed,,,,,,,,,,,Reverse transcription-polymerase chain reaction (RT-PCR) assay for detection and characterization
16177,14528.0,2024.0,Field-based assessment of the effectiveness of rust resistance genes under,Innovation development,Quality Assessed,,,,,,,,,,,Field-based assessment of the effectiveness of rust resistance genes under
16178,14529.0,2024.0,"Surveillance and Monitoring the Cereal Rust Diseases in Lebanon, Morocco",Innovation development,Quality Assessed,,,,,,,,,,,"Surveillance and Monitoring the Cereal Rust Diseases in Lebanon, Morocco"
16179,14530.0,2024.0,"Analysis of prevalent races of wheat rust pathogens in Lebanon,",Innovation development,Quality Assessed,,,,,,,,,,,"Analysis of prevalent races of wheat rust pathogens in Lebanon,"
16193,14542.0,2024.0,Improved version of Simcast (decision support system) for late blight,Innovation development,Quality Assessed,,,,,,,,,,,Improved version of Simcast (decision support system) for late blight
16229,14577.0,2024.0,"Building Resilience, Inclusive Growth & Holistic Transformation (BRIGHT) Integrated Household",Innovation development,Quality Assessed,,,,,,,,,,,"Building Resilience, Inclusive Growth & Holistic Transformation (BRIGHT) Integrated Household"
16270,14618.0,2024.0,Fall armyworm (Spodoptera frugiperda) management using pheromone-based mass trapping data,Innovation development,Quality Assessed,,,,,,,,,,,Fall armyworm (Spodoptera frugiperda) management using pheromone-based mass trapping data
16322,14669.0,2024.0,Development and evaluation of eco-friendly biopesticides against aphids and pod,Innovation development,Quality Assessed,,,,,,,,,,,Development and evaluation of eco-friendly biopesticides against aphids and pod
16323,14670.0,2024.0,Management of food legume pod borer and aphids through intercropping,Innovation development,Quality Assessed,,,,,,,,,,,Management of food legume pod borer and aphids through intercropping
16326,14673.0,2024.0,Demonstration and scaling of integrated management of parasitic weeds on,Innovation development,Quality Assessed,,,,,,,,,,,Demonstration and scaling of integrated management of parasitic weeds on
16329,14676.0,2024.0,Clean cassava planting material produced by NARS using cassava rapid,Innovation use,Quality Assessed,,,,,,,,,,,Clean cassava planting material produced by NARS using cassava rapid
16365,14712.0,2024.0,Decision support tool on Water-Energy-Food-Environmental (WEFE) Nexus for improving water,Innovation development,Quality Assessed,,,,,,,,,,,Decision support tool on Water-Energy-Food-Environmental (WEFE) Nexus for improving water
16371,14718.0,2024.0,Toolbox4seedsystems,Innovation development,Quality Assessed,,,,,,,,,,,Toolbox4seedsystems
16376,14723.0,2024.0,Adoption of feeds & forages and animal health innovations by,Innovation use,Quality Assessed,,,,,,,,,,,Adoption of feeds & forages and animal health innovations by
16427,14773.0,2024.0,Methodology for GHG emission reductions from manure-fed biogas digesters in,Innovation development,Quality Assessed,,,,,,,,,,,Methodology for GHG emission reductions from manure-fed biogas digesters in
16458,10256.0,2024.0,The farmers who were previously reached through the AKILIMO platform,Innovation use,Quality Assessed,True,Yes,Data-Driven Decision Support Tools Empowering Smallholder Farmers with AKILIMO,Outliers/Independent,Sustainable Farming,,,,,,The farmers who were previously reached through the AKILIMO platform
16511,14855.0,2024.0,Low glycemic index and high protein rice to transform health,Innovation use,Quality Assessed,,,,,,,,,,,Low glycemic index and high protein rice to transform health
16513,14857.0,2024.0,Expansion of the Direct Seeded Rice Breeding Network to better,Innovation development,Quality Assessed,,,,,,,,,,,Expansion of the Direct Seeded Rice Breeding Network to better
16514,14858.0,2024.0,Climate-resilient high night temperature tolerant rice from genetics to variety,Innovation development,Quality Assessed,,,,,,,,,,,Climate-resilient high night temperature tolerant rice from genetics to variety
16539,14883.0,2024.0,A decision tree to drive best practices in trait discovery,Innovation development,Quality Assessed,,,,,,,,,,,A decision tree to drive best practices in trait discovery
16562,14906.0,2024.0,Global updated rangeland ecosystem climate change projections through 2050 using,Innovation development,Quality Assessed,,,,,,,,,,,Global updated rangeland ecosystem climate change projections through 2050 using
16567,6189.0,2024.0,Innovation Package and Scaling Readiness assessment for tools for pioneer,Innovation Package,Quality Assessed,,,,,,,,,,,Innovation Package and Scaling Readiness assessment for tools for pioneer
16568,6127.0,2024.0,Innovation Package and Scaling Readiness assessment for tools for pioneer,Innovation Package,Quality Assessed,,,,,,,,,,,Innovation Package and Scaling Readiness assessment for tools for pioneer
16569,6084.0,2024.0,Innovation Package and Scaling Readiness assessment for the ganso (ganaderia,Innovation Package,Quality Assessed,,,,,,,,,,,Innovation Package and Scaling Readiness assessment for the ganso (ganaderia
16570,5437.0,2024.0,Innovation Package and Scaling Readiness assessment for financial tool targeted,Innovation Package,Quality Assessed,,,,,,,,,,,Innovation Package and Scaling Readiness assessment for financial tool targeted
16572,4532.0,2024.0,Innovation Package and Scaling Readiness assessment for participatory land use,Innovation Package,Quality Assessed,,,,,,,,,,,Innovation Package and Scaling Readiness assessment for participatory land use
16583,14921.0,2024.0,Management of persistently aphid-transmitted faba bean viruses in Tunisia,Innovation development,Quality Assessed,,,,,,,,,,,Management of persistently aphid-transmitted faba bean viruses in Tunisia
16595,14933.0,2024.0,"Restoration Co-Design (ReCoDe): fusing global with local knowledge for cost-effective,",Innovation development,Quality Assessed,,,,,,,,,,,"Restoration Co-Design (ReCoDe): fusing global with local knowledge for cost-effective,"
16597,14935.0,2024.0,Innovation Package and Scaling Readiness assessment for atmospheric water harvesting,Innovation Package,Quality Assessed,,,,,,,,,,,Innovation Package and Scaling Readiness assessment for atmospheric water harvesting
16668,15005.0,2024.0,A new era in agricultural training: Bangladesh launches pioneering combine,Innovation development,Quality Assessed,,,,,,,,,,,A new era in agricultural training: Bangladesh launches pioneering combine
16676,15013.0,2024.0,Innovation Package and Scaling Readiness assessment for vertical farming for host,Innovation Package,Quality Assessed,,,,,,,,,,,Innovation Package and Scaling Readiness assessment for vertical farming for host
16680,15017.0,2024.0,Innovation Package and Scaling Readiness assessment for conflict forecast for digital,Innovation Package,Quality Assessed,,,,,,,,,,,Innovation Package and Scaling Readiness assessment for conflict forecast for digital
16708,3771.0,2024.0,"Aflasafe, a biocontrol technology reducing aflatoxin in maize, groundnut, and",Innovation use,Quality Assessed,,,,,,,,,,,"Aflasafe, a biocontrol technology reducing aflatoxin in maize, groundnut, and"
16709,3690.0,2024.0,"Aflasafe, a biocontrol technology reducing aflatoxin in maize, groundnut, and",Innovation use,Quality Assessed,,,,,,,,,,,"Aflasafe, a biocontrol technology reducing aflatoxin in maize, groundnut, and"
16712,3674.0,2024.0,"Aflasafe, a biocontrol technology reducing aflatoxin in maize, groundnut, and",Innovation use,Quality Assessed,,,,,,,,,,,"Aflasafe, a biocontrol technology reducing aflatoxin in maize, groundnut, and"
16714,3428.0,2024.0,"Public-private partnership among Plant Health Initiative, World Food Program, Koppert,",Innovation use,Quality Assessed,,,,,,,,,,,"Public-private partnership among Plant Health Initiative, World Food Program, Koppert,"
16715,3386.0,2024.0,"Aflasafe, a biocontrol technology reducing aflatoxin in maize, groundnut, and",Innovation use,Quality Assessed,,,,,,,,,,,"Aflasafe, a biocontrol technology reducing aflatoxin in maize, groundnut, and"
16716,3380.0,2024.0,"Aflasafe, a biocontrol technology reducing aflatoxin in maize, groundnut, and",Innovation use,Quality Assessed,,,,,,,,,,,"Aflasafe, a biocontrol technology reducing aflatoxin in maize, groundnut, and"
16717,3351.0,2024.0,"Aflasafe, a biocontrol technology reducing aflatoxin in maize, groundnut, and",Innovation use,Quality Assessed,True,Yes,Aflasafe: aflatoxin biocontrol for safer crops and resilient food systems focusing mainly on maize and grounduts,Aflatoxin Reduction in African Crops,Sustainable Farming,700000,800000," $2,000,000",2000000,2000000,"Aflasafe, a biocontrol technology reducing aflatoxin in maize, groundnut, and"
16731,15051.0,2024.0,"Progress report of Aflasafe activities in Madagascar, co funded by",Innovation development,Quality Assessed,,,,,,,,,,,"Progress report of Aflasafe activities in Madagascar, co funded by"
16732,15052.0,2024.0,"Progress report of Aflasafe activities in Sierra Leone, co funded",Innovation development,Quality Assessed,,,,,,,,,,,"Progress report of Aflasafe activities in Sierra Leone, co funded"
16892,15212.0,2024.0,Promotion and use of Feeds & Forages  innovations by,Innovation use,Quality Assessed,,,,,,,,,,,Promotion and use of Feeds & Forages  innovations by
16920,15239.0,2024.0,Global Rice Breeding Program (GRBP),Innovation development,Quality Assessed,,,,,,,,,,,Global Rice Breeding Program (GRBP)
16925,15244.0,2024.0,Improved access of fisherfolk in Myanmar to digital climate advisories,Innovation use,Quality Assessed,,,,,,,,,,,Improved access of fisherfolk in Myanmar to digital climate advisories
16926,15245.0,2024.0,Improved access of rice farmers in Myanmar to digital climate,Innovation use,Quality Assessed,,,,,,,,,,,Improved access of rice farmers in Myanmar to digital climate
16927,15246.0,2024.0,Improved access of pulse farmers in Myanmar to digital climate,Innovation use,Quality Assessed,,,,,,,,,,,Improved access of pulse farmers in Myanmar to digital climate
16929,15248.0,2024.0,Harvest warnings based on weather forecasts through interactive voice messaging,Innovation use,Quality Assessed,,,,,,,,,,,Harvest warnings based on weather forecasts through interactive voice messaging
1693,1675.0,2022.0,Development of an integrated multi scale modeling in mixed farming,Innovation development,Quality Assessed,,,,,,,,,,,Development of an integrated multi scale modeling in mixed farming
16949,15268.0,2024.0,"Automated water level sensors adopted by farmers in Can Tho,",Innovation use,Quality Assessed,,,,,,,,,,,"Automated water level sensors adopted by farmers in Can Tho,"
16971,15290.0,2024.0,Innovation Package and Scaling Readiness assessment for climate-related risk maps,Innovation Package,Quality Assessed,,,,,,,,,,,Innovation Package and Scaling Readiness assessment for climate-related risk maps
17007,15325.0,2024.0,Improved access of farmers in Bangladesh to weather forecast-based agro-advisories,Innovation use,Quality Assessed,,,,,,,,,,,Improved access of farmers in Bangladesh to weather forecast-based agro-advisories
17008,15326.0,2024.0,Improved access of farmers in Vietnam to agro-climatic advisories for,Innovation use,Quality Assessed,,,,,,,,,,,Improved access of farmers in Vietnam to agro-climatic advisories for
17010,15328.0,2024.0,Continued use and integration of the agro-climatic bulletins (ACBs) in,Innovation use,Quality Assessed,,,,,,,,,,,Continued use and integration of the agro-climatic bulletins (ACBs) in
17034,15352.0,2024.0,"With the provision by CGIAR of chicken, training, and alternative",Innovation use,Quality Assessed,,,,,,,,,,,"With the provision by CGIAR of chicken, training, and alternative"
17037,8471.0,2024.0,"Since 2022, 100 farmers, extension agents and two organizations in",Innovation use,Quality Assessed,,,,,,,,,,,"Since 2022, 100 farmers, extension agents and two organizations in"
17049,15366.0,2024.0,Efficient co-evolved parasitoids (Cotesia marginiventris and Chelonus insularis) released in,Innovation development,Quality Assessed,,,,,,,,,,,Efficient co-evolved parasitoids (Cotesia marginiventris and Chelonus insularis) released in
17228,15545.0,2024.0,Policy Tracker for Projects: A framework and template for developing,Innovation development,Quality Assessed,,,,,,,,,,,Policy Tracker for Projects: A framework and template for developing
17310,15626.0,2024.0,Toolkit for exploring yield growth to 2050: Updating exogenous yield,Innovation development,Quality Assessed,,,,,,,,,,,Toolkit for exploring yield growth to 2050: Updating exogenous yield
17344,15660.0,2024.0,New rice varieties released in South Asia,Innovation development,Quality Assessed,,,,,,,,,,,New rice varieties released in South Asia
17366,9547.0,2024.0,Stakeholders of Kenyan partner organization DNRC (Dry Lands Natural Resources,Innovation use,Quality Assessed,,,,,,,,,,,Stakeholders of Kenyan partner organization DNRC (Dry Lands Natural Resources
17368,15683.0,2024.0,Innovation Package and Scaling Readiness assessment for business models for,Innovation Package,Quality Assessed,,,,,,,,,,,Innovation Package and Scaling Readiness assessment for business models for
17370,15685.0,2024.0,Agroecological Business Model for the Dairy Value Chain of Bobo-Dioulasso,Innovation development,Quality Assessed,,,,,,,,,,,Agroecological Business Model for the Dairy Value Chain of Bobo-Dioulasso
17375,355.0,2024.0,Systematic assessments of national programs' strengths and change ambitions in,Innovation use,Quality Assessed,,,,,,,,,,,Systematic assessments of national programs' strengths and change ambitions in
17377,7658.0,2024.0,"CGIAR breeding pipelines are oriented towards specific market segments, enabling",Innovation use,Quality Assessed,,,,,,,,,,,"CGIAR breeding pipelines are oriented towards specific market segments, enabling"
17378,15691.0,2024.0,Agroecological Dairy Production in Burkina Faso: Sustainable Farming Innovations for,Innovation development,Quality Assessed,,,,,,,,,,,Agroecological Dairy Production in Burkina Faso: Sustainable Farming Innovations for
17405,15718.0,2024.0,Cooperative forage seed production and sharing system among dairy farmers,Innovation development,Quality Assessed,,,,,,,,,,,Cooperative forage seed production and sharing system among dairy farmers
17439,15751.0,2024.0,"A cooperative in Nepal starts commercialising biofermentated rice straw, an",Innovation use,Quality Assessed,,,,,,,,,,,"A cooperative in Nepal starts commercialising biofermentated rice straw, an"
17459,15771.0,2024.0,Digital tools for advising dairy farmers engaged in agroecological transition:,Innovation development,Quality Assessed,,,,,,,,,,,Digital tools for advising dairy farmers engaged in agroecological transition:
17461,15773.0,2024.0,Village Livestock Promoters in Nepal use a business model for,Innovation use,Quality Assessed,,,,,,,,,,,Village Livestock Promoters in Nepal use a business model for
17462,15774.0,2024.0,Yogurts made from local milk and flavored with natural extracts,Innovation development,Quality Assessed,,,,,,,,,,,Yogurts made from local milk and flavored with natural extracts
17463,15775.0,2024.0,"In the Kiambu Agroecology Living Landscape, more than 20 farmers",Innovation use,Quality Assessed,,,,,,,,,,,"In the Kiambu Agroecology Living Landscape, more than 20 farmers"
17464,15776.0,2024.0,"In Kiambu, since 2022, at least 30 farmers of the",Innovation use,Quality Assessed,,,,,,,,,,,"In Kiambu, since 2022, at least 30 farmers of the"
17468,15780.0,2024.0,"ShareFair: An Interactive Knowledge-Sharing Event for Practitioners, Policymakers, and Researchers",Innovation development,Quality Assessed,,,,,,,,,,,"ShareFair: An Interactive Knowledge-Sharing Event for Practitioners, Policymakers, and Researchers"
17475,15787.0,2024.0,20 farmers utilize every drop of water using water recycling,Innovation use,Quality Assessed,,,,,,,,,,,20 farmers utilize every drop of water using water recycling
17477,15789.0,2024.0,"Since 2023, at least 28 farmers in The Agroecology Living",Innovation use,Quality Assessed,,,,,,,,,,,"Since 2023, at least 28 farmers in The Agroecology Living"
17479,8567.0,2024.0,Stakeholders of Kenyan partner organization CSHEP (Community Sustainable Agriculture and,Innovation use,Quality Assessed,,,,,,,,,,,Stakeholders of Kenyan partner organization CSHEP (Community Sustainable Agriculture and
17480,15791.0,2024.0,"Since 2024, the host center of the Agroecology Living Landscape",Innovation use,Quality Assessed,,,,,,,,,,,"Since 2024, the host center of the Agroecology Living Landscape"
17484,15795.0,2024.0,Water champions to promote One Health in Ethiopia,Innovation development,Quality Assessed,,,,,,,,,,,Water champions to promote One Health in Ethiopia
17485,15796.0,2024.0, Breeding lines screened for Biotic and Abiotic stress response,Innovation development,Quality Assessed,,,,,,,,,,, Breeding lines screened for Biotic and Abiotic stress response
17486,15797.0,2024.0,Optimized biodiversity management of rice based ecosystem for improved ecosystem,Innovation development,Quality Assessed,,,,,,,,,,,Optimized biodiversity management of rice based ecosystem for improved ecosystem
17517,8736.0,2024.0,Innovation Package and Scaling Readiness assessment for Pencil stem technology,Innovation Package,Quality Assessed,,,,,,,,,,,Innovation Package and Scaling Readiness assessment for Pencil stem technology
17547,5419.0,2024.0,Innovation Package and Scaling Readiness assessment for participatory rangeland management:,Innovation Package,Quality Assessed,,,,,,,,,,,Innovation Package and Scaling Readiness assessment for participatory rangeland management:
17595,15904.0,2024.0,"Since 2023, 200 dairy farmers of the Agroecology Living Landscape",Innovation use,Quality Assessed,,,,,,,,,,,"Since 2023, 200 dairy farmers of the Agroecology Living Landscape"
17600,15909.0,2024.0,"Centenary Bank pilots CGIAR's climate-linked digital risk-scoring system, integrating climate",Innovation use,Quality Assessed,,,,,,,,,,,"Centenary Bank pilots CGIAR's climate-linked digital risk-scoring system, integrating climate"
17601,15910.0,2024.0,Integrated Agriculture-Aquaculture (IAA) system to produce aquatic and terrestrial foods,Innovation use,Quality Assessed,,,,,,,,,,,Integrated Agriculture-Aquaculture (IAA) system to produce aquatic and terrestrial foods
17602,15911.0,2024.0,"Since 2024, 15 dairy processing units of the Agroecology Living",Innovation use,Quality Assessed,,,,,,,,,,,"Since 2024, 15 dairy processing units of the Agroecology Living"
17635,15944.0,2024.0,Bayer Crop Sciences scales up site-specific nutrient management for rice,Innovation use,Quality Assessed,,,,,,,,,,,Bayer Crop Sciences scales up site-specific nutrient management for rice
17638,15947.0,2024.0,Innovation Package and Scaling Readiness assessment for innovative software tools,Innovation Package,Quality Assessed,,,,,,,,,,,Innovation Package and Scaling Readiness assessment for innovative software tools
17648,10022.0,2024.0,Innovation Package and Scaling Readiness assessment for strip cropping is,Innovation Package,Quality Assessed,,,,,,,,,,,Innovation Package and Scaling Readiness assessment for strip cropping is
17649,7949.0,2024.0,Innovation Package and Scaling Readiness assessment for creating cost-effective home-mixed,Innovation Package,Quality Assessed,,,,,,,,,,,Innovation Package and Scaling Readiness assessment for creating cost-effective home-mixed
17650,4519.0,2024.0,Innovation Package and Scaling Readiness assessment for conservation is a,Innovation Package,Quality Assessed,,,,,,,,,,,Innovation Package and Scaling Readiness assessment for conservation is a
17651,4518.0,2024.0,Innovation Package and Scaling Readiness assessment for conservation is a,Innovation Package,Quality Assessed,,,,,,,,,,,Innovation Package and Scaling Readiness assessment for conservation is a
17652,4491.0,2024.0,"Innovation Package and Scaling Readiness assessment for through this initiative,",Innovation Package,Quality Assessed,,,,,,,,,,,"Innovation Package and Scaling Readiness assessment for through this initiative,"
17655,15959.0,2024.0,Multi-Dimensional Sustainability Assessment Tool (MSAT) for Smallholder Farming Systems to,Innovation development,Quality Assessed,,,,,,,,,,,Multi-Dimensional Sustainability Assessment Tool (MSAT) for Smallholder Farming Systems to
17660,15964.0,2024.0,New rice varieties released in East and Southern Africa,Innovation development,Quality Assessed,,,,,,,,,,,New rice varieties released in East and Southern Africa
17669,15973.0,2024.0,Innovation Package and Scaling Readiness assessment for groundwater management information,Innovation Package,Quality Assessed,,,,,,,,,,,Innovation Package and Scaling Readiness assessment for groundwater management information
17672,15976.0,2024.0,Capacity development innovation on gender transformative approaches in agrifood systems:,Innovation development,Quality Assessed,,,,,,,,,,,Capacity development innovation on gender transformative approaches in agrifood systems:
17766,16069.0,2024.0,Tool for Meteorological Data Collection and Field Testing for simplification,Innovation development,Quality Assessed,,,,,,,,,,,Tool for Meteorological Data Collection and Field Testing for simplification
17795,16098.0,2024.0,The Feed Assessment Tool (FEAST 3.0): a systematic method to,Innovation development,Quality Assessed,,,,,,,,,,,The Feed Assessment Tool (FEAST 3.0): a systematic method to
17821,16123.0,2024.0,On-farm Feed Advisor (OFA) app: a mobile tool designed for,Innovation development,Quality Assessed,,,,,,,,,,,On-farm Feed Advisor (OFA) app: a mobile tool designed for
17844,16145.0,2024.0,Marker development and validation for high throughput monitoring of African,Innovation development,Quality Assessed,,,,,,,,,,,Marker development and validation for high throughput monitoring of African
17954,16254.0,2024.0,"Since 2023, the Dairy innovation platform in Dioulasso (Burkina Faso)",Innovation use,Quality Assessed,,,,,,,,,,,"Since 2023, the Dairy innovation platform in Dioulasso (Burkina Faso)"
17956,16256.0,2024.0,Genesis Empresarial Foundation pilots and adopts a novel climate-linked scoring,Innovation use,Quality Assessed,,,,,,,,,,,Genesis Empresarial Foundation pilots and adopts a novel climate-linked scoring
17980,16280.0,2024.0,The innovation model for integrated decentralized food system governance at,Innovation development,Quality Assessed,,,,,,,,,,,The innovation model for integrated decentralized food system governance at
18070,16367.0,2024.0,Community Dialogues of Elders to integrate Indigenous Knowledge Systems (IKS),Innovation development,Quality Assessed,,,,,,,,,,,Community Dialogues of Elders to integrate Indigenous Knowledge Systems (IKS)
18079,16376.0,2024.0,Aquatic fern Azolla farming as a sustainable feed source for,Innovation development,Quality Assessed,,,,,,,,,,,Aquatic fern Azolla farming as a sustainable feed source for
18100,16397.0,2024.0,"Mechanization packages, composed of two-wheel tractor, trailer, reaper, chopper grinder,",Innovation development,Quality Assessed,,,,,,,,,,,"Mechanization packages, composed of two-wheel tractor, trailer, reaper, chopper grinder,"
18101,16398.0,2024.0,"Integrated Agroecological Knowledge: Empowering Farmers in Zimbabwe Through Seed Fairs,",Innovation development,Quality Assessed,,,,,,,,,,,"Integrated Agroecological Knowledge: Empowering Farmers in Zimbabwe Through Seed Fairs,"
18105,16402.0,2024.0,"Participatory development of a wetlands management plan in Attapeu province,",Innovation development,Quality Assessed,,,,,,,,,,,"Participatory development of a wetlands management plan in Attapeu province,"
18137,16434.0,2024.0,Workflows for conducting spatial ex ante analysis of agronomic interventions,Innovation development,Quality Assessed,,,,,,,,,,,Workflows for conducting spatial ex ante analysis of agronomic interventions
18144,16441.0,2024.0,Smallholder pig keepers in Uganda adopt a SAPLING developed pig,Innovation use,Quality Assessed,,,,,,,,,,,Smallholder pig keepers in Uganda adopt a SAPLING developed pig
18150,16447.0,2024.0,Adoption of cattle and pig artificial insemination by livestock keepers,Innovation use,Quality Assessed,,,,,,,,,,,Adoption of cattle and pig artificial insemination by livestock keepers
18156,16453.0,2024.0,Improved protocol for the germination of pigeonpea wild species,Innovation development,Quality Assessed,,,,,,,,,,,Improved protocol for the germination of pigeonpea wild species
1816,1798.0,2022.0,Scaling Scan is a self-assessment tool to explore the requirements,Innovation use,Quality Assessed,,,,,,,,,,,Scaling Scan is a self-assessment tool to explore the requirements
18164,16461.0,2024.0,Automatic monitoring of trees in silvopastoral systems,Innovation development,Quality Assessed,,,,,,,,,,,Automatic monitoring of trees in silvopastoral systems
18168,16465.0,2024.0,Establishing a sweetpotato breeding network in West Africa to address,Innovation development,Quality Assessed,,,,,,,,,,,Establishing a sweetpotato breeding network in West Africa to address
18173,16470.0,2024.0,"Since 2022, 1000 food system actors in Mbire, Zimbabwe reduce",Innovation use,Quality Assessed,,,,,,,,,,,"Since 2022, 1000 food system actors in Mbire, Zimbabwe reduce"
18175,16472.0,2024.0,With improved access to inputs and technical support provided by,Innovation use,Quality Assessed,,,,,,,,,,,With improved access to inputs and technical support provided by
18186,16482.0,2024.0,"Online, interactive tool to provide policymakers with easy access to",Innovation development,Quality Assessed,,,,,,,,,,,"Online, interactive tool to provide policymakers with easy access to"
18187,16483.0,2024.0,Training of trainers (ToT) program designed to support actors working,Innovation development,Quality Assessed,,,,,,,,,,,Training of trainers (ToT) program designed to support actors working
18189,16485.0,2024.0,Scale to assess food safety experiences and concerns of consumers,Innovation development,Quality Assessed,,,,,,,,,,,Scale to assess food safety experiences and concerns of consumers
18190,16486.0,2024.0,"Since 2022, 150 farmers in Murehwa, Zimbabwe, reduce labor time",Innovation use,Quality Assessed,,,,,,,,,,,"Since 2022, 150 farmers in Murehwa, Zimbabwe, reduce labor time"
18191,16487.0,2024.0,Toolkit developed and piloted to support actors facilitating subnational implementation,Innovation development,Quality Assessed,,,,,,,,,,,Toolkit developed and piloted to support actors facilitating subnational implementation
18202,16497.0,2024.0,National rain gauge network of Honduras: A contribution to the,Innovation use,Quality Assessed,,,,,,,,,,,National rain gauge network of Honduras: A contribution to the
18222,16517.0,2024.0,"Thirty-four organizations across three departments of Guatemala (Izabal, Santa Rosa,",Innovation use,Quality Assessed,,,,,,,,,,,"Thirty-four organizations across three departments of Guatemala (Izabal, Santa Rosa,"
18223,16518.0,2024.0,"YAPU Solutions, a FinTech company, uses climate data and livestock",Innovation use,Quality Assessed,True,Yes,"YAPU Solutions, a FinTech company, uses climate data and livestock management practice knowledge to co-develop a climate-linked credit scoring system to unlock green financing in the Guatemalan livestock sector",Sustainable Livestock Climate Adaptation,Sustainable Animal and Aquatic Foods , $-,$-, $-,100000,200000,"YAPU Solutions, a FinTech company, uses climate data and livestock"
18237,16532.0,2024.0,Guidelines for African Union (AU)-Member States to engage informal sector,Innovation development,Quality Assessed,,,,,,,,,,,Guidelines for African Union (AU)-Member States to engage informal sector
18266,16561.0,2024.0,A comprehensive agrifood systems performance measurement system to track progress,Innovation development,Quality Assessed,,,,,,,,,,,A comprehensive agrifood systems performance measurement system to track progress
18272,16567.0,2024.0,Online training/education material shared through private sector digital platforms for,Innovation development,Quality Assessed,,,,,,,,,,,Online training/education material shared through private sector digital platforms for
18285,16580.0,2024.0,The Cooperative Climate Cleverness Check of the Asian Mega Delta,Innovation use,Quality Assessed,,,,,,,,,,,The Cooperative Climate Cleverness Check of the Asian Mega Delta
18291,16586.0,2024.0,Global Rice market segments and product concepts,Innovation development,Quality Assessed,,,,,,,,,,,Global Rice market segments and product concepts
18308,16603.0,2024.0,Semi-automated planter piloted for use in planting rice accessions for,Innovation development,Quality Assessed,,,,,,,,,,,Semi-automated planter piloted for use in planting rice accessions for
18319,16614.0,2024.0,IWMI and African Group of Negotiators Expert Support (AGNES) have,Innovation development,Quality Assessed,,,,,,,,,,,IWMI and African Group of Negotiators Expert Support (AGNES) have
18320,16615.0,2024.0,Biometrical Genetics Workflow (Bioflow): CGIAR-NARES breeding analytics and decision support,Innovation development,Quality Assessed,,,,,,,,,,,Biometrical Genetics Workflow (Bioflow): CGIAR-NARES breeding analytics and decision support
18323,16618.0,2024.0,The Principal Component Analysis methodology is widely used by the,Innovation use,Quality Assessed,,,,,,,,,,,The Principal Component Analysis methodology is widely used by the
18327,16622.0,2024.0,Vegetable Irrigation for Climate Resilience toolkit to support humanitarian interventions,Innovation development,Quality Assessed,,,,,,,,,,,Vegetable Irrigation for Climate Resilience toolkit to support humanitarian interventions
18351,16646.0,2024.0,Parametric insurance (Index based flood insurance) for climate resilience for,Innovation development,Quality Assessed,,,,,,,,,,,Parametric insurance (Index based flood insurance) for climate resilience for
18372,16667.0,2024.0,Costs and profitability at hand: a calculation tool for small,Innovation development,Quality Assessed,,,,,,,,,,,Costs and profitability at hand: a calculation tool for small
18373,16668.0,2024.0, Biochar as charcoal and carbon-rich material produced by partial,Innovation development,Quality Assessed,,,,,,,,,,, Biochar as charcoal and carbon-rich material produced by partial
18386,16681.0,2024.0," Development of forage mixtures of vetch, triticale and oats",Innovation development,Quality Assessed,,,,,,,,,,," Development of forage mixtures of vetch, triticale and oats"
18390,16685.0,2024.0,Rhizobial inoculation of forage legume seeds in Tunisia to enhance,Innovation development,Quality Assessed,,,,,,,,,,,Rhizobial inoculation of forage legume seeds in Tunisia to enhance
18398,16693.0,2024.0,Integrated Package for Improving Small Ruminats' Health in El Kef,Innovation development,Quality Assessed,,,,,,,,,,,Integrated Package for Improving Small Ruminats' Health in El Kef
18401,16696.0,2024.0,"Controlled designation of origin for olive oil in Ellès-Sers, El",Innovation development,Quality Assessed,,,,,,,,,,,"Controlled designation of origin for olive oil in Ellès-Sers, El"
18402,7904.0,2024.0,Agroecological Living Landscape in Kef-Siliana drives forage crop adoption and,Innovation use,Quality Assessed,,,,,,,,,,,Agroecological Living Landscape in Kef-Siliana drives forage crop adoption and
18404,7359.0,2024.0,Public Private Partnership to Foster Availability of Forage Seed Mixtures,Innovation development,Quality Assessed,,,,,,,,,,,Public Private Partnership to Foster Availability of Forage Seed Mixtures
18406,16699.0,2024.0,"Since 2022, over 100 small-scale farmers of the Agroecology Living",Innovation use,Quality Assessed,,,,,,,,,,,"Since 2022, over 100 small-scale farmers of the Agroecology Living"
18407,10340.0,2024.0,"MyEiA Platform: Digitizing Use Case Activities for Enhanced Team Management,",Innovation use,Quality Assessed,,,,,,,,,,,"MyEiA Platform: Digitizing Use Case Activities for Enhanced Team Management,"
18408,16700.0,2024.0,"Since 2022, 298 pioneering farmers in Tunisia have improved fertilizer",Innovation use,Quality Assessed,,,,,,,,,,,"Since 2022, 298 pioneering farmers in Tunisia have improved fertilizer"
18410,16702.0,2024.0,Innovation Package and Scaling Readiness assessment for participatory rangeland management:,Innovation Package,Quality Assessed,,,,,,,,,,,Innovation Package and Scaling Readiness assessment for participatory rangeland management:
18412,16704.0,2024.0,Excellence in Agronomy (EiA) Events Platform: Driving Conversations on Sustainable,Innovation use,Quality Assessed,,,,,,,,,,,Excellence in Agronomy (EiA) Events Platform: Driving Conversations on Sustainable
18413,16705.0,2024.0,Researchers at the Olive Tree Institute in Tunisia adopt the,Innovation use,Quality Assessed,,,,,,,,,,,Researchers at the Olive Tree Institute in Tunisia adopt the
18414,16706.0,2024.0,Over 230 farmers in Siliana and El Kef in Tunisia,Innovation use,Quality Assessed,,,,,,,,,,,Over 230 farmers in Siliana and El Kef in Tunisia
18415,16707.0,2024.0,Collaborative action research of the Agroecology Initiative with OEP (Office,Innovation use,Quality Assessed,,,,,,,,,,,Collaborative action research of the Agroecology Initiative with OEP (Office
18420,10466.0,2024.0,Integration of Conservation Agriculture: Excellence in Agronomy Morocco's Use Case,Innovation use,Quality Assessed,,,,,,,,,,,Integration of Conservation Agriculture: Excellence in Agronomy Morocco's Use Case
18449,10407.0,2024.0,Uptake of RiceAdviceLite advisory tool by extension agents  in,Innovation use,Quality Assessed,True,Yes,Uptake of RiceAdviceLite advisory tool by extension agents  in West Africa,Outliers/Independent,Climate Action,,,,,,Uptake of RiceAdviceLite advisory tool by extension agents  in
18450,16740.0,2024.0,"Strengthening sorghum breeding networks in eastern, southern and West Africa",Innovation development,Quality Assessed,,,,,,,,,,,"Strengthening sorghum breeding networks in eastern, southern and West Africa"
18451,16741.0,2024.0,Rice-field fisheries pond system for enhancing climate resilience and farm,Innovation development,Quality Assessed,,,,,,,,,,,Rice-field fisheries pond system for enhancing climate resilience and farm
18453,10506.0,2024.0,Enhancing Agricultural Productivity in Northern Ghana: Extension Agents Deliver Agronomic,Innovation use,Quality Assessed,,,,,,,,,,,Enhancing Agricultural Productivity in Northern Ghana: Extension Agents Deliver Agronomic
18454,1151.0,2024.0,"Smallholder farmers in Ethiopia utilizing NextGen, the demand partner's,",Innovation use,Quality Assessed,True,Yes,NextGen Agroclimate Advisory Boosts Wheat Yields and Income for farmers,Sustainable Agriculture for Smallholders,Sustainable Farming,,SFP,,,,"Smallholder farmers in Ethiopia utilizing NextGen, the demand partner's,"
18455,1041.0,2024.0,Landscape specific fertilizer recommendation applied by smallholder farmers through digitally,Innovation use,Quality Assessed,True,Yes,Landscape-specific fertilizer advice delivered via digital tools for smallholder wheat farmers,Site-Specific Fertilizer Recommendations,Sustainable Farming,,SFP,,,,Landscape specific fertilizer recommendation applied by smallholder farmers through digitally
18460,16747.0,2024.0,"Strengthening millet breeding networks in eastern, southern, central and west",Innovation development,Quality Assessed,,,,,,,,,,,"Strengthening millet breeding networks in eastern, southern, central and west"
18483,16770.0,2024.0,"Strengthening groundnut breeding networks in eastern, southern, central and west",Innovation development,Quality Assessed,,,,,,,,,,,"Strengthening groundnut breeding networks in eastern, southern, central and west"
18491,16778.0,2024.0,"Accelerating genetic gains to augment food, feed and bioethanol productivity",Innovation development,Quality Assessed,,,,,,,,,,,"Accelerating genetic gains to augment food, feed and bioethanol productivity"
18514,16801.0,2024.0,Accelerating genetic gains to augment the productivity and resilience of,Innovation development,Quality Assessed,,,,,,,,,,,Accelerating genetic gains to augment the productivity and resilience of
18521,16808.0,2024.0,"Accelerating genetic gains to augment the productivity, disease-resistance and micronutrient",Innovation development,Quality Assessed,,,,,,,,,,,"Accelerating genetic gains to augment the productivity, disease-resistance and micronutrient"
18523,16810.0,2024.0,"Forum theatre play “She Inherits, She Sells” uses 'Theatre of",Innovation development,Quality Assessed,,,,,,,,,,,"Forum theatre play “She Inherits, She Sells” uses 'Theatre of"
18538,16824.0,2024.0,Improved protocol for drying pearl millet seed for long-term conservation,Innovation development,Quality Assessed,,,,,,,,,,,Improved protocol for drying pearl millet seed for long-term conservation
18552,16838.0,2024.0,Accelerating genetic gains to augment the productivity and oil content,Innovation development,Quality Assessed,,,,,,,,,,,Accelerating genetic gains to augment the productivity and oil content
18556,16842.0,2024.0,"Accelerating genetic gains to augment the productivity, end use quality,",Innovation development,Quality Assessed,,,,,,,,,,,"Accelerating genetic gains to augment the productivity, end use quality,"
18576,7782.0,2024.0,"Use of Excellence in Agronomy Monitoring, Evaluation, learning and Impact",Innovation use,Quality Assessed,,,,,,,,,,,"Use of Excellence in Agronomy Monitoring, Evaluation, learning and Impact"
18587,2170.0,2024.0,20 Use Cases (agronomic solutions) co-created between CGIAR (centers/other key,Innovation development,Quality Assessed,,,,,,,,,,,20 Use Cases (agronomic solutions) co-created between CGIAR (centers/other key
18634,16900.0,2024.0,Development and deployment of conventionally-bred high-grain Zinc rice varieties,Innovation development,Quality Assessed,,,,,,,,,,,Development and deployment of conventionally-bred high-grain Zinc rice varieties
18654,16919.0,2024.0,Development of a Technical Protocol for Standardized Detection of Transgene-Free,Innovation development,Quality Assessed,,,,,,,,,,,Development of a Technical Protocol for Standardized Detection of Transgene-Free
18672,16935.0,2024.0,"Meghdoot Dashboard assists the India Meteorological Department in tracking, monitoring,",Innovation use,Quality Assessed,,,,,,,,,,,"Meghdoot Dashboard assists the India Meteorological Department in tracking, monitoring,"
18673,16936.0,2024.0,Methodology to assess the effective contribution of multi-stakeholder processes to,Innovation development,Quality Assessed,,,,,,,,,,,Methodology to assess the effective contribution of multi-stakeholder processes to
18690,16953.0,2024.0,Local Technical Agroclimatic Committees: Co-innovation and scaling in Guatemala,Innovation development,Quality Assessed,,,,,,,,,,,Local Technical Agroclimatic Committees: Co-innovation and scaling in Guatemala
18712,6609.0,2024.0,The Collaborative GARDIAN Labs for Data Scienctist to use improved,Innovation use,Quality Assessed,,,,,,,,,,,The Collaborative GARDIAN Labs for Data Scienctist to use improved
18717,16979.0,2024.0,Participatory Climate Risks Management Approach in High Nutritional Value Chains:,Innovation development,Quality Assessed,,,,,,,,,,,Participatory Climate Risks Management Approach in High Nutritional Value Chains:
18720,16982.0,2024.0,"ICARDA’s Genebank Seed Request Application helps in managing requests properly,",Innovation development,Quality Assessed,,,,,,,,,,,"ICARDA’s Genebank Seed Request Application helps in managing requests properly,"
18732,7145.0,2024.0,"Since 2022, more than 11,000 Food systems actors engaged in",Innovation use,Quality Assessed,,,,,,,,,,,"Since 2022, more than 11,000 Food systems actors engaged in"
18743,17004.0,2024.0,AgWise: A Modular Framework Delivering Tailored Agronomic Recommendations for Farmers,Innovation use,Quality Assessed,,,,,,,,,,,AgWise: A Modular Framework Delivering Tailored Agronomic Recommendations for Farmers
18750,17011.0,2024.0,Carob: A framework to standardize legacy agricultural data,Innovation use,Quality Assessed,,,,,,,,,,,Carob: A framework to standardize legacy agricultural data
18759,17020.0,2024.0,Local veterinarians in Nepal use ultrasonography (USG) to better diagnose,Innovation use,Quality Assessed,,,,,,,,,,,Local veterinarians in Nepal use ultrasonography (USG) to better diagnose
18763,17024.0,2024.0,Dairy farmers in Nepal adopt SAPLING supported innovations on impoved,Innovation use,Quality Assessed,,,,,,,,,,,Dairy farmers in Nepal adopt SAPLING supported innovations on impoved
18765,17026.0,2024.0,A Step-by-Step Plan to Integrate Knowledge Acquired from the Digital,Innovation development,Quality Assessed,,,,,,,,,,,A Step-by-Step Plan to Integrate Knowledge Acquired from the Digital
18766,17027.0,2024.0,Development of African rice (Oryza glaberrima) pangenome using a long-read,Innovation development,Quality Assessed,,,,,,,,,,,Development of African rice (Oryza glaberrima) pangenome using a long-read
18784,17045.0,2024.0,"Farmers in the Siliana-El Kef transect, Tunisia intend to implement",Innovation use,Quality Assessed,,,,,,,,,,,"Farmers in the Siliana-El Kef transect, Tunisia intend to implement"
18785,17046.0,2024.0,Agroecology business model for the reduction of imports: production of,Innovation development,Quality Assessed,,,,,,,,,,,Agroecology business model for the reduction of imports: production of
18789,17050.0,2024.0,EcoFarm: A digital advisory tool for farmers engaged in natural,Innovation development,Quality Assessed,,,,,,,,,,,EcoFarm: A digital advisory tool for farmers engaged in natural
1879,1861.0,2022.0,Cereal-legume strip cropping,Innovation development,Quality Assessed,,,,,,,,,,,Cereal-legume strip cropping
18800,17061.0,2024.0,An in-house long read DNA sequencing established for rapid monitoring,Innovation development,Quality Assessed,,,,,,,,,,,An in-house long read DNA sequencing established for rapid monitoring
18803,17064.0,2024.0,The Rice Crop Manager Advisory Service in the Philippines adopts,Innovation use,Quality Assessed,,,,,,,,,,,The Rice Crop Manager Advisory Service in the Philippines adopts
1883,1865.0,2022.0,Enhance nutritional value of crop produce through biofortification and diversification,Innovation development,Quality Assessed,,,,,,,,,,,Enhance nutritional value of crop produce through biofortification and diversification
1884,1866.0,2022.0,Women in business: Chicken and seed dissemination in Ethiopia and,Innovation use,Quality Assessed,,,,,,,,,,,Women in business: Chicken and seed dissemination in Ethiopia and
18870,17131.0,2024.0,Training programs for agricultural extension workers in Indonesia have enhanced,Innovation use,Quality Assessed,,,,,,,,,,,Training programs for agricultural extension workers in Indonesia have enhanced
18880,10462.0,2024.0,Agronomic Key Performance Indicator framework applied in the stage gating,Innovation use,Quality Assessed,,,,,,,,,,,Agronomic Key Performance Indicator framework applied in the stage gating
18921,17180.0,2024.0,Cryopreservation protocol for yacon developed and ready for implementation (average,Innovation development,Quality Assessed,,,,,,,,,,,Cryopreservation protocol for yacon developed and ready for implementation (average
18927,17185.0,2024.0,Self-paced online training modules on project level Women's Empowerment in,Innovation development,Quality Assessed,,,,,,,,,,,Self-paced online training modules on project level Women's Empowerment in
18929,17187.0,2024.0,"Combined market- and consumer-oriented intervention to improve food safety, livelihoods,",Innovation development,Quality Assessed,,,,,,,,,,,"Combined market- and consumer-oriented intervention to improve food safety, livelihoods,"
18930,17188.0,2024.0,Optimization of the germination test protocol for viability monitoring of,Innovation development,Quality Assessed,,,,,,,,,,,Optimization of the germination test protocol for viability monitoring of
18933,17191.0,2024.0,Bundled market- and consumer-oriented intervention to address key barriers to,Innovation development,Quality Assessed,,,,,,,,,,,Bundled market- and consumer-oriented intervention to address key barriers to
1894,1876.0,2022.0,Cutting frequency for  three food-feed oat varieties in crop-livestock,Innovation development,Quality Assessed,,,,,,,,,,,Cutting frequency for  three food-feed oat varieties in crop-livestock
18980,347.0,2024.0,Integration of breeding under One CGIAR highlights the value of,Innovation use,Quality Assessed,,,,,,,,,,,Integration of breeding under One CGIAR highlights the value of
18987,17243.0,2024.0,An international community of research and development actors engaged with,Innovation use,Quality Assessed,True,Yes,"Living Labs: An international community of research and development actors engaged with the Agroecology Initiative has enhanced its capacity for action-research, codesign and multistakeholder approaches to promote agroecological transitions",Innovative Agroecological System Transformation,Multifunctional Landscapes ,50000,500000,"GAC, Coady",600000,750000,An international community of research and development actors engaged with
1899,1881.0,2022.0,Basal diet dairy feed formulation of barley straw for improved,Innovation development,Quality Assessed,,,,,,,,,,,Basal diet dairy feed formulation of barley straw for improved
19033,17288.0,2024.0,Based on an initiative study and knowledge exchange with Youth,Innovation use,Quality Assessed,,,,,,,,,,,Based on an initiative study and knowledge exchange with Youth
19053,17308.0,2024.0,"Age-structured, temperature-dependent population growth model for brown rice hopper (BRH)",Innovation development,Quality Assessed,,,,,,,,,,,"Age-structured, temperature-dependent population growth model for brown rice hopper (BRH)"
19055,17310.0,2024.0,Characterization of rice heat MAGIC population to map QTLs/genes useful,Innovation development,Quality Assessed,,,,,,,,,,,Characterization of rice heat MAGIC population to map QTLs/genes useful
19056,17311.0,2024.0,Manual for the measurement of faba bean grain yield and,Innovation development,Quality Assessed,,,,,,,,,,,Manual for the measurement of faba bean grain yield and
19059,17314.0,2024.0,Manual for the measurement of lentil grain yield and aboveground,Innovation development,Quality Assessed,,,,,,,,,,,Manual for the measurement of lentil grain yield and aboveground
19063,17318.0,2024.0,"Manual for the determination of banana bunch, edible fruit pulp,",Innovation development,Quality Assessed,,,,,,,,,,,"Manual for the determination of banana bunch, edible fruit pulp,"
19064,17319.0,2024.0,Manual for the determination of dry cocoa bean yield by,Innovation development,Quality Assessed,,,,,,,,,,,Manual for the determination of dry cocoa bean yield by
19067,17322.0,2024.0,Manual for the assessment of nutritional quality of grain crops,Innovation development,Quality Assessed,,,,,,,,,,,Manual for the assessment of nutritional quality of grain crops
19072,17327.0,2024.0,Manual for the measurement of chickpea grain yield and aboveground,Innovation development,Quality Assessed,,,,,,,,,,,Manual for the measurement of chickpea grain yield and aboveground
19083,17337.0,2024.0,Measuring Agricultural Water Insecurity Experiences (AgWISE) modules tested by scientists,Innovation development,Quality Assessed,,,,,,,,,,,Measuring Agricultural Water Insecurity Experiences (AgWISE) modules tested by scientists
19123,17377.0,2024.0,Indonesian rice farmers adopt site-specific nutrient management practices delivered through,Innovation use,Quality Assessed,,,,,,,,,,,Indonesian rice farmers adopt site-specific nutrient management practices delivered through
19132,17386.0,2024.0,Empowering small-medium enterprises (SMEs) and Communities through Precooked and Dehydrated,Innovation development,Quality Assessed,,,,,,,,,,,Empowering small-medium enterprises (SMEs) and Communities through Precooked and Dehydrated
19138,17392.0,2024.0,Systematic mapping of food security and nutrition projects in Guatemala,Innovation development,Quality Assessed,,,,,,,,,,,Systematic mapping of food security and nutrition projects in Guatemala
19158,17412.0,2024.0,Public-private partnerships in Guatemala leverage climate data management support to,Innovation use,Quality Assessed,,,,,,,,,,,Public-private partnerships in Guatemala leverage climate data management support to
19164,17418.0,2024.0,One private institution use CGIAR's human-centered design (HCD) approach to,Innovation use,Quality Assessed,,,,,,,,,,,One private institution use CGIAR's human-centered design (HCD) approach to
19166,17420.0,2024.0,"Based on engagement with World Food Programme, participatory integrated agro-climatic",Innovation use,Quality Assessed,,,,,,,,,,,"Based on engagement with World Food Programme, participatory integrated agro-climatic"
19170,17424.0,2024.0,"Since 2024, organic cacao producer cooperatives Colpa de Loros and",Innovation use,Quality Assessed,,,,,,,,,,,"Since 2024, organic cacao producer cooperatives Colpa de Loros and"
19175,17429.0,2024.0,Drone-assisted agronomic diagnostic for small-scale farming in Guatemala,Innovation development,Quality Assessed,,,,,,,,,,,Drone-assisted agronomic diagnostic for small-scale farming in Guatemala
19184,17438.0,2024.0," Since 2024, the farmers associated to the cooperatives Colpa",Innovation use,Quality Assessed,,,,,,,,,,," Since 2024, the farmers associated to the cooperatives Colpa"
19210,17464.0,2024.0,Farmers participating in the Agroecology Living Landscape and the co-design,Innovation use,Quality Assessed,,,,,,,,,,,Farmers participating in the Agroecology Living Landscape and the co-design
19213,17467.0,2024.0,Farmers participating in the Agroecology Living Landscape and the co-design,Innovation use,Quality Assessed,,,,,,,,,,,Farmers participating in the Agroecology Living Landscape and the co-design
19215,17469.0,2024.0,Farmers participating in the Agroecology Living Landscape and the co-design,Innovation use,Quality Assessed,,,,,,,,,,,Farmers participating in the Agroecology Living Landscape and the co-design
19220,17473.0,2024.0,The Kenya Meteorological Department delivers gender-sensitive livestock climate information services,Innovation use,Quality Assessed,,,,,,,,,,,The Kenya Meteorological Department delivers gender-sensitive livestock climate information services
19227,11684.0,2024.0,Innovation Package and Scaling Readiness assessment for high-quality peste des,Innovation Package,Quality Assessed,,,,,,,,,,,Innovation Package and Scaling Readiness assessment for high-quality peste des
19233,11887.0,2024.0,Innovation Package and Scaling Readiness assessment for community-designed one health,Innovation Package,Quality Assessed,,,,,,,,,,,Innovation Package and Scaling Readiness assessment for community-designed one health
19234,9322.0,2024.0,Innovation Package and Scaling Readiness assessment for Novel stress tolerant,Innovation Package,Quality Assessed,,,,,,,,,,,Innovation Package and Scaling Readiness assessment for Novel stress tolerant
19235,11835.0,2024.0,"Innovation Package and Scaling Readiness assessment for improved chickens, animal",Innovation Package,Quality Assessed,True,Yes,Women in Chicken Business model,Tropical Poultry Value Chain Enhancement,Sustainable Animal and Aquatic Foods , 150K, 60K, ,100K,200K,"Innovation Package and Scaling Readiness assessment for improved chickens, animal"
19237,11828.0,2024.0,Innovation Package and Scaling Readiness assessment for the women's empowerment,Innovation Package,Quality Assessed,True,Yes,Women's Empowerment in Livestock Index (WELI),Empowering Women in Agrifood Systems,Sustainable Animal and Aquatic Foods , 80K, 70K, ,100K,100K,Innovation Package and Scaling Readiness assessment for the women's empowerment
19238,11814.0,2024.0,Innovation Package and Scaling Readiness assessment for testing point of,Innovation Package,Quality Assessed,,,,,,,,,,,Innovation Package and Scaling Readiness assessment for testing point of
19239,11731.0,2024.0,Innovation Package and Scaling Readiness assessment for an innovative genetic,Innovation Package,Quality Assessed,,,,,,,,,,,Innovation Package and Scaling Readiness assessment for an innovative genetic
19243,11706.0,2024.0,Innovation Package and Scaling Readiness assessment for pigsmart digital extension,Innovation Package,Quality Assessed,,,,,,,,,,,Innovation Package and Scaling Readiness assessment for pigsmart digital extension
19246,5389.0,2024.0,"A mobile application, to help farmerss produce improved animal diets",Innovation Package,Quality Assessed,,,,,,,,,,,"A mobile application, to help farmerss produce improved animal diets"
1926,1908.0,2022.0,Delivey of beans Paraisito Mejorado seed for small farmers in,Innovation use,Quality Assessed,,,,,,,,,,,Delivey of beans Paraisito Mejorado seed for small farmers in
1929,1911.0,2022.0,Delivery  of beans Rojo Chortí seed for small farmers,Innovation use,Quality Assessed,,,,,,,,,,,Delivery  of beans Rojo Chortí seed for small farmers
19295,17538.0,2024.0,Cambodian rice farmers accessed and used agro-climatic bulletins developed and,Innovation use,Quality Assessed,,,,,,,,,,,Cambodian rice farmers accessed and used agro-climatic bulletins developed and
19296,17539.0,2024.0,Improved access of farmers and fisherfolk to electronic training and,Innovation use,Quality Assessed,,,,,,,,,,,Improved access of farmers and fisherfolk to electronic training and
1930,1912.0,2022.0,Delivery  of beans Tolupan rojo seed for small farmers,Innovation use,Quality Assessed,,,,,,,,,,,Delivery  of beans Tolupan rojo seed for small farmers
19306,9389.0,2024.0,Cordinating with GiZ Cambodia to include mechanized direct seeding (mDSR),Innovation use,Quality Assessed,,,,,,,,,,,Cordinating with GiZ Cambodia to include mechanized direct seeding (mDSR)
1931,1913.0,2022.0,Delivery of Maize Dicta Lempira seed for small farmers in,Innovation use,Quality Assessed,,,,,,,,,,,Delivery of Maize Dicta Lempira seed for small farmers in
19315,17557.0,2024.0,Digital climate advisory services (DCAS) through the Mekong Farm App,Innovation development,Quality Assessed,,,,,,,,,,,Digital climate advisory services (DCAS) through the Mekong Farm App
19329,17571.0,2024.0,"Development and deployment of Iron, Zinc and provitamin A-enriched transgenic",Innovation development,Quality Assessed,,,,,,,,,,,"Development and deployment of Iron, Zinc and provitamin A-enriched transgenic"
19333,17575.0,2024.0,Ingredion Mexico leverages digital platforms to deliver technical assistance to,Innovation use,Quality Assessed,,,,,,,,,,,Ingredion Mexico leverages digital platforms to deliver technical assistance to
19346,17588.0,2024.0,Kellogg and CIMMYT promote digitally-enabled capacity building programs for farmers,Innovation use,Quality Assessed,,,,,,,,,,,Kellogg and CIMMYT promote digitally-enabled capacity building programs for farmers
1935,1917.0,2022.0,Delivery of Biofortified rice variety Fedearroz BioZN-035 in Bolivar Colombia,Innovation use,Quality Assessed,,,,,,,,,,,Delivery of Biofortified rice variety Fedearroz BioZN-035 in Bolivar Colombia
19355,17597.0,2024.0,A WhatsApp course on making organic fertilizers helped a homemaker,Innovation use,Quality Assessed,,,,,,,,,,,A WhatsApp course on making organic fertilizers helped a homemaker
19357,17599.0,2024.0,"Farmers in Gujarat, India, enroll in WhatsApp-based training program to",Innovation use,Quality Assessed,,,,,,,,,,,"Farmers in Gujarat, India, enroll in WhatsApp-based training program to"
19359,17601.0,2024.0,Farm Radio International uses AI-powered automatic speech recognition to transcribe,Innovation use,Quality Assessed,,,,,,,,,,,Farm Radio International uses AI-powered automatic speech recognition to transcribe
1936,1918.0,2022.0,Delivery of a new Zinc Maize variety for farmers in,Innovation use,Quality Assessed,,,,,,,,,,,Delivery of a new Zinc Maize variety for farmers in
19364,17606.0,2024.0,"Innovation Package and Scaling Readiness assessment for ""High-value fruit trees",Innovation Package,Quality Assessed,,,,,,,,,,,"Innovation Package and Scaling Readiness assessment for ""High-value fruit trees"
19368,17610.0,2024.0,Innovation Package and Scaling Readiness assessment for improved nappier fodder,Innovation Package,Quality Assessed,,,,,,,,,,,Innovation Package and Scaling Readiness assessment for improved nappier fodder
19370,4943.0,2024.0,Innovation Package and Scaling Readiness assessment for institutional and business,Innovation Package,Quality Assessed,,,,,,,,,,,Innovation Package and Scaling Readiness assessment for institutional and business
19375,7373.0,2024.0,Innovation Package and Scaling Readiness assessment of dynamic evolutionary populations,Innovation Package,Quality Assessed,,,,,,,,,,,Innovation Package and Scaling Readiness assessment of dynamic evolutionary populations
19383,17623.0,2024.0,Pig farmers knowledge enhanced through Pig Smart extension platform in,Innovation use,Quality Assessed,,,,,,,,,,,Pig farmers knowledge enhanced through Pig Smart extension platform in
19384,17624.0,2024.0,Homestead pond aquaculture innovation for food production in the context,Innovation development,Quality Assessed,,,,,,,,,,,Homestead pond aquaculture innovation for food production in the context
19388,17628.0,2024.0, CGIAR's Sustainable Animal Productivity Initiative's gender focussed socio-behaviour change,Innovation use,Quality Assessed,,,,,,,,,,, CGIAR's Sustainable Animal Productivity Initiative's gender focussed socio-behaviour change
19395,10362.0,2024.0,Uptake of AKILIMO recommendation by farmers reached with Cassava Site,Innovation use,Quality Assessed,,,,,,,,,,,Uptake of AKILIMO recommendation by farmers reached with Cassava Site
19396,17635.0,2024.0,Uganda's Ministry of Health modifies its nutrition counselling cards to,Innovation use,Quality Assessed,,,,,,,,,,,Uganda's Ministry of Health modifies its nutrition counselling cards to
19397,17636.0,2024.0,Farmer adoption of the Africa Asia Dairy Genetic Gains (AADGG),Innovation use,Quality Assessed,,,,,,,,,,,Farmer adoption of the Africa Asia Dairy Genetic Gains (AADGG)
19404,17643.0,2024.0,Business incubation and mentorship program improves pig agripreneurs business practices,Innovation use,Quality Assessed,,,,,,,,,,,Business incubation and mentorship program improves pig agripreneurs business practices
19406,17645.0,2024.0,Zambia Smallholder fish Farmers empowered through Climate-Smart Aquaculture Solutions,Innovation use,Quality Assessed,,,,,,,,,,,Zambia Smallholder fish Farmers empowered through Climate-Smart Aquaculture Solutions
19409,17648.0,2024.0,Use of Agronomy Village App: Empowering Farmers with Data-Driven Agronomic,Innovation use,Quality Assessed,,,,,,,,,,,Use of Agronomy Village App: Empowering Farmers with Data-Driven Agronomic
19412,3331.0,2024.0,"Extension Agents in Northern Ghana apply agronomic solutions, crop insurance",Innovation use,Quality Assessed,,,,,,,,,,,"Extension Agents in Northern Ghana apply agronomic solutions, crop insurance"
19417,1161.0,2024.0,Farmers apply agronomic solutions as part of their local technology,Innovation use,Quality Assessed,,,,,,,,,,,Farmers apply agronomic solutions as part of their local technology
1943,1925.0,2022.0,Improvements in the Climate Information Services (CIS) dissemination mechanisms address,Innovation use,Quality Assessed,,,,,,,,,,,Improvements in the Climate Information Services (CIS) dissemination mechanisms address
19449,17685.0,2024.0,Mali deploys a thermotolerant vaccine against the peste des petits,Innovation use,Quality Assessed,,,,,,,,,,,Mali deploys a thermotolerant vaccine against the peste des petits
19455,17691.0,2024.0,The true costs of food in Kenya and Vietnam: A,Innovation development,Quality Assessed,,,,,,,,,,,The true costs of food in Kenya and Vietnam: A
19480,17715.0,2024.0,Application of the COAXIM (COconut AXIllary Meristems) method for good,Innovation use,Quality Assessed,,,,,,,,,,,Application of the COAXIM (COconut AXIllary Meristems) method for good
19500,17735.0,2024.0,Global Agricultural Data Innovation and Acceleration Network (GARDIAN),Innovation development,Quality Assessed,,,,,,,,,,,Global Agricultural Data Innovation and Acceleration Network (GARDIAN)
19561,17796.0,2024.0,Global Agricultural Data Innovation and Acceleration Network (GARDIAN) providing access,Innovation use,Quality Assessed,,,,,,,,,,,Global Agricultural Data Innovation and Acceleration Network (GARDIAN) providing access
19583,17818.0,2024.0,Crop diversification in homegardens to enhance food security for cacao,Innovation development,Quality Assessed,,,,,,,,,,,Crop diversification in homegardens to enhance food security for cacao
19585,17820.0,2024.0,Charting agroecological pathways: Multicriteria priority mapping for India’s sustainable transition,Innovation development,Quality Assessed,,,,,,,,,,,Charting agroecological pathways: Multicriteria priority mapping for India’s sustainable transition
19597,17832.0,2024.0,Policy guidance tool for agroecological transition,Innovation development,Quality Assessed,,,,,,,,,,,Policy guidance tool for agroecological transition
19604,17839.0,2024.0,Advancing Agricultural Productivity in Rwanda through utilising Extension Agents: Fertilizer,Innovation use,Quality Assessed,,,,,,,,,,,Advancing Agricultural Productivity in Rwanda through utilising Extension Agents: Fertilizer
1961,1943.0,2022.0,Increase maize and legume yields in Malawi through cropping arrangement,Innovation development,Quality Assessed,,,,,,,,,,,Increase maize and legume yields in Malawi through cropping arrangement
19612,17847.0,2024.0,Bridging the Gap: Digital Agronomic Advisory Platform for Smallholder Farmers,Innovation use,Quality Assessed,,,,,,,,,,,Bridging the Gap: Digital Agronomic Advisory Platform for Smallholder Farmers
19620,17855.0,2024.0,Vegetable farmers in Cambodia had an increase in income and,Innovation use,Quality Assessed,,,,,,,,,,,Vegetable farmers in Cambodia had an increase in income and
19650,17885.0,2024.0,Intensified farming through rice-rice production systems in the coastal zones,Innovation development,Quality Assessed,,,,,,,,,,,Intensified farming through rice-rice production systems in the coastal zones
19661,17896.0,2024.0,Guidance for designing nutrition-sensitive agri-food system interventions in the Mekong,Innovation development,Quality Assessed,,,,,,,,,,,Guidance for designing nutrition-sensitive agri-food system interventions in the Mekong
19667,17902.0,2024.0,A development organization is using the experience of SAPLING-supported platforms,Innovation use,Quality Assessed,,,,,,,,,,,A development organization is using the experience of SAPLING-supported platforms
19669,17904.0,2024.0,Food Systems Profile as a knowledge tool to enhance the,Innovation development,Quality Assessed,,,,,,,,,,,Food Systems Profile as a knowledge tool to enhance the
19674,17909.0,2024.0,Integrated Solutions for Soybean Farmers: Digital Agronomy and Market Access,Innovation use,Quality Assessed,,,,,,,,,,,Integrated Solutions for Soybean Farmers: Digital Agronomy and Market Access
19676,17911.0,2024.0,Training materials on piloting nutrition-sensitive agri-food systems for provincial and,Innovation development,Quality Assessed,,,,,,,,,,,Training materials on piloting nutrition-sensitive agri-food systems for provincial and
19677,17912.0,2024.0,The National Meteorological Agency of Senegal uses multi-disciplinary working groups,Innovation use,Quality Assessed,,,,,,,,,,,The National Meteorological Agency of Senegal uses multi-disciplinary working groups
19678,17913.0,2024.0,"Livestock champions in Mali share their skills on livestock feeding,",Innovation use,Quality Assessed,,,,,,,,,,,"Livestock champions in Mali share their skills on livestock feeding,"
19698,17933.0,2024.0,"Guidelines on developing nutrition-sensitive agri-food projects in the Mekong Delta,",Innovation development,Quality Assessed,,,,,,,,,,,"Guidelines on developing nutrition-sensitive agri-food projects in the Mekong Delta,"
19754,17989.0,2024.0,"Gap analysis tool improved, and API available for use in",Innovation development,Quality Assessed,,,,,,,,,,,"Gap analysis tool improved, and API available for use in"
19777,18012.0,2024.0,"The Online Water Accounting Dashboard for the Souss Massa basin,",Innovation use,Quality Assessed,,,,,,,,,,,"The Online Water Accounting Dashboard for the Souss Massa basin,"
19793,18027.0,2024.0,Improved protocol for drying of soya bean seed germplasm,Innovation development,Quality Assessed,,,,,,,,,,,Improved protocol for drying of soya bean seed germplasm
19800,18034.0,2024.0,Scientists of the Agroecology Initiative in Zimbabwe take up research,Innovation use,Quality Assessed,,,,,,,,,,,Scientists of the Agroecology Initiative in Zimbabwe take up research
19801,18035.0,2024.0,Cloud-enabled interoperable spatial data cube for storing and providing seamless,Innovation development,Quality Assessed,,,,,,,,,,,Cloud-enabled interoperable spatial data cube for storing and providing seamless
19813,18047.0,2024.0,Scientists of the Agroecology Initiative in Zimbabwe take up research,Innovation use,Quality Assessed,,,,,,,,,,,Scientists of the Agroecology Initiative in Zimbabwe take up research
19828,18062.0,2024.0,BrRacemeCounter: Mask R-CNN for Raceme Instance Segmentation in Urchloa grasses,Innovation development,Quality Assessed,,,,,,,,,,,BrRacemeCounter: Mask R-CNN for Raceme Instance Segmentation in Urchloa grasses
19840,18074.0,2024.0,AI tool for root segmentation and analysis in tropical grasses,Innovation development,Quality Assessed,,,,,,,,,,,AI tool for root segmentation and analysis in tropical grasses
19843,18077.0,2024.0," Scientists, local government, and practitioners of the Agroecology Initiative",Innovation use,Quality Assessed,,,,,,,,,,," Scientists, local government, and practitioners of the Agroecology Initiative"
19846,18080.0,2024.0,"In Tunisia, an upgraded business model integrates agroecological principles in",Innovation use,Quality Assessed,,,,,,,,,,,"In Tunisia, an upgraded business model integrates agroecological principles in"
19850,18084.0,2024.0,"In Zimbabwe, investors, the private sector, NGOs, and farmers participate",Innovation use,Quality Assessed,,,,,,,,,,,"In Zimbabwe, investors, the private sector, NGOs, and farmers participate"
19851,18085.0,2024.0,"454,344 females and 451,661 males received climate agro advisories in",Innovation use,Quality Assessed,,,,,,,,,,,"454,344 females and 451,661 males received climate agro advisories in"
19854,18088.0,2024.0,"Cacao cooperatives in Ucayali, Peru strengthen their capacities to provide",Innovation use,Quality Assessed,True,Yes,"Cacao cooperatives in Ucayali, Peru strengthen their capacities to provide agroecological inputs and services to their associates",Sustainable Cocoa Production Strategies,Multifunctional Landscapes ,10000,10000,5000,10000,10000,"Cacao cooperatives in Ucayali, Peru strengthen their capacities to provide"
19855,18089.0,2024.0,"In Zimbabwe, food system actors co-design or adapt financial mechanisms",Innovation use,Quality Assessed,,,,,,,,,,,"In Zimbabwe, food system actors co-design or adapt financial mechanisms"
19856,18090.0,2024.0,"55,264 farmers reached with climate seasonal forecasts and agroclimatic advisories",Innovation use,Quality Assessed,True,Yes,Climate seasonal forecasts and agroclimatic advisories to support farmers' decision-making through the Local Technical Agroclimatic Committees (LTAC/MTA) in Guatemala,Digital Solutions for Sustainable Agriculture,Climate Action,,,,,,"55,264 farmers reached with climate seasonal forecasts and agroclimatic advisories"
19867,18101.0,2024.0,Personalized soil report for farmers in the Kiambu and Makueni,Innovation development,Quality Assessed,,,,,,,,,,,Personalized soil report for farmers in the Kiambu and Makueni
19871,18105.0,2024.0,Vision-to-Action (V2A) transformation map to facilitate participatory visioning and monitoring,Innovation development,Quality Assessed,,,,,,,,,,,Vision-to-Action (V2A) transformation map to facilitate participatory visioning and monitoring
19881,2290.0,2024.0,FishBase and SeaLifeBase: Global Information Systems on aquatic species for,Innovation use,Quality Assessed,,,,,,,,,,,FishBase and SeaLifeBase: Global Information Systems on aquatic species for
19883,18116.0,2024.0,Farmers in Burkina Faso and Tunisia who included fodder crops,Innovation use,Quality Assessed,,,,,,,,,,,Farmers in Burkina Faso and Tunisia who included fodder crops
19892,18125.0,2024.0,Decision-support tool for identification of conservation and restoration hotspots for,Innovation development,Quality Assessed,,,,,,,,,,,Decision-support tool for identification of conservation and restoration hotspots for
19897,18130.0,2024.0,Animal manure applied by farmers in Agroecological Living Landscapes,Innovation use,Quality Assessed,True,Yes,"Animal manure and other biofertiliers applied by farmers in Agroecological Living Landscapes in Kenya, Burkina Faso and Senegal plays crucial role in agroecological systems, serving as organic fertilizer, soil conditioner, input for bio-inputs",Agroecological Practices for Livestock Sustainability,Multifunctional Landscapes ,200000,200000,GAC,400000,500000,Animal manure applied by farmers in Agroecological Living Landscapes
19898,18131.0,2024.0,"Farmers who apply biopesticides in Agroecological Living Landscapes in Kenya,",Innovation use,Quality Assessed,,,,,,,,,,,"Farmers who apply biopesticides in Agroecological Living Landscapes in Kenya,"
19913,11180.0,2024.0,Innovation Package and Scaling Readiness assessment for  assessment on,Innovation Package,Quality Assessed,,,,,,,,,,,Innovation Package and Scaling Readiness assessment for  assessment on
19914,18146.0,2024.0,WaterCopilot for the Limpopo River Basin: An Artificial Intelligence assistant,Innovation development,Quality Assessed,,,,,,,,,,,WaterCopilot for the Limpopo River Basin: An Artificial Intelligence assistant
19916,18148.0,2024.0,Drone solutions to map river bodies for environmental flow (e-flow),Innovation development,Quality Assessed,,,,,,,,,,,Drone solutions to map river bodies for environmental flow (e-flow)
19936,18168.0,2024.0,Faster growing genetically improved silver carp (generation 3 families) produced,Innovation development,Quality Assessed,,,,,,,,,,,Faster growing genetically improved silver carp (generation 3 families) produced
19947,18179.0,2024.0,Performance Evaluation of Commercial Grass Cultivars in Guatemala,Innovation development,Quality Assessed,,,,,,,,,,,Performance Evaluation of Commercial Grass Cultivars in Guatemala
19949,18181.0,2024.0,Faster growing genetically improved rohu (Generation 3) in 2024,Innovation use,Quality Assessed,,,,,,,,,,,Faster growing genetically improved rohu (Generation 3) in 2024
19991,18222.0,2024.0,Standard Operational Procedure Current Practice Assessment Add-on Survey  developed,Innovation development,Quality Assessed,,,,,,,,,,,Standard Operational Procedure Current Practice Assessment Add-on Survey  developed
20008,18238.0,2024.0,Payments for Ecosystem Services tender approach for Incentivizing nature-positive farming,Innovation development,Quality Assessed,,,,,,,,,,,Payments for Ecosystem Services tender approach for Incentivizing nature-positive farming
20010,18240.0,2024.0,Identification and validation of sex genomic markers in Catla and,Innovation development,Quality Assessed,,,,,,,,,,,Identification and validation of sex genomic markers in Catla and
20011,18241.0,2024.0,Adoption of pig artificial insemination by women and men pig,Innovation use,Quality Assessed,,,,,,,,,,,Adoption of pig artificial insemination by women and men pig
20020,18250.0,2024.0,Promoting Resilient Nutrition-Sensitive Deltaic Agri-Food Systems in Cambodia,Innovation development,Quality Assessed,,,,,,,,,,,Promoting Resilient Nutrition-Sensitive Deltaic Agri-Food Systems in Cambodia
20048,18278.0,2024.0,Circular Bioeconomy Innovation Hub in Ghana is used by 17,Innovation use,Quality Assessed,,,,,,,,,,,Circular Bioeconomy Innovation Hub in Ghana is used by 17
20060,18290.0,2024.0,Uptake of AKILIMO recommendation by farmers reached with Cassava Site,Innovation use,Quality Assessed,,,,,,,,,,,Uptake of AKILIMO recommendation by farmers reached with Cassava Site
20071,18301.0,2024.0,"In Ucayali, Peru, cacao farmers engaged in the Agroecological Living",Innovation use,Quality Assessed,,,,,,,,,,,"In Ucayali, Peru, cacao farmers engaged in the Agroecological Living"
20073,18303.0,2024.0,"Climate+ reach 1,832 new females and 2,207 new males with",Innovation use,Quality Assessed,,,,,,,,,,,"Climate+ reach 1,832 new females and 2,207 new males with"
20076,18306.0,2024.0,522325 farmers reached with climate forecasts and agroclimatic advisories through,Innovation use,Quality Assessed,,,,,,,,,,,522325 farmers reached with climate forecasts and agroclimatic advisories through
20085,18315.0,2024.0,Farmers engaged in the Agroecological Living Landscapes in the semi-arid,Innovation use,Quality Assessed,,,,,,,,,,,Farmers engaged in the Agroecological Living Landscapes in the semi-arid
20086,18316.0,2024.0,Farmers in Western Kenya embrace sustainable waste recycling and alternative,Innovation use,Quality Assessed,True,Yes,Farmers in Western Kenya embrace sustainable waste recycling and alternative feed through community-Led Black Soldier Fly (BSF) farming,Agroecological Innovations for Tribal Farmers,Multifunctional Landscapes ,0,25000,2000,100000,100000,Farmers in Western Kenya embrace sustainable waste recycling and alternative
20088,18318.0,2024.0,Demonstration of efficient manure-fed biogas digesters in smallholder systems for,Innovation development,Quality Assessed,,,,,,,,,,,Demonstration of efficient manure-fed biogas digesters in smallholder systems for
20092,18322.0,2024.0,Protocol for a Tier 2 approach to generate context-specific enteric,Innovation development,Quality Assessed,,,,,,,,,,,Protocol for a Tier 2 approach to generate context-specific enteric
20099,18329.0,2024.0,"In India and Laos, farmers participating in Agroecological Living Landscapes",Innovation use,Quality Assessed,,,,,,,,,,,"In India and Laos, farmers participating in Agroecological Living Landscapes"
20101,18331.0,2024.0,Faster growing genetically improved farmed tilapia (GIFT) generation 19 in,Innovation development,Quality Assessed,,,,,,,,,,,Faster growing genetically improved farmed tilapia (GIFT) generation 19 in
20105,18335.0,2024.0,10045 new females and 1796 new males received nutrition and,Innovation use,Quality Assessed,,,,,,,,,,,10045 new females and 1796 new males received nutrition and
20108,18338.0,2024.0,Protocol for a Tier 2 approach to generate context-specific enteric,Innovation development,Quality Assessed,,,,,,,,,,,Protocol for a Tier 2 approach to generate context-specific enteric
20110,18340.0,2024.0,Production of Genetically Improved Fish Tilapia (GIFT) TiLV-resistance G20 families,Innovation development,Quality Assessed,,,,,,,,,,,Production of Genetically Improved Fish Tilapia (GIFT) TiLV-resistance G20 families
20113,18343.0,2024.0,"Farmers testing crop associations in Agroecological Living Landscapes in Senegal,",Innovation use,Quality Assessed,,,,,,,,,,,"Farmers testing crop associations in Agroecological Living Landscapes in Senegal,"
20129,18359.0,2024.0,Farmers who apply soil-water conservation practices in Agroecological Living Landscapes,Innovation use,Quality Assessed,,,,,,,,,,,Farmers who apply soil-water conservation practices in Agroecological Living Landscapes
20168,18398.0,2024.0," ScalA-PB: Using the tool that connects peace, sustainability, and",Innovation development,Quality Assessed,,,,,,,,,,," ScalA-PB: Using the tool that connects peace, sustainability, and"
20173,18403.0,2024.0,Remote Sensing-based Information and Insurance for Crops in Emerging Economies,Innovation development,Quality Assessed,,,,,,,,,,,Remote Sensing-based Information and Insurance for Crops in Emerging Economies
20178,18408.0,2024.0,Lean data innovation for rapid diet quality monitoring at scale,Innovation development,Quality Assessed,,,,,,,,,,,Lean data innovation for rapid diet quality monitoring at scale
20187,18417.0,2024.0,Direct and Indirect Beneficiaries from Rethinking Food Markets WP3 pilot,Innovation use,Quality Assessed,,,,,,,,,,,Direct and Indirect Beneficiaries from Rethinking Food Markets WP3 pilot
20194,18424.0,2024.0,Digital Twin Drought Monitoring Tool for the Limpopo River Basin,Innovation development,Quality Assessed,,,,,,,,,,,Digital Twin Drought Monitoring Tool for the Limpopo River Basin
20198,18428.0,2024.0,River Virtual Reality Tour to improve water resources understanding,Innovation development,Quality Assessed,,,,,,,,,,,River Virtual Reality Tour to improve water resources understanding
20199,18429.0,2024.0,Innovation Package and Scaling Readiness assessment for co-development and delivery,Innovation Package,Quality Assessed,,,,,,,,,,,Innovation Package and Scaling Readiness assessment for co-development and delivery
20201,18431.0,2024.0, The Limpopo Watercourse Commission implements Digital Innovation's digital twin,Innovation use,Quality Assessed,,,,,,,,,,, The Limpopo Watercourse Commission implements Digital Innovation's digital twin
20208,18438.0,2024.0,Empowering Farmers and Facilitators with Digital Agricultural Innovations: Piloting the,Innovation use,Quality Assessed,,,,,,,,,,,Empowering Farmers and Facilitators with Digital Agricultural Innovations: Piloting the
20209,18439.0,2024.0,Provision of climate forecasts and advisories to rice farmers in,Innovation development,Quality Assessed,,,,,,,,,,,Provision of climate forecasts and advisories to rice farmers in
20210,18440.0,2024.0,Production of Genetically Improved Abbassa Nile Tilapia (GIANT) strain Generation,Innovation development,Quality Assessed,,,,,,,,,,,Production of Genetically Improved Abbassa Nile Tilapia (GIANT) strain Generation
20218,18447.0,2024.0, Assessing Gender Inclusion in Digital Agriculture: Impact in farmer,Innovation use,Quality Assessed,,,,,,,,,,, Assessing Gender Inclusion in Digital Agriculture: Impact in farmer
20225,18454.0,2024.0,Four randomized impact evaluations of genetic innovations and seed system,Innovation development,Quality Assessed,,,,,,,,,,,Four randomized impact evaluations of genetic innovations and seed system
20260,18488.0,2024.0,Farmers in Bangladesh adopted the potato zero tillage and straw,Innovation use,Quality Assessed,True,Yes,Climate-smart Potato under zero tillage and rice-straw mulching,Outliers/Independent,Sustainable Farming,600000,100000,"Amount not known, Jeevika and other NGOs have started scaling to additional districts outside of our project area.",250000,250000,Farmers in Bangladesh adopted the potato zero tillage and straw
20268,18496.0,2024.0,Innovation Package and Scaling Readiness assessment for model for establishing,Innovation Package,Quality Assessed,,,,,,,,,,,Innovation Package and Scaling Readiness assessment for model for establishing
20269,5621.0,2024.0,Innovation Package and Scaling Readiness assessment for Mbili Mbili and,Innovation Package,Quality Assessed,,,,,,,,,,,Innovation Package and Scaling Readiness assessment for Mbili Mbili and
20288,18515.0,2024.0,Private sector company benefits farmers through use of Agvisely for,Innovation use,Quality Assessed,,,,,,,,,,,Private sector company benefits farmers through use of Agvisely for
20289,18516.0,2024.0,Recommendations from the integrated survey tool  used by partners,Innovation use,Quality Assessed,,,,,,,,,,,Recommendations from the integrated survey tool  used by partners
20290,18517.0,2024.0,"Climate information systems (CIS) for aquaculture: Development of a temperature-based,",Innovation development,Quality Assessed,,,,,,,,,,,"Climate information systems (CIS) for aquaculture: Development of a temperature-based,"
20294,18520.0,2024.0,Feasibility of using an artificial intelligence (AI)-assisted dietary assessment mobile,Innovation development,Quality Assessed,,,,,,,,,,,Feasibility of using an artificial intelligence (AI)-assisted dietary assessment mobile
20313,18539.0,2024.0,Enhancing Productivity and Profitability: The Agronomic and Economic Benefits of,Innovation development,Quality Assessed,,,,,,,,,,,Enhancing Productivity and Profitability: The Agronomic and Economic Benefits of
20315,18541.0,2024.0,Social-Cultural Innovation for Disseminating Climate-Smart Agriculture Technologies and Information in,Innovation development,Quality Assessed,True,Yes,Social-Cultural Innovation for Disseminating Climate-Smart Agriculture Technologies and Information in Local Contexts Using Shared Everyday Life Situations,Digital Innovations for Climate Resilience,Gender,Asia-Africa Blue Tech Superhighway (AABS) and Climate-Resilient Aquaculture Systems for Africa Project (CASA),AICCRA,SAAF,,,Social-Cultural Innovation for Disseminating Climate-Smart Agriculture Technologies and Information in
20317,18543.0,2024.0,Small ruminant keepers in Ethiopia adopt the SAPLING-supported community based,Innovation use,Quality Assessed,,,,,,,,,,,Small ruminant keepers in Ethiopia adopt the SAPLING-supported community based
20326,5930.0,2024.0,Innovation Package and Scaling Readiness assessment for basal npk fertilizer,Innovation Package,Quality Assessed,,,,,,,,,,,Innovation Package and Scaling Readiness assessment for basal npk fertilizer
20336,11884.0,2024.0,Innovation Package and Scaling Readiness assessment for tropical poultry platform,Innovation Package,Quality Assessed,,,,,,,,,,,Innovation Package and Scaling Readiness assessment for tropical poultry platform
20342,18566.0,2024.0,Water-Energy-Food Nexus Decision Support System: A Sustainability and Resilience tool,Innovation development,Quality Assessed,,,,,,,,,,,Water-Energy-Food Nexus Decision Support System: A Sustainability and Resilience tool
20356,18580.0,2024.0,The Inkomati-Usuthu Catchment Management Agency integrates Digital Innovation's water quality,Innovation use,Quality Assessed,,,,,,,,,,,The Inkomati-Usuthu Catchment Management Agency integrates Digital Innovation's water quality
20358,4495.0,2024.0,Innovation Package and Scaling Readiness assessment for dairy profitability simulator,Innovation Package,Quality Assessed,,,,,,,,,,,Innovation Package and Scaling Readiness assessment for dairy profitability simulator
20367,18590.0,2024.0,"1,000 South African youth address environmental challenges through citizen science",Innovation use,Quality Assessed,,,,,,,,,,,"1,000 South African youth address environmental challenges through citizen science"
20384,18607.0,2024.0,Agroecological Training Enhances Mango Value Chain Efficiency and Reduces Post-Harvest,Innovation use,Quality Assessed,,,,,,,,,,,Agroecological Training Enhances Mango Value Chain Efficiency and Reduces Post-Harvest
20402,18625.0,2024.0,The use of Partner satisfaction survey in gathering feedback from,Innovation use,Quality Assessed,,,,,,,,,,,The use of Partner satisfaction survey in gathering feedback from
20404,18627.0,2024.0,"In Kiambu, Kenya, the adoption by local small holder vegetable",Innovation use,Quality Assessed,,,,,,,,,,,"In Kiambu, Kenya, the adoption by local small holder vegetable"
20413,18636.0,2024.0,Enhancing nutritional security of small farmers though introduction of improved,Innovation development,Quality Assessed,,,,,,,,,,,Enhancing nutritional security of small farmers though introduction of improved
20440,18663.0,2024.0,"National government (4), national agricultural research systems and universities (9)",Innovation use,Quality Assessed,,,,,,,,,,,"National government (4), national agricultural research systems and universities (9)"
20461,9559.0,2024.0,A Temperature-Dependent Phenology Model for the Sweetpotato Whitefly Bemisia tabaci,Innovation development,Quality Assessed,,,,,,,,,,,A Temperature-Dependent Phenology Model for the Sweetpotato Whitefly Bemisia tabaci
20463,18685.0,2024.0,"In Fatick, Senegal, in an innovative agroecology business model applied",Innovation use,Quality Assessed,,,,,,,,,,,"In Fatick, Senegal, in an innovative agroecology business model applied"
20466,18688.0,2024.0,PEPA micro-simulation tool,Innovation development,Quality Assessed,,,,,,,,,,,PEPA micro-simulation tool
20473,18695.0,2024.0,Government of Tunisia uptakes CGIAR innovation Sustainable Rangeland Management Practices,Innovation use,Quality Assessed,,,,,,,,,,,Government of Tunisia uptakes CGIAR innovation Sustainable Rangeland Management Practices
20503,18725.0,2024.0,Diversified farming systems through rice-sweet potato production for climate resilience,Innovation development,Quality Assessed,,,,,,,,,,,Diversified farming systems through rice-sweet potato production for climate resilience
20507,18729.0,2024.0,Diversified farming systems through rice-prawn production for climate resilience in,Innovation development,Quality Assessed,,,,,,,,,,,Diversified farming systems through rice-prawn production for climate resilience in
20517,18739.0,2024.0,PABRA’s Demand-led Seed Systems (DLSS) and its global expansion,Innovation use,Quality Assessed,,,,,,,,,,,PABRA’s Demand-led Seed Systems (DLSS) and its global expansion
20525,18747.0,2024.0,Uptake of the Prioritizing Agronomy in a Changing Environment (PAiCE),Innovation use,Quality Assessed,,,,,,,,,,,Uptake of the Prioritizing Agronomy in a Changing Environment (PAiCE)
20541,18763.0,2024.0,Development of forecasting models for management of pod-borer (Helicoverpa armigera,Innovation development,Quality Assessed,,,,,,,,,,,Development of forecasting models for management of pod-borer (Helicoverpa armigera
20542,18764.0,2024.0,Evaluating Oat and Vetch Varieties for Forage Production in north,Innovation development,Quality Assessed,,,,,,,,,,,Evaluating Oat and Vetch Varieties for Forage Production in north
20550,18772.0,2024.0,Adaptation Trials of Oat and Vetch Varieties in Ethiopia,Innovation development,Quality Assessed,,,,,,,,,,,Adaptation Trials of Oat and Vetch Varieties in Ethiopia
20583,18805.0,2024.0,Adoption of good manufacturing practices by small scale feed producers,Innovation use,Quality Assessed,,,,,,,,,,,Adoption of good manufacturing practices by small scale feed producers
20597,18819.0,2024.0,Pioneer Positive Deviance approach established in Colombia with learning platform,Innovation use,Quality Assessed,,,,,,,,,,,Pioneer Positive Deviance approach established in Colombia with learning platform
20608,18830.0,2024.0,Leveraging the drone and satellite imagery to identify crop stresses,Innovation development,Quality Assessed,,,,,,,,,,,Leveraging the drone and satellite imagery to identify crop stresses
20612,18834.0,2024.0,Innovation Package and Scaling Readiness assessment for Koolboks off-grid refrigeration,Innovation Package,Quality Assessed,,,,,,,,,,,Innovation Package and Scaling Readiness assessment for Koolboks off-grid refrigeration
20622,18844.0,2024.0,Adoption of the Urochloa hybrid improved forage grass by farmers,Innovation use,Quality Assessed,True,Yes,"Urochloa hybrids for Sub-Saharan Africa (Solomon Mwendia, Stefan Burkart, Michael Peters)",Outliers/Independent,Sustainable Animal and Aquatic Foods , 200k (Papalotla), 700k (B4T), ,800k,900k,Adoption of the Urochloa hybrid improved forage grass by farmers
2068,2050.0,2022.0,Animated health promotion video developed and tested to help schoolchildren,Innovation development,Quality Assessed,,,,,,,,,,,Animated health promotion video developed and tested to help schoolchildren
20688,18910.0,2024.0,National Partners and Champion Smallholder Farmers in Mali Adopt a,Innovation use,Quality Assessed,,,,,,,,,,,National Partners and Champion Smallholder Farmers in Mali Adopt a
20732,18954.0,2024.0,Genomic tools for selecting and deploying best-bet forages for farmers,Innovation development,Quality Assessed,,,,,,,,,,,Genomic tools for selecting and deploying best-bet forages for farmers
20735,18957.0,2024.0,CGIAR co-developed livestock feed technology scaling methodology made accessible to,Innovation use,Quality Assessed,,,,,,,,,,,CGIAR co-developed livestock feed technology scaling methodology made accessible to
20758,18980.0,2024.0,Farmers in Cambodia have repeatedly use the agro-climatic bulletins developed,Innovation use,Quality Assessed,,,,,,,,,,,Farmers in Cambodia have repeatedly use the agro-climatic bulletins developed
20765,18987.0,2024.0,Breaking dormancy in Macroptilium and Clitoria species for routine viability,Innovation development,Quality Assessed,,,,,,,,,,,Breaking dormancy in Macroptilium and Clitoria species for routine viability
20769,18991.0,2024.0,Empowering students to transform organic waste with innovation in Colombia,Innovation use,Quality Assessed,,,,,,,,,,,Empowering students to transform organic waste with innovation in Colombia
20770,18992.0,2024.0," The Virtual Irrigation Academy, an Australian nonprofit organization operating",Innovation use,Quality Assessed,,,,,,,,,,," The Virtual Irrigation Academy, an Australian nonprofit organization operating"
20772,18994.0,2024.0,"In Lao PDR, farmers engaged in the Agroecological Living Landscape",Innovation use,Quality Assessed,,,,,,,,,,,"In Lao PDR, farmers engaged in the Agroecological Living Landscape"
20776,18998.0,2024.0,"Farmerline, a Ghana-based social enterprise, leverages the Multi-Dimensional Inclusivity Index",Innovation use,Quality Assessed,,,,,,,,,,,"Farmerline, a Ghana-based social enterprise, leverages the Multi-Dimensional Inclusivity Index"
20806,19028.0,2024.0,Rice farmers in Myanmar have repeatedly used the digital climate,Innovation use,Quality Assessed,,,,,,,,,,,Rice farmers in Myanmar have repeatedly used the digital climate
20810,19032.0,2024.0,Participatory Climate-Smart Interventions Advancing Agroecology in Provincial Communities Attapeu-Lao PDR,Innovation development,Quality Assessed,,,,,,,,,,,Participatory Climate-Smart Interventions Advancing Agroecology in Provincial Communities Attapeu-Lao PDR
20812,19034.0,2024.0,Uptake of CGIAR Livestock and Climate innovation 'opportunistic grazing' by,Innovation use,Quality Assessed,,,,,,,,,,,Uptake of CGIAR Livestock and Climate innovation 'opportunistic grazing' by
20813,19035.0,2024.0,Sustainable energy and agriculture through circular bioeconomy practices,Innovation use,Quality Assessed,,,,,,,,,,,Sustainable energy and agriculture through circular bioeconomy practices
20824,19046.0,2024.0,Empowering women-led producer company with sustainable circular bioeconomy solutions in,Innovation use,Quality Assessed,,,,,,,,,,,Empowering women-led producer company with sustainable circular bioeconomy solutions in
20826,19048.0,2024.0, Innovation Package and Scaling Readiness assessment for community-based young,Innovation Package,Quality Assessed,,,,,,,,,,, Innovation Package and Scaling Readiness assessment for community-based young
20842,19064.0,2024.0,On-Farm Testing and TRICOT Trials: Insights from Recent Past and,Innovation development,Quality Assessed,,,,,,,,,,,On-Farm Testing and TRICOT Trials: Insights from Recent Past and
20865,19087.0,2024.0,Animal health-care workers in northwest Vietnam adopt improved animal health,Innovation use,Quality Assessed,,,,,,,,,,,Animal health-care workers in northwest Vietnam adopt improved animal health
20867,19089.0,2024.0,"In India, 80 farmers engaged the Agroecological Living Landscapes (ALL)",Innovation use,Quality Assessed,,,,,,,,,,,"In India, 80 farmers engaged the Agroecological Living Landscapes (ALL)"
20868,19090.0,2024.0,Farmer beneficiaries expanded their entrepreneurial activities as local service providers,Innovation use,Quality Assessed,,,,,,,,,,,Farmer beneficiaries expanded their entrepreneurial activities as local service providers
20890,19112.0,2024.0,Performance tracking dashboard for Aquatic Food interventions: Integrating MEL data,Innovation development,Quality Assessed,,,,,,,,,,,Performance tracking dashboard for Aquatic Food interventions: Integrating MEL data
20893,19115.0,2024.0,Accessibiity and utilization of the Foresight Initiative Portal,Innovation use,Quality Assessed,,,,,,,,,,,Accessibiity and utilization of the Foresight Initiative Portal
20911,19131.0,2024.0,Validation of heat treatment in combination with chemicals protocol for,Innovation development,Quality Assessed,,,,,,,,,,,Validation of heat treatment in combination with chemicals protocol for
20916,19136.0,2024.0,Validation of four novel chemicals for rice seed treatment,Innovation development,Quality Assessed,,,,,,,,,,,Validation of four novel chemicals for rice seed treatment
20939,19158.0,2024.0,Foresight Community of Practice: Interactive platform to enhance information and,Innovation use,Quality Assessed,,,,,,,,,,,Foresight Community of Practice: Interactive platform to enhance information and
20967,19185.0,2024.0,Maize Seed Field and Maize Lethal Necrosis (MLN) Tracker: A,Innovation development,Quality Assessed,,,,,,,,,,,Maize Seed Field and Maize Lethal Necrosis (MLN) Tracker: A
20973,19191.0,2024.0,Living Labs for People in China: Introducing low-carbon food systems,Innovation use,Quality Assessed,,,,,,,,,,,Living Labs for People in China: Introducing low-carbon food systems
20978,19196.0,2024.0,"Systematic mapping of food security and nutrition projects in Guatemala,",Innovation use,Quality Assessed,,,,,,,,,,,"Systematic mapping of food security and nutrition projects in Guatemala,"
20980,19198.0,2024.0,EPIRICE: Models for predicting rice pests and disease risks and,Innovation development,Quality Assessed,,,,,,,,,,,EPIRICE: Models for predicting rice pests and disease risks and
20983,19201.0,2024.0,The effect of different harvesting frequencies on the performance of,Innovation development,Quality Assessed,,,,,,,,,,,The effect of different harvesting frequencies on the performance of
21012,19230.0,2024.0,Business Investment Decision (BID) tool,Innovation development,Quality Assessed,,,,,,,,,,,Business Investment Decision (BID) tool
21022,19240.0,2024.0,Tm-shift markers designer pipeline,Innovation development,Quality Assessed,,,,,,,,,,,Tm-shift markers designer pipeline
21071,19289.0,2024.0,"Advancement in supporting the Kenyan, and Ugandan governments to access",Innovation use,Quality Assessed,,,,,,,,,,,"Advancement in supporting the Kenyan, and Ugandan governments to access"
21079,19297.0,2024.0,ClimBeR contributes to the development of a USD 235 Million,Innovation use,Quality Assessed,,,,,,,,,,,ClimBeR contributes to the development of a USD 235 Million
21083,19301.0,2024.0,Livestock farmers in Kenya and Ethiopia have access to Pioneer,Innovation use,Quality Assessed,,,,,,,,,,,Livestock farmers in Kenya and Ethiopia have access to Pioneer
21087,19305.0,2024.0,"Pioneer Positive Deviance approach enables 15,424 Kenyan households to access",Innovation use,Quality Assessed,,,,,,,,,,,"Pioneer Positive Deviance approach enables 15,424 Kenyan households to access"
21102,19320.0,2024.0,Innovation Package and Scaling Readiness assessment for Layanan Konsultasi Padi,Innovation Package,Quality Assessed,,,,,,,,,,,Innovation Package and Scaling Readiness assessment for Layanan Konsultasi Padi
21115,19333.0,2024.0,"Columbia, Ecuador and Peru take up CGIAR innovation CLEANED for",Innovation use,Quality Assessed,True,Yes,"Colombia, Ecuador and Peru take up CGIAR innovation CLEANED for use by multiple stakeholders",Circular Bioeconomy Innovation Initiatives,Sustainable Animal and Aquatic Foods ,,,,,,"Columbia, Ecuador and Peru take up CGIAR innovation CLEANED for"
21119,19337.0,2024.0,Optimising AQUAculture Development and Market Connectivity (AQUADMC): A geospatial platform,Innovation development,Quality Assessed,True,Yes,"Optimising AQUAculture Development and Market Connectivity (AQUADMC): A geospatial platform for sustainable site selection, resource management, and market integration in aquatic food systems.",Sustainable Aquaculture Innovations Southeast Asia,Sustainable Animal and Aquatic Foods ,0,30000,25000,100000,150000,Optimising AQUAculture Development and Market Connectivity (AQUADMC): A geospatial platform
21129,19347.0,2024.0,The Government of Tunisia uptakes CGIAR innovation CLEANED as a,Innovation use,Quality Assessed,,,,,,,,,,,The Government of Tunisia uptakes CGIAR innovation CLEANED as a
21145,19363.0,2024.0,"Bridging Science and Action: Early Warning, Early Response, and Financial",Innovation use,Quality Assessed,,,,,,,,,,,"Bridging Science and Action: Early Warning, Early Response, and Financial"
21146,19364.0,2024.0,Kenya Agricultural Observatory Platform and Kenya Agricultural and Livestock Research,Innovation use,Quality Assessed,,,,,,,,,,,Kenya Agricultural Observatory Platform and Kenya Agricultural and Livestock Research
2115,2097.0,2022.0,"Catalyzing equitable, sustainable and smallholder-friendly solar energy service markets for",Innovation development,Quality Assessed,,,,,,,,,,,"Catalyzing equitable, sustainable and smallholder-friendly solar energy service markets for"
21159,19377.0,2024.0,Outcomes of the Low Emission Food Systems Initiative in Colombia:,Innovation use,Quality Assessed,,,,,,,,,,,Outcomes of the Low Emission Food Systems Initiative in Colombia:
21162,19380.0,2024.0,Zep-Re insurance company increases reach of CGIAR innovation Index-based Livestock,Innovation use,Quality Assessed,,,,,,,,,,,Zep-Re insurance company increases reach of CGIAR innovation Index-based Livestock
21166,19384.0,2024.0,Living Labs for People in Kenya: Outcomes of Participatory Action,Innovation use,Quality Assessed,,,,,,,,,,,Living Labs for People in Kenya: Outcomes of Participatory Action
21168,19386.0,2024.0,Scaling Strategy for scaling improved feeds and breeds in Kapsabet,Innovation use,Quality Assessed,,,,,,,,,,,Scaling Strategy for scaling improved feeds and breeds in Kapsabet
21169,19387.0,2024.0,"Scaling strategy for integrated mangrove-shrimp systems in the Mekong Delta,",Innovation use,Quality Assessed,,,,,,,,,,,"Scaling strategy for integrated mangrove-shrimp systems in the Mekong Delta,"
21170,19388.0,2024.0,"Scaling Silvopastoral Systems in Caquetá, Colombia, to Support Zero Deforestation",Innovation use,Quality Assessed,,,,,,,,,,,"Scaling Silvopastoral Systems in Caquetá, Colombia, to Support Zero Deforestation"
21201,19419.0,2024.0,Innovation Package and Scaling Readiness assessment for climate-related risk maps,Innovation Package,Quality Assessed,,,,,,,,,,,Innovation Package and Scaling Readiness assessment for climate-related risk maps
2122,2104.0,2022.0,SPaRC model: Grid-connecting solar pumps and buy-back of surplus solar,Innovation development,Quality Assessed,,,,,,,,,,,SPaRC model: Grid-connecting solar pumps and buy-back of surplus solar
21250,19468.0,2024.0,An in vitro protocol for the estimation of banana aphid,Innovation development,Quality Assessed,,,,,,,,,,,An in vitro protocol for the estimation of banana aphid
21253,19471.0,2024.0,"43,897 hectares of shared grazing land benefiting 6,638  pastoralists",Innovation use,Quality Assessed,,,,,,,,,,,"43,897 hectares of shared grazing land benefiting 6,638  pastoralists"
21263,19481.0,2024.0," 200 hectares of shared grazing land benefiting 6,968 pastoralists",Innovation use,Quality Assessed,,,,,,,,,,," 200 hectares of shared grazing land benefiting 6,968 pastoralists"
21296,19514.0,2024.0,"Opportunistic grazing implemented over 50,000 hectares of rangeland benefiting 1,250",Innovation use,Quality Assessed,,,,,,,,,,,"Opportunistic grazing implemented over 50,000 hectares of rangeland benefiting 1,250"
21307,19525.0,2024.0,Government of Ethiopia uptakes participatory rangeland management principles in second,Innovation use,Quality Assessed,,,,,,,,,,,Government of Ethiopia uptakes participatory rangeland management principles in second
21330,19548.0,2024.0,"CGIAR Livestock and Climate Initiative facilitates the securing of 2,365",Innovation use,Quality Assessed,,,,,,,,,,,"CGIAR Livestock and Climate Initiative facilitates the securing of 2,365"
21353,19571.0,2024.0,Decentralizing GIFT seed supply system in Nigeria – Scaling model,Innovation development,Quality Assessed,,,,,,,,,,,Decentralizing GIFT seed supply system in Nigeria – Scaling model
21363,19581.0,2024.0,Amending the CGIAR Climate Information Services for Ghana using a,Innovation development,Quality Assessed,,,,,,,,,,,Amending the CGIAR Climate Information Services for Ghana using a
21364,19582.0,2024.0,Buffer zones developed by the Alliance of Bioversity and CIAT,Innovation use,Quality Assessed,,,,,,,,,,,Buffer zones developed by the Alliance of Bioversity and CIAT
21382,19599.0,2024.0,Evaluating Consumer Preferences for Eba Using Hedonic Scoring and TRICOT,Innovation use,Quality Assessed,,,,,,,,,,,Evaluating Consumer Preferences for Eba Using Hedonic Scoring and TRICOT
21395,1788.0,2024.0,Big data technology and system (Peskas) to improve small-scale fisheries,Innovation use,Quality Assessed,,,,,,,,,,,Big data technology and system (Peskas) to improve small-scale fisheries
21404,19620.0,2024.0,Using eDNA to transform aquatic food systems,Innovation development,Quality Assessed,,,,,,,,,,,Using eDNA to transform aquatic food systems
21409,19625.0,2024.0,Kenya Integrated Agricultural Management Information System integrates CGIAR-supported KAZNET platform,Innovation use,Quality Assessed,,,,,,,,,,,Kenya Integrated Agricultural Management Information System integrates CGIAR-supported KAZNET platform
21420,19634.0,2024.0,Entrepreneurship Ecosystem model for sheep and goat value chain in,Innovation development,Quality Assessed,,,,,,,,,,,Entrepreneurship Ecosystem model for sheep and goat value chain in
21438,19652.0,2024.0,Success Story Vegetable varieties in Benin,Innovation use,Quality Assessed,True,Yes,Improved vegetable varieties in Benin and Tanzania [19652],Outliers/Independent,Better Diets and Nutrition,,100000,,,,Success Story Vegetable varieties in Benin
21445,19659.0,2024.0,Setup social media learning groups for technician and farmers per,Innovation use,Quality Assessed,,,,,,,,,,,Setup social media learning groups for technician and farmers per
21458,19671.0,2024.0,Technical certification drives increased Capacity and the adoption of agricultural,Innovation use,Quality Assessed,,,,,,,,,,,Technical certification drives increased Capacity and the adoption of agricultural
2146,2128.0,2022.0,Production of early generation seeds of farmer preferred cereal and,Innovation development,Quality Assessed,,,,,,,,,,,Production of early generation seeds of farmer preferred cereal and
21463,19676.0,2024.0,"Innovahub Model Strengthens Producer-Technician Collaboration for Sustainable Agriculture in Guatemala,",Innovation use,Quality Assessed,True,Yes,"Innovahub Model Strengthens Producer-Technician Collaboration for Sustainable Agriculture in Guatemala, Honduras and Mexico.",Digital Solutions for Sustainable Agriculture,Climate Action,,,,,,"Innovahub Model Strengthens Producer-Technician Collaboration for Sustainable Agriculture in Guatemala,"
21520,19733.0,2024.0,"1,222,950 hectares of participatory rangeland management in Kenya co-implemented by",Innovation use,Quality Assessed,,,,,,,,,,,"1,222,950 hectares of participatory rangeland management in Kenya co-implemented by"
21521,19734.0,2024.0,"340,000 hectares of participatory rangeland management in Ethiopia co-implemented by",Innovation use,Quality Assessed,,,,,,,,,,,"340,000 hectares of participatory rangeland management in Ethiopia co-implemented by"
21528,19741.0,2024.0,Group certificates of customary rights of occupancy for securing shared,Innovation development,Quality Assessed,,,,,,,,,,,Group certificates of customary rights of occupancy for securing shared
2154,2136.0,2022.0,Improved high-performance computation infrastructure for data scientists in low bandwidth,Innovation development,Quality Assessed,,,,,,,,,,,Improved high-performance computation infrastructure for data scientists in low bandwidth
2155,2137.0,2022.0,Production of early generation seeds for seed producers in Ethiopia,Innovation development,Quality Assessed,,,,,,,,,,,Production of early generation seeds for seed producers in Ethiopia
21552,19765.0,2024.0,Community rangeland health workers: empowering pastoralists to deliver rangelands health,Innovation development,Quality Assessed,,,,,,,,,,,Community rangeland health workers: empowering pastoralists to deliver rangelands health
21553,19766.0,2024.0,Issuing of Livestock and Climate Initiative developed group Certificate of,Innovation use,Quality Assessed,,,,,,,,,,,Issuing of Livestock and Climate Initiative developed group Certificate of
21579,19792.0,2024.0,KAZNET: Using digital innovation and social learning to collect and,Innovation development,Quality Assessed,,,,,,,,,,,KAZNET: Using digital innovation and social learning to collect and
21707,4511.0,2024.0,Innovation Package and Scaling Readiness assessment for conservation is a,Innovation Package,Quality Assessed,,,,,,,,,,,Innovation Package and Scaling Readiness assessment for conservation is a
21751,2651.0,2024.0,Gender responsive tools piloted by national stakeholders for an intersectional,Innovation development,Quality Assessed,,,,,,,,,,,Gender responsive tools piloted by national stakeholders for an intersectional
21763,19973.0,2024.0,GeoAgro Maroc being integrated into the Office National de la,Innovation use,Quality Assessed,,,,,,,,,,,GeoAgro Maroc being integrated into the Office National de la
21774,19983.0,2024.0,"Zar3Direct – A Digital Platform to Track Conservation Agriculture Adoption,",Innovation development,Quality Assessed,,,,,,,,,,,"Zar3Direct – A Digital Platform to Track Conservation Agriculture Adoption,"
21815,20024.0,2024.0,Farming with Alternative Pollinators (FAP) is a proven ecological intensification,Innovation development,Quality Assessed,,,,,,,,,,,Farming with Alternative Pollinators (FAP) is a proven ecological intensification
21868,20077.0,2024.0,Climate Security Sensitivity Tool for Livestock Systems: Enhancing Conflict-Sensitive and,Innovation development,Quality Assessed,,,,,,,,,,,Climate Security Sensitivity Tool for Livestock Systems: Enhancing Conflict-Sensitive and
2187,2169.0,2022.0,CGIAR and NARES partners use improved high-performance computation to advance,Innovation use,Quality Assessed,,,,,,,,,,,CGIAR and NARES partners use improved high-performance computation to advance
21875,20084.0,2024.0,CGIAR innovation community conversations contributes to positive change in transforming,Innovation use,Quality Assessed,,,,,,,,,,,CGIAR innovation community conversations contributes to positive change in transforming
21906,20115.0,2024.0,PlaSA Colombia: A Collaborative Platform Transforming Food System Monitoring and,Innovation use,Quality Assessed,,,,,,,,,,,PlaSA Colombia: A Collaborative Platform Transforming Food System Monitoring and
22017,20226.0,2024.0,Microsite (Krishi kund) for restoration of degraded land for improved,Innovation development,Quality Assessed,,,,,,,,,,,Microsite (Krishi kund) for restoration of degraded land for improved
22019,20228.0,2024.0,"Agroecological Homestead Model (AHM) for enhancing nutrition, soil health, and",Innovation development,Quality Assessed,,,,,,,,,,,"Agroecological Homestead Model (AHM) for enhancing nutrition, soil health, and"
22047,20256.0,2024.0,"Improved governance, management and restoration through strengthened joint village land",Innovation use,Quality Assessed,True,Yes,"Improved governance, management and restoration through strengthened joint village land use planning, participatory rangeland management and restoration across 165,326 hectares of grazing land in Tanzania",Sustainable Rangeland Management Initiatives,Multifunctional Landscapes ,50000,20000,2000,100000,100000,"Improved governance, management and restoration through strengthened joint village land"
22048,20257.0,2024.0,"Improved governance, management and restoration through participatory rangeland management and",Innovation use,Quality Assessed,True,Yes,"Improved governance, management and restoration through participatory rangeland management and rangeland restoration across 91,390 hectares of rangeland in Baringo County, Kenya",Sustainable Rangeland Management Initiatives,Multifunctional Landscapes ,200000,20000,500000 (partner bilaterals),100000,100000,"Improved governance, management and restoration through participatory rangeland management and"
22049,20258.0,2024.0,"Participatory rangeland management established in 268,580 hectares of rangeland in",Innovation use,Quality Assessed,,,,,,,,,,,"Participatory rangeland management established in 268,580 hectares of rangeland in"
22086,20295.0,2024.0,Value Addition of Cassava Flour as a Post-Harvest Management Innovation,Innovation development,Quality Assessed,,,,,,,,,,,Value Addition of Cassava Flour as a Post-Harvest Management Innovation
22088,20297.0,2024.0,On-farm Genomic Selection (GS) approach using a sparse testing design,Innovation development,Quality Assessed,,,,,,,,,,,On-farm Genomic Selection (GS) approach using a sparse testing design
22129,20338.0,2024.0,Discovery of Novel Sources of Resistance to Sweetpotato Leaf Curl,Innovation development,Quality Assessed,,,,,,,,,,,Discovery of Novel Sources of Resistance to Sweetpotato Leaf Curl
22131,20340.0,2024.0,Enhanced predictive accuracy and efficiency in genomic-assisted sweetpotato breeding using,Innovation development,Quality Assessed,,,,,,,,,,,Enhanced predictive accuracy and efficiency in genomic-assisted sweetpotato breeding using
22142,20351.0,2024.0,"The International Potato Center and national research programs (Malawi, Zambia,",Innovation development,Quality Assessed,,,,,,,,,,,"The International Potato Center and national research programs (Malawi, Zambia,"
22143,20352.0,2024.0,"Cassava practical haplotype graph, a pan-genomic resource capturing complete DNA",Innovation development,Quality Assessed,,,,,,,,,,,"Cassava practical haplotype graph, a pan-genomic resource capturing complete DNA"
22145,20354.0,2024.0,"IRRI, in collaboration with India's ational Seed Research And Training",Innovation development,Quality Assessed,,,,,,,,,,,"IRRI, in collaboration with India's ational Seed Research And Training"
22157,20366.0,2024.0,Rapid cycle augmentation scheme for trait development and deployment in,Innovation development,Quality Assessed,,,,,,,,,,,Rapid cycle augmentation scheme for trait development and deployment in
22163,20372.0,2024.0,Establishment and expansion of One IRRI-NARES Breeding Network for rice,Innovation development,Quality Assessed,,,,,,,,,,,Establishment and expansion of One IRRI-NARES Breeding Network for rice
22182,20391.0,2024.0,High-throughput phenotyping models for cassava and sweetpotato trait selection and,Innovation development,Quality Assessed,,,,,,,,,,,High-throughput phenotyping models for cassava and sweetpotato trait selection and
22186,20395.0,2024.0,On-farm testing of 11 pre-released elite clones in five provinces,Innovation development,Quality Assessed,,,,,,,,,,,On-farm testing of 11 pre-released elite clones in five provinces
22206,20415.0,2024.0,"High-throughput technologies, such as near-infrared spectroscopy (NIRS), unmanned aerial vehicle",Innovation development,Quality Assessed,,,,,,,,,,,"High-throughput technologies, such as near-infrared spectroscopy (NIRS), unmanned aerial vehicle"
2235,2217.0,2022.0,AgWise crop model and machine learning decision support framework to,Innovation development,Quality Assessed,,,,,,,,,,,AgWise crop model and machine learning decision support framework to
2250,2232.0,2022.0,A landrace accession at the Bioversity genebank was evaluated to,Innovation development,Quality Assessed,,,,,,,,,,,A landrace accession at the Bioversity genebank was evaluated to
2352,2334.0,2022.0,Digital solution for the economic sustainability of aquatic ecosystems/databases using,Innovation development,Quality Assessed,,,,,,,,,,,Digital solution for the economic sustainability of aquatic ecosystems/databases using
2392,2374.0,2022.0,Woreda participatory land use planning (WPLUP) for pastoral areas in,Innovation use,Quality Assessed,,,,,,,,,,,Woreda participatory land use planning (WPLUP) for pastoral areas in
2414,2396.0,2022.0,Government of Kenya includes participatory rangeland management (PRM) as a,Innovation use,Quality Assessed,,,,,,,,,,,Government of Kenya includes participatory rangeland management (PRM) as a
2587,2569.0,2022.0,Development and use of crop decision trees for climate risk,Innovation use,Quality Assessed,,,,,,,,,,,Development and use of crop decision trees for climate risk
2590,2572.0,2022.0,Improved access of farmers to climate advisories through agro-climatic bulletins,Innovation use,Quality Assessed,,,,,,,,,,,Improved access of farmers to climate advisories through agro-climatic bulletins
2606,2588.0,2022.0,Registration of the Trial “Testing what works to accelerate varietal,Innovation development,Quality Assessed,,,,,,,,,,,Registration of the Trial “Testing what works to accelerate varietal
2608,2590.0,2022.0,Registration of the Trial “Digital Innovations in Crop Insurance Product,Innovation development,Quality Assessed,,,,,,,,,,,Registration of the Trial “Digital Innovations in Crop Insurance Product
2701,2683.0,2022.0,Rice transplanter business development service activities completed in Bangladesh,Innovation use,Quality Assessed,,,,,,,,,,,Rice transplanter business development service activities completed in Bangladesh
2725,2707.0,2022.0,Farmers implement improved farming practices and/or diversify farm production on,Innovation use,Quality Assessed,,,,,,,,,,,Farmers implement improved farming practices and/or diversify farm production on
2731,2713.0,2022.0,"50,839 farmers implement improved farming practices and/or diversify farm production",Innovation use,Quality Assessed,,,,,,,,,,,"50,839 farmers implement improved farming practices and/or diversify farm production"
2767,2749.0,2022.0,"20,684 farmers implement improved farming practices and/or diversify farm production",Innovation use,Quality Assessed,,,,,,,,,,,"20,684 farmers implement improved farming practices and/or diversify farm production"
2789,2771.0,2022.0,Farmers implement improved farming practices and/or diversify farm production on,Innovation use,Quality Assessed,,,,,,,,,,,Farmers implement improved farming practices and/or diversify farm production on
2800,2782.0,2022.0,Actions to reduce climate- and crop-disease associated risks in Bangladesh,Innovation use,Quality Assessed,,,,,,,,,,,Actions to reduce climate- and crop-disease associated risks in Bangladesh
2802,2784.0,2022.0,Mung bean farmers benefit at scale from interactive voice response,Innovation use,Quality Assessed,,,,,,,,,,,Mung bean farmers benefit at scale from interactive voice response
2969,2951.0,2022.0,"Maize-cowpea relay intercropping system for food, fodder and soil fertility",Innovation development,Quality Assessed,,,,,,,,,,,"Maize-cowpea relay intercropping system for food, fodder and soil fertility"
2973,2955.0,2022.0,Integrated agronomic management strategies to enhance performance of mixed farming,Innovation development,Quality Assessed,,,,,,,,,,,Integrated agronomic management strategies to enhance performance of mixed farming
2974,2956.0,2022.0,Optimizing a traditional Malawi lakeshore zone maize-cowpea relay intercropping system,Innovation development,Quality Assessed,,,,,,,,,,,Optimizing a traditional Malawi lakeshore zone maize-cowpea relay intercropping system
2975,2957.0,2022.0,Integrated agronomic management strategies to enhance performance of mixed farming,Innovation development,Quality Assessed,,,,,,,,,,,Integrated agronomic management strategies to enhance performance of mixed farming
2976,2958.0,2022.0,Digital agro-advisory tool to implement decision making in nutrient management,Innovation development,Quality Assessed,,,,,,,,,,,Digital agro-advisory tool to implement decision making in nutrient management
2978,2960.0,2022.0,Enhancing food and nutrition security through creating diversified and multifunctional,Innovation development,Quality Assessed,,,,,,,,,,,Enhancing food and nutrition security through creating diversified and multifunctional
2980,2962.0,2022.0,"Creating Multifunctional Climate Resilient Landscape through developing standardize approaches, tools",Innovation development,Quality Assessed,,,,,,,,,,,"Creating Multifunctional Climate Resilient Landscape through developing standardize approaches, tools"
3028,3010.0,2022.0,Global Product Repository to assist researchers in submitting and curating,Innovation development,Quality Assessed,,,,,,,,,,,Global Product Repository to assist researchers in submitting and curating
3030,3012.0,2022.0,New varieties promoted using TPP for the market segment helps,Innovation development,Quality Assessed,,,,,,,,,,,New varieties promoted using TPP for the market segment helps
3034,3016.0,2022.0,Replacement and positioning of rice varieties using target product profile,Innovation development,Quality Assessed,,,,,,,,,,,Replacement and positioning of rice varieties using target product profile
3036,3018.0,2022.0,Seasonal-spatial integrated model developed to improve the economic-environmental performance of,Innovation development,Quality Assessed,,,,,,,,,,,Seasonal-spatial integrated model developed to improve the economic-environmental performance of
3093,3075.0,2022.0,"587,474 farmers in Bangladesh make use of climate information services",Innovation use,Quality Assessed,,,,,,,,,,,"587,474 farmers in Bangladesh make use of climate information services"
3096,3078.0,2022.0,"Scaling of mechanized cost-saving farm services for irrigation, harvesting, and",Innovation use,Quality Assessed,,,,,,,,,,,"Scaling of mechanized cost-saving farm services for irrigation, harvesting, and"
3105,3087.0,2022.0,Digital banking services designed to support women deployed to scale-out,Innovation use,Quality Assessed,,,,,,,,,,,Digital banking services designed to support women deployed to scale-out
3108,3090.0,2022.0,Digital groundwater monitoring and resource management system developed and scaled,Innovation use,Quality Assessed,,,,,,,,,,,Digital groundwater monitoring and resource management system developed and scaled
3111,3093.0,2022.0,Integrated pest management techniques for diversified crops adopted by scale,Innovation use,Quality Assessed,,,,,,,,,,,Integrated pest management techniques for diversified crops adopted by scale
3170,3152.0,2022.0,"Land-use modelling, scenarios and decision-support tools to optimize integrated fish-agri",Innovation use,Quality Assessed,,,,,,,,,,,"Land-use modelling, scenarios and decision-support tools to optimize integrated fish-agri"
3176,3158.0,2022.0,Improved livelihood of participating farmers in Small Farmers Large Field,Innovation use,Quality Assessed,,,,,,,,,,,Improved livelihood of participating farmers in Small Farmers Large Field
3177,3159.0,2022.0,Resilient seed systems approach and methodology,Innovation use,Quality Assessed,True,Yes,Resilient seed systems approach and methodology,Sustainable Agriculture for Smallholders,Multifunctional Landscapes ,75000,75000,NARS partner staff time,150000,150000,Resilient seed systems approach and methodology
3301,3283.0,2022.0,Release and propagation of new biofortified cassava varieties in Ghana,Innovation development,Quality Assessed,,,,,,,,,,,Release and propagation of new biofortified cassava varieties in Ghana
3336,3318.0,2022.0,Estimating seed demand and seed supply of potato varieties for,Innovation development,Quality Assessed,,,,,,,,,,,Estimating seed demand and seed supply of potato varieties for
3509,3491.0,2022.0,"Registration of the Trial “Accelerating Crop Varietal Turnover in Nigeria”,",Innovation development,Quality Assessed,,,,,,,,,,,"Registration of the Trial “Accelerating Crop Varietal Turnover in Nigeria”,"
3510,3492.0,2022.0,Registration of the Trial “Effect of technological and social distance,Innovation development,Quality Assessed,,,,,,,,,,,Registration of the Trial “Effect of technological and social distance
3552,3534.0,2022.0,The Right Haat: promoting a digital advisory platform for aquaculture,Innovation use,Quality Assessed,,,,,,,,,,,The Right Haat: promoting a digital advisory platform for aquaculture
3598,3580.0,2022.0,"Rice -Government ministries, public and non-governmental organizations, small/medium enterprises, and civil society",Innovation use,Quality Assessed,,,,,,,,,,,"Rice -Government ministries, public and non-governmental organizations, small/medium enterprises, and civil society"
3602,3584.0,2022.0,KIU Bookkeeping App: a digital lending mechanism to promote easy,Innovation use,Quality Assessed,,,,,,,,,,,KIU Bookkeeping App: a digital lending mechanism to promote easy
3636,3618.0,2022.0,A new conceptual framework is developed to guide research engagement,Innovation development,Quality Assessed,,,,,,,,,,,A new conceptual framework is developed to guide research engagement
3785,3767.0,2022.0,Nestle uses e-Agrology to promote sustainable agriculture practices in Mexico,Innovation use,Quality Assessed,,,,,,,,,,,Nestle uses e-Agrology to promote sustainable agriculture practices in Mexico
3879,3860.0,2022.0,Integrated disease management of Fusarium Head Blight (FHB) in the,Innovation development,Quality Assessed,,,,,,,,,,,Integrated disease management of Fusarium Head Blight (FHB) in the
3888,3869.0,2022.0,G+ tools: gender-responsive systematic customer and product profiling for breeding,Innovation development,Quality Assessed,,,,,,,,,,,G+ tools: gender-responsive systematic customer and product profiling for breeding
3960,3940.0,2022.0,Kellogg uses e-Agrology to promote sustainable agriculture practices in Mexico,Innovation use,Quality Assessed,,,,,,,,,,,Kellogg uses e-Agrology to promote sustainable agriculture practices in Mexico
3971,3951.0,2022.0,Cross-functional and cross-crop decision-making platform and tools for continuous improvement,Innovation development,Quality Assessed,,,,,,,,,,,Cross-functional and cross-crop decision-making platform and tools for continuous improvement
4104,4084.0,2022.0,Sentinel-2-based host (wheat) distribution map of Ethiopia for improving the,Innovation development,Quality Assessed,,,,,,,,,,,Sentinel-2-based host (wheat) distribution map of Ethiopia for improving the
4109,4089.0,2022.0,Wheat Blast Early Warning System model for supporting farmers and,Innovation development,Quality Assessed,,,,,,,,,,,Wheat Blast Early Warning System model for supporting farmers and
4112,4092.0,2022.0,Simulation modelling of leaf blast and neck blast epidemics,Innovation development,Quality Assessed,,,,,,,,,,,Simulation modelling of leaf blast and neck blast epidemics
4116,4096.0,2022.0,Preliminary Sentinel-2-based irrigated cropland map of Ethiopia for improving the,Innovation development,Quality Assessed,,,,,,,,,,,Preliminary Sentinel-2-based irrigated cropland map of Ethiopia for improving the
415,415.0,2022.0,Diversified and intensified rice-based cropping systems in the southern coastal,Innovation development,Quality Assessed,,,,,,,,,,,Diversified and intensified rice-based cropping systems in the southern coastal
419,419.0,2022.0,"Radical collaborations to achieve climate justice for women, girls and",Innovation development,Quality Assessed,,,,,,,,,,,"Radical collaborations to achieve climate justice for women, girls and"
420,420.0,2022.0,Deployment of voice messaging based on weather forecasts to avoid,Innovation use,Quality Assessed,,,,,,,,,,,Deployment of voice messaging based on weather forecasts to avoid
4217,4197.0,2022.0,Developing phenology models to optimize biological control against the fall,Innovation development,Quality Assessed,,,,,,,,,,,Developing phenology models to optimize biological control against the fall
4228,4208.0,2022.0,Protocol for improved understanding of how integrating men’s engagement on,Innovation development,Quality Assessed,,,,,,,,,,,Protocol for improved understanding of how integrating men’s engagement on
4232,4212.0,2022.0,Study protocols for country-specific analysis of climate data combined with,Innovation development,Quality Assessed,,,,,,,,,,,Study protocols for country-specific analysis of climate data combined with
4240,4220.0,2022.0,Framework to assess the potential of social protection programs to,Innovation development,Quality Assessed,,,,,,,,,,,Framework to assess the potential of social protection programs to
4243,4223.0,2022.0,Developing a safe and efficient biopesticide against Fall armyworm (FAW),Innovation development,Quality Assessed,,,,,,,,,,,Developing a safe and efficient biopesticide against Fall armyworm (FAW)
4493,4418.0,2022.0,Uptake of the GANSO (GANaderia SOstenible or Sustainable Livestock) guarantee,Innovation use,Quality Assessed,True,Yes,Uptake of the GANSO (GANaderia SOstenible or Sustainable Livestock) guarantee by largest retail store in Colombia,Outliers/Independent,Sustainable Animal and Aquatic Foods ,,,,,,Uptake of the GANSO (GANaderia SOstenible or Sustainable Livestock) guarantee
4542,4467.0,2022.0,Mechanization in Excellence in Agronomy Initiative: A Community of practice,Innovation development,Quality Assessed,,,,,,,,,,,Mechanization in Excellence in Agronomy Initiative: A Community of practice
4547,4472.0,2022.0,Planting Date Advisories disseminated to over 1million farmers through audio,Innovation development,Quality Assessed,,,,,,,,,,,Planting Date Advisories disseminated to over 1million farmers through audio
4550,4475.0,2022.0,"Collaborative Promotional Events to Promote Improved Varieties, Use of Quality",Innovation use,Quality Assessed,,,,,,,,,,,"Collaborative Promotional Events to Promote Improved Varieties, Use of Quality"
4671,49.0,2023.0,Groundnut breeding network in eastern and southern Africa accelerates genetic,Innovation development,Quality Assessed,,,,,,,,,,,Groundnut breeding network in eastern and southern Africa accelerates genetic
4687,200.0,2023.0,Food systems governance e-course expanded to support more actors working,Innovation use,Quality Assessed,True,Yes,Food systems governance e-course [200],Sustainable Food Systems Innovation,Better Diets and Nutrition,,,,,,Food systems governance e-course expanded to support more actors working
4690,248.0,2023.0,Sustainable Healthy Diets country coordination unit in Viet Nam supported,Innovation use,Quality Assessed,,,,,,,,,,,Sustainable Healthy Diets country coordination unit in Viet Nam supported
4720,429.0,2023.0,Standardized template for Target Product Profile design developed for harmonized,Innovation development,Quality Assessed,,,,,,,,,,,Standardized template for Target Product Profile design developed for harmonized
4741,781.0,2023.0,"Green manure/cover crops (GMCC) for improved livestock feeding, are plants",Innovation development,Quality Assessed,,,,,,,,,,,"Green manure/cover crops (GMCC) for improved livestock feeding, are plants"
4754,797.0,2023.0,Mixed cultivation or ley-cropping of forage legumes with maize to,Innovation development,Quality Assessed,,,,,,,,,,,Mixed cultivation or ley-cropping of forage legumes with maize to
4772,907.0,2023.0,An Artificial Intelligence-based farmers' agricultural information demand prediction model for,Innovation development,Quality Assessed,,,,,,,,,,,An Artificial Intelligence-based farmers' agricultural information demand prediction model for
4790,1028.0,2023.0,Climate Security Proofing Guidelines for Livestock Production Systems: a guide,Innovation development,Quality Assessed,,,,,,,,,,,Climate Security Proofing Guidelines for Livestock Production Systems: a guide
4818,1186.0,2023.0,Data Plaza: An open data community platform to discover datasets,Innovation development,Quality Assessed,,,,,,,,,,,Data Plaza: An open data community platform to discover datasets
4825,1250.0,2023.0,Uncertainty calculator for national government livestock greenhouse gas emission inventories,Innovation development,Quality Assessed,,,,,,,,,,,Uncertainty calculator for national government livestock greenhouse gas emission inventories
4831,1489.0,2023.0,Biomass Climate Adaptation Index (CAI): A satellite-based near real-time climate,Innovation development,Quality Assessed,,,,,,,,,,,Biomass Climate Adaptation Index (CAI): A satellite-based near real-time climate
4841,1752.0,2023.0,Validating a new tool for measuring how much men and,Innovation development,Quality Assessed,,,,,,,,,,,Validating a new tool for measuring how much men and
4854,1877.0,2023.0,Introduction and co-evaluation of ILRI gene bank forage resources at,Innovation development,Quality Assessed,,,,,,,,,,,Introduction and co-evaluation of ILRI gene bank forage resources at
4856,1886.0,2023.0,Commercialization of Forage Seed Business in Mixed Farming Systems of,Innovation development,Quality Assessed,,,,,,,,,,,Commercialization of Forage Seed Business in Mixed Farming Systems of
4864,2051.0,2023.0,"Food System Country Profiles, concise snapshots decisionmakers in Ethiopia and",Innovation use,Quality Assessed,True,Yes,"Sustainable Food System Country Profiles for Low- and Middle-Income Countries Methodology [12585, 2051]",Sustainable Food Systems Innovation,Better Diets and Nutrition,,,,,,"Food System Country Profiles, concise snapshots decisionmakers in Ethiopia and"
4890,2233.0,2023.0,"Minimum dataset to enable agronomy at scale, ensuring adherence to",Innovation development,Quality Assessed,,,,,,,,,,,"Minimum dataset to enable agronomy at scale, ensuring adherence to"
4891,2234.0,2023.0,Faster growing genetically improved rohu (Generation 3) produced in Bangladesh,Innovation use,Quality Assessed,,,,,,,,,,,Faster growing genetically improved rohu (Generation 3) produced in Bangladesh
4909,2635.0,2023.0,A suite of Improved agronomic management techniques for more precise,Innovation development,Quality Assessed,,,,,,,,,,,A suite of Improved agronomic management techniques for more precise
4921,2702.0,2023.0,Geo-spatial analysis model to improve linkages between demand and supply,Innovation development,Quality Assessed,,,,,,,,,,,Geo-spatial analysis model to improve linkages between demand and supply
4926,2788.0,2023.0,Inclusive access to seed and information delivery pathways - Protocol,Innovation development,Quality Assessed,,,,,,,,,,,Inclusive access to seed and information delivery pathways - Protocol
4928,2795.0,2023.0,Global Protocol for a Scoping Review on Capacity development and,Innovation development,Quality Assessed,,,,,,,,,,,Global Protocol for a Scoping Review on Capacity development and
4929,2851.0,2023.0,SenseMaker+: adapted version of SenseMaker ethnographic research tool that applies,Innovation development,Quality Assessed,,,,,,,,,,,SenseMaker+: adapted version of SenseMaker ethnographic research tool that applies
4939,2938.0,2023.0,Systematic approach for national seed system stakeholders to understand seed,Innovation development,Quality Assessed,,,,,,,,,,,Systematic approach for national seed system stakeholders to understand seed
4950,2966.0,2023.0,Protocols to develop country-specific livestock greenhouse gas emission factors in,Innovation development,Quality Assessed,,,,,,,,,,,Protocols to develop country-specific livestock greenhouse gas emission factors in
4953,3011.0,2023.0,Regional Gender and Plant Health Network in Southeast Asia is,Innovation development,Quality Assessed,,,,,,,,,,,Regional Gender and Plant Health Network in Southeast Asia is
4957,3035.0,2023.0,Portable sequencing technology is implemented for plant disease diagnostics in,Innovation development,Quality Assessed,,,,,,,,,,,Portable sequencing technology is implemented for plant disease diagnostics in
4958,3036.0,2023.0,Value stream mapping approach to map the impact of food,Innovation development,Quality Assessed,,,,,,,,,,,Value stream mapping approach to map the impact of food
4959,3037.0,2023.0,Validation of Artificial Intelligence tools for disease recognition at large,Innovation development,Quality Assessed,,,,,,,,,,,Validation of Artificial Intelligence tools for disease recognition at large
4960,3038.0,2023.0,Genomic surveillance maps for geminiviruses in Southeast Asia and potexviruses,Innovation development,Quality Assessed,,,,,,,,,,,Genomic surveillance maps for geminiviruses in Southeast Asia and potexviruses
4965,3074.0,2023.0,Methodology for socially inclusive scaling of climate technologies,Innovation development,Quality Assessed,,,,,,,,,,,Methodology for socially inclusive scaling of climate technologies
4968,3119.0,2023.0,Diagnostic tools validated by ICARDA’s Germplasm Health Unit (GHU) for,Innovation development,Quality Assessed,,,,,,,,,,,Diagnostic tools validated by ICARDA’s Germplasm Health Unit (GHU) for
4969,3145.0,2023.0,Conventional polymerase chain reaction (PCR) assay for detection and characterization,Innovation development,Quality Assessed,,,,,,,,,,,Conventional polymerase chain reaction (PCR) assay for detection and characterization
4972,3160.0,2023.0,Checklist for integration of key gender and social inclusion considerations,Innovation development,Quality Assessed,,,,,,,,,,,Checklist for integration of key gender and social inclusion considerations
4977,3194.0,2023.0,Reverse transcription-polymerase chain reaction (RT-PCR) assay for detection and characterization,Innovation development,Quality Assessed,,,,,,,,,,,Reverse transcription-polymerase chain reaction (RT-PCR) assay for detection and characterization
4982,3239.0,2023.0,Diversfying rice-based systems in Cote d’Ivoire with mungbean and fish,Innovation development,Quality Assessed,,,,,,,,,,,Diversfying rice-based systems in Cote d’Ivoire with mungbean and fish
4983,3241.0,2023.0,Measuring demand for climate-resilient maize varieties in Nigeria,Innovation development,Quality Assessed,,,,,,,,,,,Measuring demand for climate-resilient maize varieties in Nigeria
4984,3242.0,2023.0,Appropriate and promising diversification options in rice-based systems with vegetable,Innovation development,Quality Assessed,,,,,,,,,,,Appropriate and promising diversification options in rice-based systems with vegetable
4989,3301.0,2023.0,"Joint IITA, CIP, Bioversity and Nigeria national partner design of",Innovation development,Quality Assessed,,,,,,,,,,,"Joint IITA, CIP, Bioversity and Nigeria national partner design of"
4992,3314.0,2023.0,"Connecting Tumaini, an artificial intelligence powered smartphone app, with occurrence",Innovation development,Quality Assessed,,,,,,,,,,,"Connecting Tumaini, an artificial intelligence powered smartphone app, with occurrence"
4994,3325.0,2023.0,Leaf bud cuttings: a novel method for quicker and more,Innovation development,Quality Assessed,,,,,,,,,,,Leaf bud cuttings: a novel method for quicker and more
4996,3341.0,2023.0,Using accurate detection tools to develop a successful management strategy,Innovation development,Quality Assessed,,,,,,,,,,,Using accurate detection tools to develop a successful management strategy
4999,3366.0,2023.0,"Post-harvest loss reduction technologies (DryCard, Aflasafe, Purdue Improved Crop Storage",Innovation development,Quality Assessed,,,,,,,,,,,"Post-harvest loss reduction technologies (DryCard, Aflasafe, Purdue Improved Crop Storage"
5000,3384.0,2023.0,Guidelines used to support the implementation of Viet Nam's new,Innovation use,Quality Assessed,,,,,,,,,,,Guidelines used to support the implementation of Viet Nam's new
5001,3387.0,2023.0,Decision support tools for site specific fertilizer recommendation in Burundi,Innovation development,Quality Assessed,,,,,,,,,,,Decision support tools for site specific fertilizer recommendation in Burundi
5019,3452.0,2023.0,Barley elite lines and new varieties targeted to Sudan and,Innovation development,Quality Assessed,,,,,,,,,,,Barley elite lines and new varieties targeted to Sudan and
5020,3454.0,2023.0,Bread wheat elite lines and new varieties targeted to Sudan,Innovation development,Quality Assessed,,,,,,,,,,,Bread wheat elite lines and new varieties targeted to Sudan
5021,3455.0,2023.0,Lentil elite lines and new varieties targeted to Sudan and,Innovation development,Quality Assessed,,,,,,,,,,,Lentil elite lines and new varieties targeted to Sudan and
5022,3457.0,2023.0,Faba bean elite lines and new varieties targeted to Sudan,Innovation development,Quality Assessed,,,,,,,,,,,Faba bean elite lines and new varieties targeted to Sudan
5023,3458.0,2023.0,Chickpea elite lines and new varieties targeted to Sudan and,Innovation development,Quality Assessed,,,,,,,,,,,Chickpea elite lines and new varieties targeted to Sudan and
5042,3519.0,2023.0,"Research Protocol for linking farm diversification, markets and nutrition through",Innovation development,Quality Assessed,,,,,,,,,,,"Research Protocol for linking farm diversification, markets and nutrition through"
5057,3693.0,2023.0,High-Throughput Pipeline developed by IIRRI for Quick Detection of Rice,Innovation development,Quality Assessed,,,,,,,,,,,High-Throughput Pipeline developed by IIRRI for Quick Detection of Rice
5059,3724.0,2023.0,Isotope techniques for the introduction of climate-resilient varieties in cassava,Innovation development,Quality Assessed,,,,,,,,,,,Isotope techniques for the introduction of climate-resilient varieties in cassava
5061,3802.0,2023.0,Gender inclusion checklist to support crop breeding organizations and farm,Innovation development,Quality Assessed,,,,,,,,,,,Gender inclusion checklist to support crop breeding organizations and farm
5066,3852.0,2023.0,"Integrated management of maize lethal necrosis (MLN), including native genetic",Innovation development,Quality Assessed,,,,,,,,,,,"Integrated management of maize lethal necrosis (MLN), including native genetic"
5072,3872.0,2023.0,Pheromone systems developed to lure and kill cowpea pests (pod,Innovation development,Quality Assessed,,,,,,,,,,,Pheromone systems developed to lure and kill cowpea pests (pod
5087,4071.0,2023.0,Genetic diversity of two viruses affecting lentil and chickpea crops,Innovation development,Quality Assessed,,,,,,,,,,,Genetic diversity of two viruses affecting lentil and chickpea crops
5088,4075.0,2023.0,Efficacy of eco-friendly biopesticides for control of African Rice Gall,Innovation development,Quality Assessed,,,,,,,,,,,Efficacy of eco-friendly biopesticides for control of African Rice Gall
5089,4077.0,2023.0,Promotion of natural biological control of African rice gall midge,Innovation development,Quality Assessed,,,,,,,,,,,Promotion of natural biological control of African rice gall midge
5091,4081.0,2023.0,"Climate Security Investment Plan Methodology for environmental policymakers, investors for",Innovation development,Quality Assessed,,,,,,,,,,,"Climate Security Investment Plan Methodology for environmental policymakers, investors for"
5093,4085.0,2023.0,Preliminary Sentinel-2-based host (wheat) greenness/phenology map of Ethiopia for improving,Innovation development,Quality Assessed,,,,,,,,,,,Preliminary Sentinel-2-based host (wheat) greenness/phenology map of Ethiopia for improving
5103,4141.0,2023.0,Farmer-Interface-Application (FIA) field scouting tool for real-time farmer access to,Innovation development,Quality Assessed,,,,,,,,,,,Farmer-Interface-Application (FIA) field scouting tool for real-time farmer access to
5147,4587.0,2023.0,Food Security Simulator - Kenya: A microsimulation tool to assess,Innovation development,Quality Assessed,,,,,,,,,,,Food Security Simulator - Kenya: A microsimulation tool to assess
5307,4738.0,2023.0,Cross-border water risk framework to promote water security in emergency,Innovation development,Quality Assessed,,,,,,,,,,,Cross-border water risk framework to promote water security in emergency
5334,4765.0,2023.0,"Early warning, Action,  Finance platform (AWARE) in Fragile and",Innovation development,Quality Assessed,,,,,,,,,,,"Early warning, Action,  Finance platform (AWARE) in Fragile and"
5357,187.0,2023.0,Targeted simulations help breeders to optimize breeding schemes aligned with,Innovation use,Quality Assessed,,,,,,,,,,,Targeted simulations help breeders to optimize breeding schemes aligned with
5402,4830.0,2023.0,"Analysis framework for Ecosystem of Food, Land, Water Systems (FLWS)",Innovation development,Quality Assessed,,,,,,,,,,,"Analysis framework for Ecosystem of Food, Land, Water Systems (FLWS)"
5469,4897.0,2023.0,African armyworm model frameworks for predicting this pest risks and,Innovation development,Quality Assessed,,,,,,,,,,,African armyworm model frameworks for predicting this pest risks and
5477,4905.0,2023.0,AT least 5 digital training materials for 2023,Innovation development,Quality Assessed,,,,,,,,,,,AT least 5 digital training materials for 2023
5562,4988.0,2023.0,Manual seeder for maize and beans in Honduras,Innovation development,Quality Assessed,,,,,,,,,,,Manual seeder for maize and beans in Honduras
5661,5087.0,2023.0,Assessing the feasibility of Oxford Nanopore Technology (ONT) for 16S,Innovation development,Quality Assessed,,,,,,,,,,,Assessing the feasibility of Oxford Nanopore Technology (ONT) for 16S
5921,5347.0,2023.0,Sustainable Healthy Diets established a country coordination unit in Ethiopia,Innovation development,Quality Assessed,,,,,,,,,,,Sustainable Healthy Diets established a country coordination unit in Ethiopia
6013,5439.0,2023.0,Feed pellet production for ruminants using a small-scale pelletizer and,Innovation use,Quality Assessed,,,,,,,,,,,Feed pellet production for ruminants using a small-scale pelletizer and
6021,5447.0,2023.0,Promoting a Seed Supply Chain for Genetically Improved Farmed Tilapia,Innovation development,Quality Assessed,,,,,,,,,,,Promoting a Seed Supply Chain for Genetically Improved Farmed Tilapia
6217,5643.0,2023.0, Assessment on improving water use efficiency to increase agriculture,Innovation development,Quality Assessed,,,,,,,,,,, Assessment on improving water use efficiency to increase agriculture
6311,5737.0,2023.0,"Pre- and post- season farmer knowledge, beliefs, and information survey",Innovation development,Quality Assessed,,,,,,,,,,,"Pre- and post- season farmer knowledge, beliefs, and information survey"
6513,5938.0,2023.0,Training of trainers (ToT) program designed to support actors working,Innovation development,Quality Assessed,,,,,,,,,,,Training of trainers (ToT) program designed to support actors working
6687,6112.0,2023.0,Making Legume Seed Systems Efficient Through Demand-Led Approaches in Sub-Saharan,Innovation use,Quality Assessed,,,,,,,,,,,Making Legume Seed Systems Efficient Through Demand-Led Approaches in Sub-Saharan
6867,6292.0,2023.0,Efficient Water Use Practices for Agriculture: Micro-Irrigation Systems,Innovation development,Quality Assessed,,,,,,,,,,,Efficient Water Use Practices for Agriculture: Micro-Irrigation Systems
6873,6298.0,2023.0,Introduction and co-evaluation of ILRI gene bank forage resources at,Innovation development,Quality Assessed,,,,,,,,,,,Introduction and co-evaluation of ILRI gene bank forage resources at
6977,6402.0,2023.0,Innovation Package and Scaling Readiness assessment for global agronomy database,Innovation Package,Quality Assessed,,,,,,,,,,,Innovation Package and Scaling Readiness assessment for global agronomy database
7010,6434.0,2023.0,Simple-to-administer and low-priced tool that researchers and policymakers can use,Innovation development,Quality Assessed,,,,,,,,,,,Simple-to-administer and low-priced tool that researchers and policymakers can use
7013,6437.0,2023.0,"Online, interactive tool to provide policymakers with easy access to",Innovation development,Quality Assessed,,,,,,,,,,,"Online, interactive tool to provide policymakers with easy access to"
7153,6577.0,2023.0,"Community seed production and scaling of cereals, food legumes and",Innovation development,Quality Assessed,,,,,,,,,,,"Community seed production and scaling of cereals, food legumes and"
7180,6604.0,2023.0,Video drama developed and tested to encourage urban consumers in,Innovation development,Quality Assessed,,,,,,,,,,,Video drama developed and tested to encourage urban consumers in
7386,6810.0,2023.0,Inclusive multi-stakeholder knowledge sharing platform on mixed farming system for,Innovation development,Quality Assessed,,,,,,,,,,,Inclusive multi-stakeholder knowledge sharing platform on mixed farming system for
7405,6829.0,2023.0,Guidelines for informal food sector engagement towards improved food safety,Innovation development,Quality Assessed,,,,,,,,,,,Guidelines for informal food sector engagement towards improved food safety
7647,7071.0,2023.0,Genetic diversity of two poleroviruses affecting faba bean and chickpea,Innovation development,Quality Assessed,,,,,,,,,,,Genetic diversity of two poleroviruses affecting faba bean and chickpea
7751,7172.0,2023.0,Soybean Recommendations in Chinyanja Triangle During El Niño,Innovation use,Quality Assessed,,,,,,,,,,,Soybean Recommendations in Chinyanja Triangle During El Niño
7826,7246.0,2023.0, Optimizing Sweet Potato Breeding Pipelines:Utilizing Desired Gain Selection Indices,Innovation development,Quality Assessed,,,,,,,,,,, Optimizing Sweet Potato Breeding Pipelines:Utilizing Desired Gain Selection Indices
7834,7254.0,2023.0,Highly diverse growing environments indicate the need to increase collaboration,Innovation development,Quality Assessed,,,,,,,,,,,Highly diverse growing environments indicate the need to increase collaboration
7835,7255.0,2023.0,"Bioshuro, an innovative Organic fertilizer for improving crop yields sustainably",Innovation development,Quality Assessed,,,,,,,,,,,"Bioshuro, an innovative Organic fertilizer for improving crop yields sustainably"
7842,7262.0,2023.0,NUTRIPIZZA PIZZA,Innovation development,Quality Assessed,,,,,,,,,,,NUTRIPIZZA PIZZA
7845,7265.0,2023.0,Plant-based nuggets to diversify the sustainable and healthy food offer,Innovation development,Quality Assessed,,,,,,,,,,,Plant-based nuggets to diversify the sustainable and healthy food offer
7868,7287.0,2023.0,The Tumaini smartphone app and platform: for a series of,Innovation development,Quality Assessed,,,,,,,,,,,The Tumaini smartphone app and platform: for a series of
7896,7315.0,2023.0,IDM approach for reviving Fusarium wilt affected banana production landscapes,Innovation development,Quality Assessed,,,,,,,,,,,IDM approach for reviving Fusarium wilt affected banana production landscapes
7923,7342.0,2023.0,"""Qorishuro Fermented Drink made from reusing cheese whey milk and",Innovation development,Quality Assessed,,,,,,,,,,,"""Qorishuro Fermented Drink made from reusing cheese whey milk and"
7962,7381.0,2023.0,Improved access of rice farmers in Myanmar to climate advisories,Innovation use,Quality Assessed,,,,,,,,,,,Improved access of rice farmers in Myanmar to climate advisories
797,779.0,2022.0, In doubled-up legume systems several legumes are strategically combined,Innovation development,Quality Assessed,,,,,,,,,,, In doubled-up legume systems several legumes are strategically combined
7971,7390.0,2023.0,Airclean innovation for monitoring and predicting air quality,Innovation development,Quality Assessed,,,,,,,,,,,Airclean innovation for monitoring and predicting air quality
7973,7392.0,2023.0,"Nutritious and sustainable bread ""Visia"" produced by reusing two by-products,",Innovation development,Quality Assessed,,,,,,,,,,,"Nutritious and sustainable bread ""Visia"" produced by reusing two by-products,"
7975,7394.0,2023.0,Tocho energy bar made from Tarwi- a native species whose,Innovation development,Quality Assessed,,,,,,,,,,,Tocho energy bar made from Tarwi- a native species whose
7978,7397.0,2023.0,INFRARED-HOT AIR DRYER -an  eco-friendly hybrid dryer to dehydrate,Innovation development,Quality Assessed,,,,,,,,,,,INFRARED-HOT AIR DRYER -an  eco-friendly hybrid dryer to dehydrate
7990,7409.0,2023.0,Partnership efficacy survey tool,Innovation development,Quality Assessed,,,,,,,,,,,Partnership efficacy survey tool
7992,7411.0,2023.0,Reverse transcription-polymerase chain reaction (RT-PCR) assay for detection and characterization,Innovation development,Quality Assessed,,,,,,,,,,,Reverse transcription-polymerase chain reaction (RT-PCR) assay for detection and characterization
7999,7418.0,2023.0,"The Women's Empowerment in Migration Index (WEMI) helps governments, development",Innovation development,Quality Assessed,,,,,,,,,,,"The Women's Empowerment in Migration Index (WEMI) helps governments, development"
8029,7447.0,2023.0,Multi stakeholders platforms members invest in Brachiaria seed multiplication and,Innovation use,Quality Assessed,,,,,,,,,,,Multi stakeholders platforms members invest in Brachiaria seed multiplication and
8035,7453.0,2023.0,Benefits and costs of gully rehabilitation measures from the perspective,Innovation development,Quality Assessed,,,,,,,,,,,Benefits and costs of gully rehabilitation measures from the perspective
8079,7497.0,2023.0,Introduction and promotion of Berken plow for better in situ,Innovation development,Quality Assessed,,,,,,,,,,,Introduction and promotion of Berken plow for better in situ
8124,7542.0,2023.0,Introduction and promotion of vermicompost for better yield and ecofriendly,Innovation development,Quality Assessed,,,,,,,,,,,Introduction and promotion of vermicompost for better yield and ecofriendly
8125,7543.0,2023.0,Exclosures for landscape restoration in Ethiopia contribute to boost agricultural,Innovation development,Quality Assessed,,,,,,,,,,,Exclosures for landscape restoration in Ethiopia contribute to boost agricultural
8192,7610.0,2023.0,On-farm validation of Integrated virus and vector management innovations on,Innovation development,Quality Assessed,,,,,,,,,,,On-farm validation of Integrated virus and vector management innovations on
8194,7612.0,2023.0,"Plant Health Innovation Platform at Qob Elias, Lebanon: farmer participatory",Innovation development,Quality Assessed,,,,,,,,,,,"Plant Health Innovation Platform at Qob Elias, Lebanon: farmer participatory"
8232,7650.0,2023.0,Management of fall armyworm on summer maize in Lebanon,Innovation development,Quality Assessed,,,,,,,,,,,Management of fall armyworm on summer maize in Lebanon
825,807.0,2022.0,Providing off-grid solar irrigation technologies and services to low-income farmers,Innovation development,Quality Assessed,,,,,,,,,,,Providing off-grid solar irrigation technologies and services to low-income farmers
8286,7703.0,2023.0,Guide on flexible varietal licensing approaches and options for national,Innovation development,Quality Assessed,,,,,,,,,,,Guide on flexible varietal licensing approaches and options for national
8402,7817.0,2023.0,"In collaboration with Transforming Agrifood Systems in South Asia, the",Innovation use,Quality Assessed,,,,,,,,,,,"In collaboration with Transforming Agrifood Systems in South Asia, the"
8453,7867.0,2023.0,"In collaboration with Transforming Agrifood Systems in South Asia (TAFSSA),",Innovation use,Quality Assessed,,,,,,,,,,,"In collaboration with Transforming Agrifood Systems in South Asia (TAFSSA),"
8454,7868.0,2023.0,"Farmers in northern, central, and southern Guatemala receive weather forecasts",Innovation use,Quality Assessed,,,,,,,,,,,"Farmers in northern, central, and southern Guatemala receive weather forecasts"
8456,7870.0,2023.0,Released yam varieties identified for vulgarization,Innovation development,Quality Assessed,,,,,,,,,,,Released yam varieties identified for vulgarization
8460,7874.0,2023.0,Obsrv.AI: An Artificial Intelligence-based chatbot for location and crop-specific agricultural,Innovation development,Quality Assessed,,,,,,,,,,,Obsrv.AI: An Artificial Intelligence-based chatbot for location and crop-specific agricultural
8467,7881.0,2023.0,Tailoring the digital Agro-Climate Advisory (DACA) platform in Ghana,Innovation development,Quality Assessed,,,,,,,,,,,Tailoring the digital Agro-Climate Advisory (DACA) platform in Ghana
8588,3688.0,2023.0,"Aflasafe, a biocontrol technology reducing aflatoxin in maize, groundnut, and",Innovation use,Quality Assessed,,,,,,,,,,,"Aflasafe, a biocontrol technology reducing aflatoxin in maize, groundnut, and"
8623,8029.0,2023.0,An Artificial Intelligence-based scientific data query tool for user-friendly access,Innovation development,Quality Assessed,,,,,,,,,,,An Artificial Intelligence-based scientific data query tool for user-friendly access
8629,8035.0,2023.0,AgCx: A mobile application that assesses the creditworthiness of smallholders,Innovation development,Quality Assessed,,,,,,,,,,,AgCx: A mobile application that assesses the creditworthiness of smallholders
8651,8057.0,2023.0,Farmers received the Risk Contingent Credit product (RCC) product in,Innovation use,Quality Assessed,,,,,,,,,,,Farmers received the Risk Contingent Credit product (RCC) product in
8656,8062.0,2023.0,Farmers received the Risk Contingent Credit (RCC) product in Ethiopia,Innovation use,Quality Assessed,,,,,,,,,,,Farmers received the Risk Contingent Credit (RCC) product in Ethiopia
8669,8075.0,2023.0,Investments in CIMMYT collaborative maize breeding results in farmers gaining,Innovation use,Quality Assessed,,,,,,,,,,,Investments in CIMMYT collaborative maize breeding results in farmers gaining
8680,8086.0,2023.0,Farmers received forecasts and agro-advisory services through the Rice Crop,Innovation use,Quality Assessed,,,,,,,,,,,Farmers received forecasts and agro-advisory services through the Rice Crop
8697,8103.0,2023.0,Identifying mechanisation niches for improving irrigation-as-a-service business model,Innovation development,Quality Assessed,,,,,,,,,,,Identifying mechanisation niches for improving irrigation-as-a-service business model
8702,8107.0,2023.0,Integrated management of chickpea and lentil viruses and their vectors,Innovation development,Quality Assessed,,,,,,,,,,,Integrated management of chickpea and lentil viruses and their vectors
8704,8109.0,2023.0,Developing and fine-tuning Fusarium wilt of banana IDM approaches in,Innovation development,Quality Assessed,,,,,,,,,,,Developing and fine-tuning Fusarium wilt of banana IDM approaches in
8718,8123.0,2023.0,Smallholder farmers in Kenya used improved chicken breeds and management,Innovation use,Quality Assessed,,,,,,,,,,,Smallholder farmers in Kenya used improved chicken breeds and management
8825,8229.0,2023.0,Climate-smart and resilient rice production practices in the Mixed Farming,Innovation development,Quality Assessed,,,,,,,,,,,Climate-smart and resilient rice production practices in the Mixed Farming
886,868.0,2022.0,Knowledge Platform for Inclusive and Sustainable Food Markets and Value,Innovation development,Quality Assessed,,,,,,,,,,,Knowledge Platform for Inclusive and Sustainable Food Markets and Value
8917,8319.0,2023.0, Public-private partnerships developed and implemented in Bangladesh to support,Innovation use,Quality Assessed,,,,,,,,,,, Public-private partnerships developed and implemented in Bangladesh to support
8921,8323.0,2023.0,"In collaboration with Transforming Agrifood Systems in South Asia (TAFSSA),",Innovation use,Quality Assessed,,,,,,,,,,,"In collaboration with Transforming Agrifood Systems in South Asia (TAFSSA),"
8923,8325.0,2023.0,"A total of 9,754 farmers implement improved farming practices and/or",Innovation use,Quality Assessed,,,,,,,,,,,"A total of 9,754 farmers implement improved farming practices and/or"
8925,8327.0,2023.0,A number of farmers implement improved farming practices and diversify,Innovation use,Quality Assessed,,,,,,,,,,,A number of farmers implement improved farming practices and diversify
8926,8328.0,2023.0,Farmers implement improved farming practices and/or diversify farm production on,Innovation use,Quality Assessed,,,,,,,,,,,Farmers implement improved farming practices and/or diversify farm production on
8928,8330.0,2023.0,"In collaboration with Transforming Agrifood Systems in South Asia (TAFSSA),",Innovation use,Quality Assessed,,,,,,,,,,,"In collaboration with Transforming Agrifood Systems in South Asia (TAFSSA),"
8929,8331.0,2023.0,"In collaboration with Transforming Agrifood Systems in South Asia (TAFSSA),",Innovation use,Quality Assessed,,,,,,,,,,,"In collaboration with Transforming Agrifood Systems in South Asia (TAFSSA),"
8931,8333.0,2023.0,Scaling of integrated pest management techniques for diversified crops adopted,Innovation use,Quality Assessed,,,,,,,,,,,Scaling of integrated pest management techniques for diversified crops adopted
8969,8370.0,2023.0,Drone based precision agriculture for rice-based systems in the Philippines,Innovation use,Quality Assessed,,,,,,,,,,,Drone based precision agriculture for rice-based systems in the Philippines
8982,8383.0,2023.0,Adapting a Demand-led Seed System to Cowpea to Facilitate Variety,Innovation use,Quality Assessed,,,,,,,,,,,Adapting a Demand-led Seed System to Cowpea to Facilitate Variety
9025,8426.0,2023.0,Indigenous Fusarium oxysporum f.sp. cubense (Foc) antagonist endophytes isolated from,Innovation development,Quality Assessed,,,,,,,,,,,Indigenous Fusarium oxysporum f.sp. cubense (Foc) antagonist endophytes isolated from
9035,8436.0,2023.0,Assessment of biorationals and soaps for the control of aphids,Innovation development,Quality Assessed,,,,,,,,,,,Assessment of biorationals and soaps for the control of aphids
9055,8456.0,2023.0,Zambia Ministry of Green Economy and Environment launches the Climate,Innovation use,Quality Assessed,,,,,,,,,,,Zambia Ministry of Green Economy and Environment launches the Climate
907,889.0,2022.0,National science-policy dialogue platform as official space for multi-stakeholder dialogue,Innovation development,Quality Assessed,,,,,,,,,,,National science-policy dialogue platform as official space for multi-stakeholder dialogue
9076,8477.0,2023.0,Introduction of improved rice varieties to women farmers’ cooperatives in,Innovation development,Quality Assessed,,,,,,,,,,,Introduction of improved rice varieties to women farmers’ cooperatives in
910,892.0,2022.0,Potato Tracker Georgia web-app to provide a comprehensive digital solution,Innovation development,Quality Assessed,,,,,,,,,,,Potato Tracker Georgia web-app to provide a comprehensive digital solution
9116,8515.0,2023.0,Mainstreaming the Implementation of Genomics-Supported Recurrent Selection Schemes for Enhanced,Innovation development,Quality Assessed,,,,,,,,,,,Mainstreaming the Implementation of Genomics-Supported Recurrent Selection Schemes for Enhanced
9137,8536.0,2023.0,Rapid multiplication technologies (semi-autotrophic hydroponics) to produce quality planting material,Innovation development,Quality Assessed,,,,,,,,,,,Rapid multiplication technologies (semi-autotrophic hydroponics) to produce quality planting material
9159,8558.0,2023.0,TUMAINI Banana Disease Surveillance Dashboard : a new innovation for,Innovation development,Quality Assessed,,,,,,,,,,,TUMAINI Banana Disease Surveillance Dashboard : a new innovation for
9171,8570.0,2023.0,Virtual Food Policy Coach: a customized AI chatbot for food,Innovation development,Quality Assessed,,,,,,,,,,,Virtual Food Policy Coach: a customized AI chatbot for food
9174,8573.0,2023.0,From informal to formal: Empowering women in circular bioeconomy business,Innovation use,Quality Assessed,,,,,,,,,,,From informal to formal: Empowering women in circular bioeconomy business
9234,8633.0,2023.0,Optimized biodiversity management of rice-based ecosystem for improved ecosystem services,Innovation development,Quality Assessed,,,,,,,,,,,Optimized biodiversity management of rice-based ecosystem for improved ecosystem services
9239,8638.0,2023.0,Application of mechanized direct seeding and best management practices for,Innovation use,Quality Assessed,,,,,,,,,,,Application of mechanized direct seeding and best management practices for
9240,8639.0,2023.0,Smallholder farmers in Ethiopia used improved chicken breeds and management,Innovation use,Quality Assessed,,,,,,,,,,,Smallholder farmers in Ethiopia used improved chicken breeds and management
9241,8640.0,2023.0,Real time web-based surveillance platform for Fusarium oxysporum f. sp.,Innovation development,Quality Assessed,,,,,,,,,,,Real time web-based surveillance platform for Fusarium oxysporum f. sp.
9249,8648.0,2023.0,Improved access of fisherfolk in Myanmar to climate advisories bundled,Innovation use,Quality Assessed,,,,,,,,,,,Improved access of fisherfolk in Myanmar to climate advisories bundled
9255,8654.0,2023.0,Improved access of public institutions and stakeholders including farmers in,Innovation use,Quality Assessed,,,,,,,,,,,Improved access of public institutions and stakeholders including farmers in
9259,8658.0,2023.0,Improved agri-input and production line methods for diversified production and,Innovation development,Quality Assessed,,,,,,,,,,,Improved agri-input and production line methods for diversified production and
9275,8674.0,2023.0,Cambodian farmers accessed and used agro-climatic advisories provided through the,Innovation use,Quality Assessed,,,,,,,,,,,Cambodian farmers accessed and used agro-climatic advisories provided through the
9278,8677.0,2023.0,Harvest warnings based on weather forecasts through interactive voice messaging,Innovation use,Quality Assessed,,,,,,,,,,,Harvest warnings based on weather forecasts through interactive voice messaging
9281,8680.0,2023.0,Alternate wetting and drying (AWD) method in rice production adopted,Innovation use,Quality Assessed,,,,,,,,,,,Alternate wetting and drying (AWD) method in rice production adopted
9286,8685.0,2023.0,A new seed-dressing fungicide formulation for wheat,Innovation development,Quality Assessed,,,,,,,,,,,A new seed-dressing fungicide formulation for wheat
9287,8686.0,2023.0,The online Climate Data Extractor for CWANA is used by,Innovation use,Quality Assessed,,,,,,,,,,,The online Climate Data Extractor for CWANA is used by
9288,8687.0,2023.0,Climate-smart maps and adaptation plans (CS-MAPS) used by planners and,Innovation use,Quality Assessed,,,,,,,,,,,Climate-smart maps and adaptation plans (CS-MAPS) used by planners and
9294,8693.0,2023.0,Access to digital tools for greenhouse gas (GHG) emissions through,Innovation use,Quality Assessed,,,,,,,,,,,Access to digital tools for greenhouse gas (GHG) emissions through
9301,8700.0,2023.0,Site-specific and real-time information on different aspects of rice production,Innovation use,Quality Assessed,,,,,,,,,,,Site-specific and real-time information on different aspects of rice production
9303,8702.0,2023.0,Methodology for methane emission reduction by adjusted water management practice,Innovation use,Quality Assessed,,,,,,,,,,,Methodology for methane emission reduction by adjusted water management practice
9305,8704.0,2023.0,Enhancing Resilience in Pastoral Systems: A Comprehensive and Multidisciplinary Toolkit,Innovation use,Quality Assessed,,,,,,,,,,,Enhancing Resilience in Pastoral Systems: A Comprehensive and Multidisciplinary Toolkit
9309,8708.0,2023.0,On-line training platform to enhance foresight analysis capacity amongst policy,Innovation development,Quality Assessed,,,,,,,,,,,On-line training platform to enhance foresight analysis capacity amongst policy
9321,8719.0,2023.0,Starter kit for enhancing gender equality through Voluntary Sustainability Systems,Innovation development,Quality Assessed,,,,,,,,,,,Starter kit for enhancing gender equality through Voluntary Sustainability Systems
9344,8741.0,2023.0,A methodological approach to the assessment of feminization of agricultural,Innovation development,Quality Assessed,,,,,,,,,,,A methodological approach to the assessment of feminization of agricultural
9369,8761.0,2023.0,Sustainable Healthy Diets country coordination unit in Ethiopia supported national,Innovation use,Quality Assessed,,,,,,,,,,,Sustainable Healthy Diets country coordination unit in Ethiopia supported national
9440,8829.0,2023.0,"Marker-trait association identified, developed and deployed for key traits in",Innovation development,Quality Assessed,,,,,,,,,,,"Marker-trait association identified, developed and deployed for key traits in"
9444,8833.0,2023.0,Genomic prediction cross performance pipeline to facilitate population improvement for,Innovation development,Quality Assessed,,,,,,,,,,,Genomic prediction cross performance pipeline to facilitate population improvement for
9448,8837.0,2023.0,Elite yam clones selected for release nomination and on-farm testing,Innovation development,Quality Assessed,,,,,,,,,,,Elite yam clones selected for release nomination and on-farm testing
9468,8856.0,2023.0,Identification of best integrated mycotoxin management practices for the control,Innovation development,Quality Assessed,,,,,,,,,,,Identification of best integrated mycotoxin management practices for the control
9481,8869.0,2023.0,Promotion of natural biological control of African rice gall midge,Innovation development,Quality Assessed,,,,,,,,,,,Promotion of natural biological control of African rice gall midge
9515,8903.0,2023.0,Demand creation trials to popularize new sweet potato varieties among,Innovation development,Quality Assessed,,,,,,,,,,,Demand creation trials to popularize new sweet potato varieties among
9534,8922.0,2023.0,Biopesticide-based Integrated Pest Management (IPM) of maize and cowpea insect,Innovation development,Quality Assessed,,,,,,,,,,,Biopesticide-based Integrated Pest Management (IPM) of maize and cowpea insect
9564,8952.0,2023.0,Faster growing genetically improved rohu carp (Generation 4) produced in,Innovation development,Quality Assessed,,,,,,,,,,,Faster growing genetically improved rohu carp (Generation 4) produced in
9570,8958.0,2023.0,Field-based assessment of the effectiveness of rust resistance genes under,Innovation development,Quality Assessed,,,,,,,,,,,Field-based assessment of the effectiveness of rust resistance genes under
9576,8963.0,2023.0,Mycotoxin control: Auto CO2-generated anti-rodent hermetic storage cocoons equipped with,Innovation development,Quality Assessed,,,,,,,,,,,Mycotoxin control: Auto CO2-generated anti-rodent hermetic storage cocoons equipped with
9577,8964.0,2023.0,Assessment of the Effectiveness of Fawligen (Spodoptera frugiperda Multiple Nucleo-polyhedrovirus),Innovation development,Quality Assessed,,,,,,,,,,,Assessment of the Effectiveness of Fawligen (Spodoptera frugiperda Multiple Nucleo-polyhedrovirus)
9614,9001.0,2023.0,Multiplication of early generation planting materials and demonstration of vegetatively,Innovation development,Quality Assessed,,,,,,,,,,,Multiplication of early generation planting materials and demonstration of vegetatively
9619,9006.0,2023.0,Scaling of Improved livelihood of participating farmers in Small Farmers,Innovation use,Quality Assessed,,,,,,,,,,,Scaling of Improved livelihood of participating farmers in Small Farmers
9622,9009.0,2023.0, Entomopathogenic fungi for the control of fall armyworm (Spdoptera,Innovation development,Quality Assessed,,,,,,,,,,, Entomopathogenic fungi for the control of fall armyworm (Spdoptera
9627,9014.0,2023.0,Effective microbial biopesticide against the aphid vector (Pentalonia nigronervosa) of,Innovation development,Quality Assessed,,,,,,,,,,,Effective microbial biopesticide against the aphid vector (Pentalonia nigronervosa) of
9671,9058.0,2023.0,Bayer Crop Sciences incorporated Rice Crop Manager (RCM) to scale,Innovation use,Quality Assessed,,,,,,,,,,,Bayer Crop Sciences incorporated Rice Crop Manager (RCM) to scale
968,950.0,2022.0,Incorporating World Modeler tools for visualization of metrics and controlled,Innovation development,Quality Assessed,,,,,,,,,,,Incorporating World Modeler tools for visualization of metrics and controlled
9799,9186.0,2023.0,The potential of Unmanned Aerial Vehicle (UAV) and very high-resolution,Innovation development,Quality Assessed,,,,,,,,,,,The potential of Unmanned Aerial Vehicle (UAV) and very high-resolution
9819,9206.0,2023.0,Elite pre-released yam clones tested under on-farm variety verification trials,Innovation development,Quality Assessed,,,,,,,,,,,Elite pre-released yam clones tested under on-farm variety verification trials
9824,9211.0,2023.0,Functional yam breeding pipeline for development and delivery of genetic,Innovation development,Quality Assessed,,,,,,,,,,,Functional yam breeding pipeline for development and delivery of genetic
9872,9259.0,2023.0,Using the Participatory Green Climate Fund Intervention Design to support,Innovation use,Quality Assessed,,,,,,,,,,,Using the Participatory Green Climate Fund Intervention Design to support
9886,9273.0,2023.0,Adoption of pig and cattle artificial insemination by smallholder livestock,Innovation use,Quality Assessed,,,,,,,,,,,Adoption of pig and cattle artificial insemination by smallholder livestock
9897,9284.0,2023.0,Deep Learning based Realtime Unmanned Aerial Vehicle (UAV) Detection for,Innovation development,Quality Assessed,,,,,,,,,,,Deep Learning based Realtime Unmanned Aerial Vehicle (UAV) Detection for
9903,9290.0,2023.0,"Farmers in Senegal received weather forecasts, nutrition, and climate resilience",Innovation use,Quality Assessed,,,,,,,,,,,"Farmers in Senegal received weather forecasts, nutrition, and climate resilience"
9905,9292.0,2023.0,Climate-smart maps and adaptation plans (CS-MAPS) approach adopted by another,Innovation use,Quality Assessed,,,,,,,,,,,Climate-smart maps and adaptation plans (CS-MAPS) approach adopted by another
9917,9304.0,2023.0,Zambia Drought Management System (ZADMS) Platform launched and used by,Innovation use,Quality Assessed,,,,,,,,,,,Zambia Drought Management System (ZADMS) Platform launched and used by
9921,9308.0,2023.0,Adoption of improved forages by smallholder livestock keepers in Northwest,Innovation use,Quality Assessed,,,,,,,,,,,Adoption of improved forages by smallholder livestock keepers in Northwest
9940,9327.0,2023.0,4 million livestock farmers in mixed systems in Kenya enhance,Innovation use,Quality Assessed,,,,,,,,,,,4 million livestock farmers in mixed systems in Kenya enhance
9947,9334.0,2023.0,IPM approaches to manage Fusarium wilt TR4 infected farms of,Innovation development,Quality Assessed,,,,,,,,,,,IPM approaches to manage Fusarium wilt TR4 infected farms of
9954,9341.0,2023.0,Coordinating the CGIAR Ontologies Community of Practice to support semantic,Innovation development,Quality Assessed,,,,,,,,,,,Coordinating the CGIAR Ontologies Community of Practice to support semantic
Non PRMS 1,,,SmartPack for small ruminant value-chain transformation in Ethiopia (Barbara/Aynalem),Innovation use,,True,No,SmartPack for small ruminant value-chain transformation in Ethiopia (Barbara/Aynalem),Small Ruminant Health Innovations,Sustainable Animal and Aquatic Foods , , SAAF, , , ,SmartPack for small ruminant value-chain transformation in Ethiopia (Barbara/Aynalem)
Non PRMS 10,,,"Leveraging positive norms, local philosophies, and masculinities for equity in livestock systems.",Innovation development,,True,No,"Leveraging positive norms, local philosophies, and masculinities for equity in livestock systems.",Empowering Women in Agrifood Systems,Gender,,GENDER Accelerator,SAAF,100000,100000,"Leveraging positive norms, local philosophies, and masculinities for equity in livestock systems."
Non PRMS 11,,,Gender Transformative Research Methods- and Tools-box (GTRM-toolbox),Innovation development,,True,No,Gender Transformative Research Methods- and Tools-box (GTRM-toolbox),Empowering Women in Agrifood Systems,Gender,30000,30000, ,100000,100000,Gender Transformative Research Methods- and Tools-box (GTRM-toolbox)
Non PRMS 12,,,Pro-WEAI add-on module to measure empowerment in climate contexts,Innovation development,,True,No,Pro-WEAI add-on module to measure empowerment in climate contexts,Empowering Women in Agrifood Systems,Gender,115000,150000,,150000,150000,Pro-WEAI add-on module to measure empowerment in climate contexts
Non PRMS 13,,,WEAGov individual level survey tool,Innovation development,,True,No,WEAGov individual level survey tool,Empowering Women in Agrifood Systems,Gender,,70000,,100000,130000,WEAGov individual level survey tool
Non PRMS 14,,,"Feed pellet mechanized production based on locally availably by products from landscape adopetd, supported, and scaled by goverment agencies at country level",Innovation use,,True,No,"Feed pellet mechanized production based on locally availably by products from landscape adopetd, supported, and scaled by goverment agencies at country level",Sustainable Livestock Farming Innovations,Multifunctional Landscapes ,10000,2000,1000,1000,1000,"Feed pellet mechanized production based on locally availably by products from landscape adopetd, supported, and scaled by goverment agencies at country level"
Non PRMS 15,,,Farmer (Village)-based seed enterprises,Innovation use,,True,No,Farmer (Village)-based seed enterprises,Innovative Seed Production Strategies,Breeding for Tomorrow,,,,,,Farmer (Village)-based seed enterprises
Non PRMS 16,,,"Framework for seed system analysis, vareital adoption and impacts",Innovation use,,True,No,"Framework for seed system analysis, vareital adoption and impacts",Innovative Seed Production Strategies,Breeding for Tomorrow,,,,,,"Framework for seed system analysis, vareital adoption and impacts"
Non PRMS 17,,,Digital seed hub for seed supply and dmeand,Innovation use,,True,No,Digital seed hub for seed supply and dmeand,Digital Innovations in Agriculture,Breeding for Tomorrow,,,,,,Digital seed hub for seed supply and dmeand
Non PRMS 18,,,New varieties,Innovation use,,True,No,New varieties,Outliers/Independent,Breeding for Tomorrow,,,,,,New varieties
Non PRMS 19,,,Building a Sustainable Cassava Seed System,Innovation use,,True,No,Building a Sustainable Cassava Seed System,Innovations in Cassava and Yam Production,Breeding for Tomorrow,1.4M,0.2M,1.0M,1.5M,1.5M,Building a Sustainable Cassava Seed System
Non PRMS 2,,,Dairy farmer advisor (DFA) - an embedded extension approach for dairy businesses,Innovation use,,True,No,Dairy farmer advisor (DFA) - an embedded extension approach for dairy businesses,Innovative Dairy Farming Solutions,Sustainable Animal and Aquatic Foods , , 30k, 60k,100K,60k,Dairy farmer advisor (DFA) - an embedded extension approach for dairy businesses
Non PRMS 20,,,Cassava rapid stem multiplication tunnel,Innovation use,,True,No,Cassava rapid stem multiplication tunnel,Innovations in Cassava and Yam Production,Breeding for Tomorrow,25000,100000,Difficult to quantify - systems operated by partners,150000,150000,Cassava rapid stem multiplication tunnel
Non PRMS 21,,,Using seedtracker to track maize seed from early generation to farmer,Innovation development,,True,No,Using seedtracker to track maize seed from early generation to farmer,Innovative Seed Production Strategies,Breeding for Tomorrow,0.2M,0.45M,0.15M,0.5,0.3,Using seedtracker to track maize seed from early generation to farmer
Non PRMS 22,,,EGS Express: A Scalable Public-Private Model to Power EGS Production,Innovation development,,True,No,EGS Express: A Scalable Public-Private Model to Power EGS Production,Innovative Seed Production Strategies,Breeding for Tomorrow,Yes - The SeedProject Pvt. Ltd,B4T,25000,100000,100000,EGS Express: A Scalable Public-Private Model to Power EGS Production
Non PRMS 23,,,SeedSphere: A Digital advanced/elite Cultivar Exchange Platform for Global Impact,Innovation development,,True,No,SeedSphere: A Digital advanced/elite Cultivar Exchange Platform for Global Impact,Digital Innovations in Agriculture,Breeding for Tomorrow,No,B4T,No,50000,50000,SeedSphere: A Digital advanced/elite Cultivar Exchange Platform for Global Impact
Non PRMS 24,,,Standardization of Field Sampling Protocols for Marker-Based Seed Certification Process,Innovation development,,True,No,Standardization of Field Sampling Protocols for Marker-Based Seed Certification Process,Standardized Crop Yield Measurement Guidelines,Breeding for Tomorrow,"University of Chicago, Tufts University",B4T,100000,100000,100000,Standardization of Field Sampling Protocols for Marker-Based Seed Certification Process
Non PRMS 25,,,Product Design Standard for the development of product concepts for CGIAR & partners,Innovation development,,True,No,Product Design Standard for the development of product concepts for CGIAR & partners,Innovative Scaling Strategies for Development,Breeding for Tomorrow,,130000,,150000,150000,Product Design Standard for the development of product concepts for CGIAR & partners
Non PRMS 26,,,Set of breakthrough Product Concepts communicated to the Product Design Teams,Innovation development,,True,No,Set of breakthrough Product Concepts communicated to the Product Design Teams,Innovative Scaling Strategies for Development,Breeding for Tomorrow,,260000,,250000,250000,Set of breakthrough Product Concepts communicated to the Product Design Teams
Non PRMS 27,,,Set of protocols for identifying future market segments for CGIAR & partners,Innovation development,,True,No,Set of protocols for identifying future market segments for CGIAR & partners,Innovative Scaling Strategies for Development,Breeding for Tomorrow,,250000,,,,Set of protocols for identifying future market segments for CGIAR & partners
Non PRMS 28,,,Set of protocols for mapping GESI elements to market segments and TPPs for CGIAR & partners,Innovation development,,True,No,Set of protocols for mapping GESI elements to market segments and TPPs for CGIAR & partners,Innovative Scaling Strategies for Development,Breeding for Tomorrow,,40000,,,,Set of protocols for mapping GESI elements to market segments and TPPs for CGIAR & partners
Non PRMS 29,,,Sociotechnical bundles for accelerating varietal turnover in an inclusive way,Innovation development,,True,No,Sociotechnical bundles for accelerating varietal turnover in an inclusive way,Climate Resilience in Rice Production,Breeding for Tomorrow,60000,60000,,250000,250000,Sociotechnical bundles for accelerating varietal turnover in an inclusive way
Non PRMS 3,,,Integrating a gender-transformative perspective into savings and internal lending communities,Innovation use,,True,No,Integrating a gender-transformative perspective into savings and internal lending communities,Empowering Women in Agrifood Systems,Sustainable Animal and Aquatic Foods ,,,,,,Integrating a gender-transformative perspective into savings and internal lending communities
Non PRMS 30,,,Africa Agriculture Adaptation Atlas,Innovation use,,True,No,Africa Agriculture Adaptation Atlas,Innovative Knowledge Management in Agriculture,Climate Action,,,,,,Africa Agriculture Adaptation Atlas
Non PRMS 31,,,GeoGoviya platform,Innovation use,,True,No,GeoGoviya platform,Digital Innovations in Agriculture,Climate Action,,,,,,GeoGoviya platform
Non PRMS 32,,,Climate risk mapping and social equity: operationalizing locally led climate adaptation,Innovation development,,True,No,Climate risk mapping and social equity: operationalizing locally led climate adaptation,Sustainable Agriculture for Smallholders,Climate Action,,,,,,Climate risk mapping and social equity: operationalizing locally led climate adaptation
Non PRMS 33,,,Climate+ and area-based yield index insurance (bundled),Innovation development,,True,No,Climate+ and area-based yield index insurance (bundled),Digital Innovations for Climate Resilience,Climate Action,,,,,,Climate+ and area-based yield index insurance (bundled)
Non PRMS 34,,,SIGNAL: System for Insights and Guidance oN Adaptation and Learning,Innovation development,,True,No,SIGNAL: System for Insights and Guidance oN Adaptation and Learning,Digital Innovations for Climate Resilience,Climate Action,,,,,,SIGNAL: System for Insights and Guidance oN Adaptation and Learning
Non PRMS 35,,,Underground transfer of floods for irrigation,Innovation use,,True,No,Underground transfer of floods for irrigation,WEFE Nexus Water Management Solutions,Policy Innovations,,,,,,Underground transfer of floods for irrigation
Non PRMS 36,,,Groundwater management information system,Innovation use,,True,No,Groundwater management information system,WEFE Nexus Water Management Solutions,Policy Innovations,,,,,,Groundwater management information system
Non PRMS 37,,,Water Productivity Atlas,Innovation use,,True,No,Water Productivity Atlas,WEFE Nexus Water Management Solutions,Policy Innovations,,,,,,Water Productivity Atlas
Non PRMS 38,,,Groundwater governance toolbox: Guidance for improving groundwater governance,Innovation use,,True,No,Groundwater governance toolbox: Guidance for improving groundwater governance,WEFE Nexus Water Management Solutions,Policy Innovations,,100000,100000,120000,150000,Groundwater governance toolbox: Guidance for improving groundwater governance
Non PRMS 39,,,Experiential learning games for water governance,Innovation use,,True,No,Experiential learning games for water governance,WEFE Nexus Water Management Solutions,Policy Innovations,75000,100000,75000,100000,100000,Experiential learning games for water governance
Non PRMS 4,,,Food Security Portal,Innovation use,,True,No,Food Security Portal,Digital Innovations in Agriculture,Food Frontiers and Security,1000000,0,,75000,75000,Food Security Portal
Non PRMS 40,,,Unique farmer ID card with plot geocodes and spatial characteristics,Innovation development,,True,No,Unique farmer ID card with plot geocodes and spatial characteristics,Digital Tools for Agricultural Management,Policy Innovations,0,350000,0,500000,500000,Unique farmer ID card with plot geocodes and spatial characteristics
Non PRMS 41,,,Spatially explicit modeling on stochastic returns & risk in fertilizer,Innovation development,,True,No,Spatially explicit modeling on stochastic returns & risk in fertilizer,Digital Tools for Agricultural Management,Policy Innovations,200000,80000,0,200000,200000,Spatially explicit modeling on stochastic returns & risk in fertilizer
Non PRMS 42,,,Policy Alignment and Implementation Diagnostic (PAID),Innovation development,,True,No,Policy Alignment and Implementation Diagnostic (PAID),Innovative Knowledge Management in Agriculture,Policy Innovations,,98177,,,,Policy Alignment and Implementation Diagnostic (PAID)
Non PRMS 43,,,Political Economy of Rural Investments (PERI),Innovation development,,True,No,Political Economy of Rural Investments (PERI),Innovative Knowledge Management in Agriculture,Policy Innovations,,50000,,,,Political Economy of Rural Investments (PERI)
Non PRMS 44,,,Enhanced Rural Investment and Policy Analysis (RIAPA) modeling and data system.,Innovation development,,True,No,Enhanced Rural Investment and Policy Analysis (RIAPA) modeling and data system.,Innovative Knowledge Management in Agriculture,Policy Innovations,200000,100000,,300000,300000,Enhanced Rural Investment and Policy Analysis (RIAPA) modeling and data system.
Non PRMS 45,,,Experiential learning games for water governance,Innovation development,,True,No,Experiential learning games for water governance,WEFE Nexus Water Management Solutions,Policy Innovations,75000,100000,75000,100000,100000,Experiential learning games for water governance
Non PRMS 5,,,Climate Security Programming Dashboard for Climate Finance,Innovation use,,True,No,Climate Security Programming Dashboard for Climate Finance,Climate Finance for Resilient Communities,Food Frontiers and Security,50000,100000,,150000,150000,Climate Security Programming Dashboard for Climate Finance
Non PRMS 6,,,Digital Twin for Disaster Planning in Humanitarian Landscapes,Innovation development,,True,No,Digital Twin for Disaster Planning in Humanitarian Landscapes,Digital Innovations in Agriculture,Food Frontiers and Security,"150,000 (DIWASA)",300000,,1000000,2000000,Digital Twin for Disaster Planning in Humanitarian Landscapes
Non PRMS 7,,,Vendor Business School: Business skills development digital tool targeting vendors in informal food markets,Innovation development,,True,No,Vendor Business School: Business skills development digital tool targeting vendors in informal food markets,Innovative Scaling Strategies for Development,Food Frontiers and Security,,Food Frontiers and Security,,,,Vendor Business School: Business skills development digital tool targeting vendors in informal food markets
Non PRMS 8,,,Localized Circular Innovation Bundles for Urban Agriculture and Aquaculture,Innovation development,,True,No,Localized Circular Innovation Bundles for Urban Agriculture and Aquaculture,Circular Bioeconomy Innovation Initiatives,Food Frontiers and Security,,10000,,50000,100000,Localized Circular Innovation Bundles for Urban Agriculture and Aquaculture
Non PRMS 9,,,Women’s Empowerment Metric for National Statistical Systems (WEMNS),Innovation use,,True,No,Women’s Empowerment Metric for National Statistical Systems (WEMNS),Empowering Women in Agrifood Systems,Gender,200000,20000, ,100000,100000,Women’s Empowerment Metric for National Statistical Systems (WEMNS)
,,,,,,,,,,,,,,,,
"Applied filters:
Type is (Blank), Innovation development, Innovation use, or Innovation Package",,,,,,,,,,,,,,,,
