Result code,Title,Description,Evidence Parsed Text,input_text
12179,Mobile application for digital extension and advisory services (IDEAS) to support smallholder chicken farmers in poultry production and management,"This is an interactive digital extension and advisory service app (IDEAS) to leverage various components of poultry production and provide inclusive support to smallholder poultry farmers. This App is primarily designed to support farmers in identification and access to chicken breeds available in each country, formulation and use of locally available feeds, disease prevention and treatment, market information, and linkages, creating a platform for discussion and knowledge sharing, and real-time advisory and support services. It is developed in various languages and comprises various visual, interactive, text, and video features that can deliver tailored services for smallholder poultry farmers.","The following text section comes from a specific evidence file named URL https://hdl.handle.net/10568/169000: ""Interactive Digital Extension and Advisory Services (IDEAS) App for Smallholder Poultry Producers in Tropical Countries: Overview and progress update Skip to main content Communities & Collections Browse Navigate CGIAR Centers Statistics English Catal e tina Deutsch Espa ol Suomi Fran ais G idhlig Magyar Italiano Latvie u Nederlands Polski Portugu s Portugu s do Brasil Srpski (lat) Svenska T rk e Y Ti ng Vi t Log In Note: CGIAR users should log in with their Active Directory username and password. For example, if your email is j.smith@cgiar.org, you would use jsmith here. Log in New user? Click here to register. Have you forgotten your password? Home CGIAR 2030 Portfolio CGIAR 2030 research initiatives and impact platforms (2022 2024) CGIAR Initiative on Sustainable Animal Productivity Interactive Digital Extension and Advisory Services (IDEAS) App for Smallholder Poultry Producers in Tropical Countries: Overview and progress update Interactive Digital Extension and Advisory Services (IDEAS) App for Smallholder Poultry Producers in Tropical Countries: Overview and progress update Loading... Files Presentation (1.01 MB, pdf) Authors Yitayih, Mulugeta Goromela, E.H. Gemiyo, D. Ouko, O. Phem, M. Tum, S. Ty, C. Hoang, H. Cuc, N.T.K. Quyen, N.T.L. Show 4 more Date Issued 2024-12-01 Date Online Language en Type Presentation Review Status Internal Review Access Rights Open Access Usage Rights Metadata Full item page Share Citation Yitayih, M., Goromela, E.H., Gemiyo D., Ouko, O., Phem, M., Tum, S., Ty, C., Hoang, H., Cuc, N.T.K., Quyen, N.T.L., Zeleke, G., Bogale, A., Getachew, F. and Dessie, T. 2024. Interactive Digital Extension and Advisory Services (IDEAS) App for Smallholder Poultry Producers in Tropical Countries: Overview and progress update. Presented at Tropical Poultry Genetics Solution (TPGS) December 2024. Permanent link to cite or share this item https://hdl.handle.net/10568/169000 External link to download this item DOI Abstract/Description Author ORCID identifiers Mulugeta Yitayih Birhanu https://orcid.org/0000-0002-3146-8015 Fasil Getachew Kebede https://orcid.org/0000-0003-2719-5576 Tadelle Dessie https://orcid.org/0000-0002-1630-0417 AGROVOC Keywords digital technology ; farmers ; poultry ; smallholders Subjects CHICKENS ; POULTRY Organizations Affiliated to the Authors International Livestock Research Institute ; Tanzania Livestock Research Institute ; Ethiopian Institute of Agricultural Research ; Kenya Agricultural and Livestock Research Organization ; National Animal Health and Production Research Institute, Cambodia ; National Institute of Animal Sciences, Vietnam ; Amhara Agricultural Research Institute ; Livestock Development for Community Livelihood Organization, Cambodia Investors/sponsors CGIAR Trust Fund CGIAR Action Areas Resilient Agrifood Systems CGIAR Impact Areas Poverty reduction, livelihoods and jobs CGIAR Initiatives Sustainable Animal Productivity Collections CGIAR Initiative on Sustainable Animal Productivity ILRI livestock genetics program outputs DSpace software copyright 2002-2025 LYRASIS About Cookie settings Privacy policy Send Feedback"".

The following text section comes from a specific evidence file named URL https://cgspace.cgiar.org/bitstreams/c83cd1fb-cbb7-42dc-8421-28c64518feb9/download: ""INITIATIVE ON Sustainable Animal Productivity we
CGIAR
Interactive Digital Extension and Advisory Services (IDEAS) App for Smallholder Poultry Producers in Tropical Countries: Overview and progress update
_—
Tropical Poultry Genetics Solution (TPGS)
December 2024
Mulugeta Y. Birhanu1, Simon Belete1, Ezekiel H. Goromela2, Deribe Gemiyo Talore3, Ochieng Ouko4, Wudu Temesgen1, Laurence Ochieng1, Menghak Phem5, Sothyra Tum5 Chhay Ty8, Hoa Hoang1¸ Ngo Thi Kim Cuc6, Ngo Thi Le Quyen6, Getnet Zeleke7, Fasil Getachew1,Tadelle Dessie1
1International Livestock Research Institute (ILRI) 2Tanzania Livestock Research Institute (TALIRI). 3Central Ethiopia Agricultural Research Institute (CEARI) 4 Kenya Agricultural and Livestock Research Organization (KALRO) 5National Animal Health and Production Research Institute (NAHPRI) 6National Institute of Animal Science (NIAS) 7Amhara Agricultural Research Institute (ARARI) 8Livestock Development for Community Livelihood Organization (LDC), Cambodia
Background and context
j = INITIATIVE ON Sustainable Animal Productivity
The agricultural sector in most developing countries remains less productive and inefficient due to multiple constraints, including limited extension and advisory services.
Extension and advisory services have multiple contributions: help to transfer new knowledge and information, promote new technologies, facilitate farmers’ access to inputs and outputs markets, and provide real-time support on emerging issues.
In most developing countries, extension and advisory services are delivered through traditional approaches, which have various limitations, including limited coverage, high cost of operation, and inadequate real-time and tailored support to farmers. .
www.cgiar.org
Background cont’d
Previous extension and advisory services based on traditional approaches have not resulted in the expected outcomes (Ragasa et al., 2013, Maake and Antwi, 2022, Agwu et al., 2023, Birhanu and Jensen, 2023).
Most smallholder farmers still have limited access to extension and advisory services.
The limited access to extension and advisory services can be associated with inadequate policy and strategy, poor rural and agricultural infrastructures, poor service delivery models, and other socio-economic and environmental factors.
www.cgiar.org
INITIATIVE ON Sustainable Animal R Productivity

Background cont’d
Advances in digital technologies have brought a new frontier to the use of digital tools for extension and advisory services.
Unlike traditional approaches, digital tools can have better advantages in reaching a broader agricultural population and are cost-effective in delivering up-to-date information on emerging technologies.
Farmers can also get support on real- time challenges and share good experiences with others using interactive features like discussion forums, including audio and video messages.
www.cgiar.org
INITIATIVE ON Sustainable Animal Productivity § we CGIAR

What
PGS
What SAPLING/TPGS has been doing? ILRI, through a SAPLING initiative and other bilateral projects, has proposed to develop and deploy an app called “Interactive Digital Extension and Advisory Service (IDEAS).”
This App is primarily designed to support smallholder poultry producers’ access to adequate production and marketing related information, build their technical capacity, and create a platform for discussion and knowledge sharing, including real-time advisory and support services.
The App is being developed in various local languages for smallholder farmers in different countries (Ethiopia, Kenya, Tanzania, Cambodia, Vietnam)
www.cgiar.org
INITIATIVE ON
Overview of the digital App content

www.cgiar.org
Forms of digital contents presentation
eInfographic Question and eim ages answers * Discussions NATSU Fe} naka 4 se) eKey messages Recorded demos *Brief explanations ®Podcasts on housing; feeding; vaccination; marketing ©Success stories
Language:
English Amharic Swahili Vietnamese Khmer
www.cgiar.org
INITIATIVE ON
Sustainable Animal Productivity
Status and planned activities
Draft digital content developed in English, shared with partners, and feedback collected.
Comments and feedback were incorporated, and the final digital content draft was developed.
The final draft was translated into various languages and shared with native language speakers for editing and further enrichment.
ER te CGIAR
The near-final English version of the app is being developed.
=
INITIATIVE ON Sustainable Animal Productivity
Status cont’d…
Some of the contents of the digital App
210 B iS A 65% ‘e < Available courses Ge ao, Advisory and support @ Poultry Egg and live chicken marketing Ea = Poultry management Poultry Feed &@ Poultry Poultry House Poultry [— Poultry Breeds aes = Poultry
• The digital App helps farmers understand basic poultry production and marketing concepts and creates a platform for discussions, providing real-time support, and sharing experiences and
www.cgiar.org
success stories.
Is INITIATIVE ON S24 Sustainable Animal Productivity CGIAR
A platform for discussion, Q&A, and sharing experiences
2:11 BS NES ll 65% < Poultry discussion REPLY Subject Re: Poultry discussion < B Zz u Ss a > ~~ Advanced Maximum file size: 2 MB, maximum number of files: CANCEL | POST TO FORUM
2:11 BS NES ll 65% < Poultry discussion REPLY Subject Re: Poultry discussion < B Zz u Ss a >
What is next?
INITIATIVE ON Sustainable Animal Productivity
Finalize the digital content in the proposed languages.
Finalize the first draft of the digital App and deploy it for pilot testing.
Collect feedback from national partners and other stakeholders and incorporate them.
Finalize the digital App and validate it through a stakeholder workshop.
Co-design a deployment strategy and implement it in selected villages.
Evaluate outcomes and impacts and optimize the App if necessary.
www.cgiar.org
Bibliography
INITIATIVE ON Sustainable Animal Productivity Y =
Agwu, A. E., Suvedi, M., Chanza, C., Davis, K. n., Oywaya-Nkurumwa, A., Mangheni, M. N. & Sasidhar, P. V. K. 2023. Agricultural Extension and Advisory Services in Nigeria, Malawi, South Africa, Uganda, and Kenya. Research Repor. East Lansing, Michigan, USA: Alliance for African Partnership, Michigan State University.: Partnerships for Innovative Research in Africa (PIRA)t.
Birhanu, M. Y. & Jensen, N. 2023. Dynamics of improved agricultural technologies adoption: The chicken and maize paradox in Ethiopia. Sustainable Futures, 5,
100112.https://doi.org/10.1016/j.sftr.2023.100112
Coggins, S., McCampbell, M., Sharma, A., Sharma, R., Haefele, S. M., Karki, E., Hetherington, J., Smith, J. & Brown, B. 2022. How have smallholder farmers used digital extension tools? Developer and user voices from Sub-Saharan Africa, South Asia and Southeast Asia. Global Food Security, 32, 100577.https://doi.org/10.1016/j.gfs.2021.100577
Maake, M. M. S. & Antwi, M. A. 2022. Farmer’s perceptions of effectiveness of public agricultural extension services in South Africa: an exploratory analysis of associated factors. Agriculture & Food Security, 11, 34.10.1186/s40066-022-00372-7
Oosterwijk, G., Van-Aken, D. & lath, S. V. 2003. A Manual on Improved Rural Poultry Production (1st Edition, English Language). . Vientiane, Lao PDR: Department of Livestock and Fisheries, Ministry of Agriculture and Forestry.
Ragasa, C., Berhane, G., Tadesse, F. & Taffesse, A. S. 2013. Gender Differences in Access to Extension Services and Agricultural Productivity. The Journal of Agricultural Education and Extension, 19, 437-468.10.1080/1389224X.2013.817343
www.cgiar.org
www.cgiar.org
Thank you! 
I INITIATIVE ON Ss Sustainable Animal Productivity CGIAR
we
CGIAR
Acknowledgements
This work was conducted as part of the CGIAR Initiative on Sustainable Animal Productivity. CGIAR research is supported by contributions to the CGIAR Trust Fund. CGIAR is a global research partnership for a food-secure future dedicated to transforming food, land, and water systems in a climate crisis.
INITIATIVE ON Sustainable Animal Productivity
ey
This presentation is licensed for use under the Creative Commons Attribution 4.0 International Licence. December 2024""","Mobile application for digital extension and advisory services (IDEAS) to support smallholder chicken farmers in poultry production and management This is an interactive digital extension and advisory service app (IDEAS) to leverage various components of poultry production and provide inclusive support to smallholder poultry farmers. This App is primarily designed to support farmers in identification and access to chicken breeds available in each country, formulation and use of locally available feeds, disease prevention and treatment, market information, and linkages, creating a platform for discussion and knowledge sharing, and real-time advisory and support services. It is developed in various languages and comprises various visual, interactive, text, and video features that can deliver tailored services for smallholder poultry farmers. The following text section comes from a specific evidence file named URL https://hdl.handle.net/10568/169000: ""Interactive Digital Extension and Advisory Services (IDEAS) App for Smallholder Poultry Producers in Tropical Countries: Overview and progress update Skip to main content Communities & Collections Browse Navigate CGIAR Centers Statistics English Catal e tina Deutsch Espa ol Suomi Fran ais G idhlig Magyar Italiano Latvie u Nederlands Polski Portugu s Portugu s do Brasil Srpski (lat) Svenska T rk e Y Ti ng Vi t Log In Note: CGIAR users should log in with their Active Directory username and password. For example, if your email is j.smith@cgiar.org, you would use jsmith here. Log in New user? Click here to register. Have you forgotten your password? Home CGIAR 2030 Portfolio CGIAR 2030 research initiatives and impact platforms (2022 2024) CGIAR Initiative on Sustainable Animal Productivity Interactive Digital Extension and Advisory Services (IDEAS) App for Smallholder Poultry Producers in Tropical Countries: Overview and progress update Interactive Digital Extension and Advisory Services (IDEAS) App for Smallholder Poultry Producers in Tropical Countries: Overview and progress update Loading... Files Presentation (1.01 MB, pdf) Authors Yitayih, Mulugeta Goromela, E.H. Gemiyo, D. Ouko, O. Phem, M. Tum, S. Ty, C. Hoang, H. Cuc, N.T.K. Quyen, N.T.L. Show 4 more Date Issued 2024-12-01 Date Online Language en Type Presentation Review Status Internal Review Access Rights Open Access Usage Rights Metadata Full item page Share Citation Yitayih, M., Goromela, E.H., Gemiyo D., Ouko, O., Phem, M., Tum, S., Ty, C., Hoang, H., Cuc, N.T.K., Quyen, N.T.L., Zeleke, G., Bogale, A., Getachew, F. and Dessie, T. 2024. Interactive Digital Extension and Advisory Services (IDEAS) App for Smallholder Poultry Producers in Tropical Countries: Overview and progress update. Presented at Tropical Poultry Genetics Solution (TPGS) December 2024. Permanent link to cite or share this item https://hdl.handle.net/10568/169000 External link to download this item DOI Abstract/Description Author ORCID identifiers Mulugeta Yitayih Birhanu https://orcid.org/0000-0002-3146-8015 Fasil Getachew Kebede https://orcid.org/0000-0003-2719-5576 Tadelle Dessie https://orcid.org/0000-0002-1630-0417 AGROVOC Keywords digital technology ; farmers ; poultry ; smallholders Subjects CHICKENS ; POULTRY Organizations Affiliated to the Authors International Livestock Research Institute ; Tanzania Livestock Research Institute ; Ethiopian Institute of Agricultural Research ; Kenya Agricultural and Livestock Research Organization ; National Animal Health and Production Research Institute, Cambodia ; National Institute of Animal Sciences, Vietnam ; Amhara Agricultural Research Institute ; Livestock Development for Community Livelihood Organization, Cambodia Investors/sponsors CGIAR Trust Fund CGIAR Action Areas Resilient Agrifood Systems CGIAR Impact Areas Poverty reduction, livelihoods and jobs CGIAR Initiatives Sustainable Animal Productivity Collections CGIAR Initiative on Sustainable Animal Productivity ILRI livestock genetics program outputs DSpace software copyright 2002-2025 LYRASIS About Cookie settings Privacy policy Send Feedback"".

The following text section comes from a specific evidence file named URL https://cgspace.cgiar.org/bitstreams/c83cd1fb-cbb7-42dc-8421-28c64518feb9/download: ""INITIATIVE ON Sustainable Animal Productivity we
CGIAR
Interactive Digital Extension and Advisory Services (IDEAS) App for Smallholder Poultry Producers in Tropical Countries: Overview and progress update
_—
Tropical Poultry Genetics Solution (TPGS)
December 2024
Mulugeta Y. Birhanu1, Simon Belete1, Ezekiel H. Goromela2, Deribe Gemiyo Talore3, Ochieng Ouko4, Wudu Temesgen1, Laurence Ochieng1, Menghak Phem5, Sothyra Tum5 Chhay Ty8, Hoa Hoang1¸ Ngo Thi Kim Cuc6, Ngo Thi Le Quyen6, Getnet Zeleke7, Fasil Getachew1,Tadelle Dessie1
1International Livestock Research Institute (ILRI) 2Tanzania Livestock Research Institute (TALIRI). 3Central Ethiopia Agricultural Research Institute (CEARI) 4 Kenya Agricultural and Livestock Research Organization (KALRO) 5National Animal Health and Production Research Institute (NAHPRI) 6National Institute of Animal Science (NIAS) 7Amhara Agricultural Research Institute (ARARI) 8Livestock Development for Community Livelihood Organization (LDC), Cambodia
Background and context
j = INITIATIVE ON Sustainable Animal Productivity
The agricultural sector in most developing countries remains less productive and inefficient due to multiple constraints, including limited extension and advisory services.
Extension and advisory services have multiple contributions: help to transfer new knowledge and information, promote new technologies, facilitate farmers’ access to inputs and outputs markets, and provide real-time support on emerging issues.
In most developing countries, extension and advisory services are delivered through traditional approaches, which have various limitations, including limited coverage, high cost of operation, and inadequate real-time and tailored support to farmers. .
www.cgiar.org
Background cont’d
Previous extension and advisory services based on traditional approaches have not resulted in the expected outcomes (Ragasa et al., 2013, Maake and Antwi, 2022, Agwu et al., 2023, Birhanu and Jensen, 2023).
Most smallholder farmers still have limited access to extension and advisory services.
The limited access to extension and advisory services can be associated with inadequate policy and strategy, poor rural and agricultural infrastructures, poor service delivery models, and other socio-economic and environmental factors.
www.cgiar.org
INITIATIVE ON Sustainable Animal R Productivity

Background cont’d
Advances in digital technologies have brought a new frontier to the use of digital tools for extension and advisory services.
Unlike traditional approaches, digital tools can have better advantages in reaching a broader agricultural population and are cost-effective in delivering up-to-date information on emerging technologies.
Farmers can also get support on real- time challenges and share good experiences with others using interactive features like discussion forums, including audio and video messages.
www.cgiar.org
INITIATIVE ON Sustainable Animal Productivity § we CGIAR

What
PGS
What SAPLING/TPGS has been doing? ILRI, through a SAPLING initiative and other bilateral projects, has proposed to develop and deploy an app called “Interactive Digital Extension and Advisory Service (IDEAS).”
This App is primarily designed to support smallholder poultry producers’ access to adequate production and marketing related information, build their technical capacity, and create a platform for discussion and knowledge sharing, including real-time advisory and support services.
The App is being developed in various local languages for smallholder farmers in different countries (Ethiopia, Kenya, Tanzania, Cambodia, Vietnam)
www.cgiar.org
INITIATIVE ON
Overview of the digital App content

www.cgiar.org
Forms of digital contents presentation
eInfographic Question and eim ages answers * Discussions NATSU Fe} naka 4 se) eKey messages Recorded demos *Brief explanations ®Podcasts on housing; feeding; vaccination; marketing ©Success stories
Language:
English Amharic Swahili Vietnamese Khmer
www.cgiar.org
INITIATIVE ON
Sustainable Animal Productivity
Status and planned activities
Draft digital content developed in English, shared with partners, and feedback collected.
Comments and feedback were incorporated, and the final digital content draft was developed.
The final draft was translated into various languages and shared with native language speakers for editing and further enrichment.
ER te CGIAR
The near-final English version of the app is being developed.
=
INITIATIVE ON Sustainable Animal Productivity
Status cont’d…
Some of the contents of the digital App
210 B iS A 65% ‘e < Available courses Ge ao, Advisory and support @ Poultry Egg and live chicken marketing Ea = Poultry management Poultry Feed &@ Poultry Poultry House Poultry [— Poultry Breeds aes = Poultry
• The digital App helps farmers understand basic poultry production and marketing concepts and creates a platform for discussions, providing real-time support, and sharing experiences and
www.cgiar.org
success stories.
Is INITIATIVE ON S24 Sustainable Animal Productivity CGIAR
A platform for discussion, Q&A, and sharing experiences
2:11 BS NES ll 65% < Poultry discussion REPLY Subject Re: Poultry discussion < B Zz u Ss a > ~~ Advanced Maximum file size: 2 MB, maximum number of files: CANCEL | POST TO FORUM
2:11 BS NES ll 65% < Poultry discussion REPLY Subject Re: Poultry discussion < B Zz u Ss a >
What is next?
INITIATIVE ON Sustainable Animal Productivity
Finalize the digital content in the proposed languages.
Finalize the first draft of the digital App and deploy it for pilot testing.
Collect feedback from national partners and other stakeholders and incorporate them.
Finalize the digital App and validate it through a stakeholder workshop.
Co-design a deployment strategy and implement it in selected villages.
Evaluate outcomes and impacts and optimize the App if necessary.
www.cgiar.org
Bibliography
INITIATIVE ON Sustainable Animal Productivity Y =
Agwu, A. E., Suvedi, M., Chanza, C., Davis, K. n., Oywaya-Nkurumwa, A., Mangheni, M. N. & Sasidhar, P. V. K. 2023. Agricultural Extension and Advisory Services in Nigeria, Malawi, South Africa, Uganda, and Kenya. Research Repor. East Lansing, Michigan, USA: Alliance for African Partnership, Michigan State University.: Partnerships for Innovative Research in Africa (PIRA)t.
Birhanu, M. Y. & Jensen, N. 2023. Dynamics of improved agricultural technologies adoption: The chicken and maize paradox in Ethiopia. Sustainable Futures, 5,
100112.https://doi.org/10.1016/j.sftr.2023.100112
Coggins, S., McCampbell, M., Sharma, A., Sharma, R., Haefele, S. M., Karki, E., Hetherington, J., Smith, J. & Brown, B. 2022. How have smallholder farmers used digital extension tools? Developer and user voices from Sub-Saharan Africa, South Asia and Southeast Asia. Global Food Security, 32, 100577.https://doi.org/10.1016/j.gfs.2021.100577
Maake, M. M. S. & Antwi, M. A. 2022. Farmer’s perceptions of effectiveness of public agricultural extension services in South Africa: an exploratory analysis of associated factors. Agriculture & Food Security, 11, 34.10.1186/s40066-022-00372-7
Oosterwijk, G., Van-Aken, D. & lath, S. V. 2003. A Manual on Improved Rural Poultry Production (1st Edition, English Language). . Vientiane, Lao PDR: Department of Livestock and Fisheries, Ministry of Agriculture and Forestry.
Ragasa, C., Berhane, G., Tadesse, F. & Taffesse, A. S. 2013. Gender Differences in Access to Extension Services and Agricultural Productivity. The Journal of Agricultural Education and Extension, 19, 437-468.10.1080/1389224X.2013.817343
www.cgiar.org
www.cgiar.org
Thank you! 
I INITIATIVE ON Ss Sustainable Animal Productivity CGIAR
we
CGIAR
Acknowledgements
This work was conducted as part of the CGIAR Initiative on Sustainable Animal Productivity. CGIAR research is supported by contributions to the CGIAR Trust Fund. CGIAR is a global research partnership for a food-secure future dedicated to transforming food, land, and water systems in a climate crisis.
INITIATIVE ON Sustainable Animal Productivity
ey
This presentation is licensed for use under the Creative Commons Attribution 4.0 International Licence. December 2024"""
12180,"Multiplication and dissemination business model, for tropically-adapted and farmer-preferred improved chicken breeds, for value-chain actors, research and development partners in Lower and Middle Income Countries (LMIC)","The scaling business model is proposed based on approaches as suggested by Lundy et al. (2012) that includes three major steps. First, mapping the existing business model using the nine caveats and identifying major challenges and opportunities. The existing business model was mapped using data from baseline and marketing assessment surveys focusing on inputs supply, production, marketing, institutional support, vertical and horizontal coordination along the value chain. Second, identifying business cases using lessons learned from previous tropical poultry genetics solution activities in Sub-Saharan Africa and Southeast Asia. Third, developing the new business model considering the business cases identified above. The proposed scaling business model has six  major components: establishing partnership, organizing and building capacity, access to inputs and services (i.e . feed, heath, finance, breed, training and extension services), production and support, value addition and marketing (through aggregators, wholesalers, retailers and processors), monitoring and optimization.","The following text section comes from a specific evidence file named URL https://hdl.handle.net/10568/169006: ""An inclusive scaling business model for transforming traditional small scale poultry production to market oriented production. TPGS experience Skip to main content Communities & Collections Browse Navigate CGIAR Centers Statistics English Catal e tina Deutsch Espa ol Suomi Fran ais G idhlig Magyar Italiano Latvie u Nederlands Polski Portugu s Portugu s do Brasil Srpski (lat) Svenska T rk e Y Ti ng Vi t Log In Note: CGIAR users should log in with their Active Directory username and password. For example, if your email is j.smith@cgiar.org, you would use jsmith here. Log in New user? Click here to register. Have you forgotten your password? Home CGIAR 2030 Portfolio CGIAR 2030 research initiatives and impact platforms (2022 2024) CGIAR Initiative on Sustainable Animal Productivity An inclusive scaling business model for transforming traditional small scale poultry production to market oriented production. TPGS experience An inclusive scaling business model for transforming traditional small scale poultry production to market oriented production. TPGS experience Loading... Files Presentation (782.45 KB, pdf) Authors Yitayih, Mulugeta Goromela, E.H. Gemiyo D. Ouko, O. Phem, M. Tum, S. Ty, C. Hoang, H. Cuc, N.T.K. Quyen, N.T.L. Show 4 more Date Issued 2024-12-01 Date Online Language en Type Presentation Review Status Internal Review Access Rights Open Access Usage Rights Metadata Full item page Share Citation Yitayih, M., Goromela, E.H., Gemiyo D., Ouko, O., Phem, M., Tum, S., Ty, C., Hoang, H., Cuc, N.T.K., Quyen, N.T.L., Zeleke, G., Bogale, A., Getachew, F. and Dessie, T. 2024. An inclusive scaling business model for transforming traditional small scale poultry production to market oriented production. TPGS experience. Presented at Tropical Poultry Genetics Solution (TPGS) December 2024. Permanent link to cite or share this item https://hdl.handle.net/10568/169006 External link to download this item DOI Abstract/Description Author ORCID identifiers Mulugeta Yitayih Birhanu https://orcid.org/0000-0002-3146-8015 Fasil Getachew Kebede https://orcid.org/0000-0003-2719-5576 Tadelle Dessie https://orcid.org/0000-0002-1630-0417 AGROVOC Keywords breeds ; chickens ; farmers ; markets ; poultry ; scaling up ; smallholders Subjects ANIMAL PRODUCTION ; BREEDS ; CHICKENS ; MARKETS ; POULTRY Organizations Affiliated to the Authors International Livestock Research Institute ; Tanzania Livestock Research Institute ; Ethiopian Institute of Agricultural Research ; Kenya Agricultural and Livestock Research Organization ; National Animal Health and Production Research Institute, Cambodia ; National Institute of Animal Sciences, Vietnam ; Amhara Agricultural Research Institute ; Livestock Development for Community Livelihood Organization, Cambodia Investors/sponsors CGIAR Trust Fund CGIAR Action Areas Resilient Agrifood Systems CGIAR Impact Areas Poverty reduction, livelihoods and jobs CGIAR Initiatives Sustainable Animal Productivity Collections CGIAR Initiative on Sustainable Animal Productivity ILRI livestock genetics program outputs DSpace software copyright 2002-2025 LYRASIS About Cookie settings Privacy policy Send Feedback"".

The following text section comes from a specific evidence file named URL https://cgspace.cgiar.org/bitstreams/f8ec020b-7f37-4955-b9db-cd7c5b437f4e/download: ""ee S sustainable Animal Productivity CGIAR
An inclusive scaling business model for transforming traditional small scale poultry production to market oriented production.
TPGS experience
Tropical Poultry Genetics Solution (TPGS) December 2024
Mulugeta Y. Birhanu1, Ezekiel H. Goromela2, Deribe Gemiyo Talore3, Ochieng Ouko4, Menghak Phem5, Sothyra Tum5, Chhay Ty8, Hoa Hoang1¸ Ngo Thi Kim Cuc6, Ngo Thi Le Quyen6, Getnet Zeleke7, Ararsa Bogale8, Fasil Getachew1,Tadelle Dessie1
1International Livestock Research Institute (ILRI) 2Tanzania Livestock Research Institute (TALIRI). 3Central Ethiopia Agricultural Research Institute (CEARI) 4 Kenya Agricultural and Livestock Research Organization (KALRO) 5National Animal Health and Production Research Institute (NAHPRI) 6National Institute of Animal Science (NIAS) 7Amhara Agricultural Research Institute (ARARI) 8Livestock Development for Community Livelihood Organization (LDC), Cambodia
Introduction
Ud) maveon S24 Sustainable Animal eae | Sesrae
Poultry production, mainly chicken production, is the first or second-largest livestock species kept and produced by the rural and agricultural population in most developing countries in Africa and Southeast Asia (Birhanu et al., 2021b, Birhanu et al., 2023b).
Subsistence-driven, low-input, and low-output systems predominantly characterize developing countries’ smallholder poultry production landscape (Birhanu et al., 2021a).
Farmers in this production system keep smaller flock sizes and focus on producing eggs and meat for local consumption or sale to generate marginal incomes (Birhanu et al., 2021a,
Birhanu et al., 2022).
www.cgiar.org
=
Introduction cont’d…
Bait sos Saag moh
Transitioning these systems towards market orientation and enhanced productivity demands context-specific and tailored business models that address key challenges (Birhanu et al., 2021a, Birhanu et al., 2022).
Achieving this may involve adopting two pathways: enhancing the competitiveness of existing indigenous breed-based production or introducing tropically adapted improved chicken
breeds to smallholder farmers.
These pathways necessitate establishing public-private partnerships, enhancing awareness, capacity building, group formation, creating linkages with inputs and service providers, extension and advisory support, promoting value addition, output market linkages, and promoting informed consumption.
www.cgiar.org
NL,
Approaches for developing the business model
CGIAR
The scaling business model was drafted based on lessons learned from TPGS project activities since 2014.
We used evidence generated from African Chicken Genetics Gian(ACGG)/TPGS and Asian Chicken Genetics Gian (AsCGG) project activities in sub-Saharan Africa and southeast Asia to conceptualize the business model.
This includes :
Baseline survey reports (Ethiopia, Nigeria, Tanzania, Vietnam and Cambodia).
Market assessment studies (Ethiopia, Nigeria, Tanzania).
Literature reviews (Vietnam and Cambodia).
Various papers were produced from different data sources.
www.cgiar.org
INITIATIVE ON Sustainable Animal Productivity
=
—
~ ff
Approaches cont’d
he CGIAR
ae ina Productivity
We adopted four key steps to develop the business model:
1. Mapping the existing smallholder poultry production business model-using Lundy et al. (2012) approaches
Identify major challenges and opportunities along the value chain.
We used evidence from a review of literature, baseline surveys, and market diagnosis studies (Birhanu et al., 2021a, Birhanu et al., 2021b, Birhanu et al., 2023a, Birhanu et al., 2023b, Birhanu et al.,
2023c).
2. Identifying viable business cases
Business cases were identified by drawing insights from the implementation of the TPGS projects in Africa and Southeast Asia (Barrett and Just, 2022, Birhanu et al., 2021a, Birhanu et al.,
2022a).
www.cgiar.org
=
—
~ ff
Approaches cont’d
Ud) maveon S24 Sustainable Animal SF Rn
3. Mapping an upgraded business model for smallholder- based production involves identifying interventions that create and capture values.
Identify key strategic interventions and suggested approaches.
Develop a framework for implementing the proposed interventions.
4. Developing a scaling business model
Key components: Establishing partnership and collaboration; awareness creation, organizing farmers and capacity building; creating access to inputs and services; support and advisory services; value addition and output market linkages; monitoring and optimization.
www.cgiar.org
a
a
Overview of the draft scaling business model
CGIAR
ae Awareness, organizing & Monitoring and Capacity building optimization c ‘Awa Specialized egg production ommunity Awareness sy bebe ids by casks Digital *Public sector Registration of self- platforms and *Private selected farmers and learning companies forums *Inputs suppliers sResserch Organizing farmers institutes (Cooperative formation) *NGOs Dual purposed based meat and egg production * Right breeds by context | S@Ving and re- * Value addition Investing asl OCC: Partnership; business to business linkages; innovation platforms (IPS); stakeholders’ engagement and support, & women empowerment www.cgiar.ore
www.cgiar.org
INITIATIVE ON Sustainable Animal Productivity
Progress made
The draft business model was developed, and some components were implemented by overlaying the on-farm chicken performance testing.
Establishing partnership and collaboration.
Awareness creation and capacity building.
Organizing farmers into groups (Birhanu et al., 2023c).
Inputs and outputs market linkages
Production supports.
A draft manuscript was developed and is ready to share with co-authors.
www.cgiar.org
[Sf man con ge? | Sages CGIAR
Report Establishing farmer groups and linking smallholder farmers with input and output markets: A guide for smallholder-based poultry production in the tropics December 2023 Mulugeta Y. Birhanu!, Girma T. Kassie2, and Tadelle Dessie! ‘mec naps
Progress made cont’d…
A poster on the draft business model was presented to a partner and donor in Ethiopia to inform them of the contribution of the business model to job and employment creation along the value chain.
www.cgiar.org
INITIATIVE ON We een SA Sustainable Animal Productivity CGIAR
Towards equitable growth: unveiling ILRI smallholder poultry production = wb elem m em lite : models TE “== CGIAR it nee Low production and a SE ee eer ee ; ; productivity and —— | a Inclusive business unexplored economic, = =~ eee | SS SO model social, and SSS SS | = == + Improve the environmental ime == | | SS | livelihood of youth opportunities in the = — and women smallholder poultry = * Enhance food and — nutritional security value chain + Empower marginalized ee oo ches vomen and youth GRE re: ncusive business model for transforming the = CeavOU a aamnion traditional smallholder poultry production into market-oriented Developing and production system and market access * Foster partnership and implementing an me e collaboration inclusive business model to foster inclusive growth recor oe INGE GE GE GEIED ncn oincsne reopen | tate wore | Leese! lcm] ent the poultry value chain business model creates by creating opportunities ae ee = significant job for all stakeholders, = opportunities for youth particularly women and wee | | SSP opr — ee and women in inputs supply, production, value addition and marketing youths. eee Hi Figure 2: Business opportunities in improved breeds-based poultry production Farmers engaged in improved breeds-based production generates substantial income from the sale of cocks Picture 5: A young man in rural areas of Konso (Ethiopia) raising cocks Figure 3: Estimated average net farm income from cocks production . ee Mother unit businesses opportunities for ‘women and youth Picture 6: A mother unit business run by oe cooaerees young men/women — cee Mulugeta Y. Birhanu Figure 4: Estimated gross margin income from myitayiha@cgiar.org mother unit businesses
a —
CO
ee
Next steps
Finalize the business model, validate in a stakeholder workshop, collect feedback and comments, and incorporate them.
Deploy the business model to partners and stakeholders for scaling and further optimization.
Submit a manuscript for publication on the business model that aims to promote the business model for policymakers and development partners. .
www.cgiar.org
Ud) _ | nan com ado a CGIAR
References
4 INITIATIVE ON k . ustainable Anima Ney | ae
Barrett, C. B., Reardon, T., Swinnen, J. & Zilberman, D. 2022. Agri-food Value Chain Revolutions in Low- and Middle- Income Countries. Journal of Economic Literature, 60, 1316–77.10.1257/jel.20201539
Birhanu, M. Y., Alemayehu, T., Bruno, J. E., Kebede, F. G., Sonaiya, E. B., Goromela, E. H., Bamidele, O. & Dessie, T. 2021a. Technical Efficiency of Traditional Village Chicken Production in Africa: Entry Points for Sustainable Transformation and Improved Livelihood. Sustainability, 13, 8539
Birhanu, M. Y., Geremew, K., Esatu, W., Girma, T., Fasil Getachew, Worku, S. & Dessie, T. 2021b. Economic and marketing performance of chicken value chain actors in Ethiopia: challenges and business opportunities for sustainable livelihoods. Nairobi, Kenya: International Livestock Research Institute (ILRI).
Birhanu, M. Y., Bruno, J. E., Alemayehu, T., Esatu, W., Geremew, K., Yemane, T., Kebede, F. G. & Dessie, T. 2022. Beyond diffusion to sustained adoption of innovation: A case of smallholder poultry development in sub-Saharan Africa. International Journal of Agricultural Sustainability, Ahead-of-print, 1-19.doi: 10.1080/14735903.2022.2041235
Birhanu, M. Y., Don, N. V., Hoang, H., Esatu, W., Kassie, G. T., Cuc, N. T. K. & Dessie, T. 2023a. Characterizing smallholder poultry production in Vietnam: Evidence from a baseline survey. ILRI Research Report. Nairobi, Kenya: : ILRI.
Birhanu, M. Y., Ty, C., Esatu, W., Hoang, H., Theary, R., Cha, B., Phem, M., Sina, V., Pov, S., Tum, S. & Dessie, T. 2023b. Characterizing smallholder poultry production in Cambodia: Evidence from a baseline survey. ILRI Research Report 119. Nairobi, Kenya: ILRI.
Birhanu, M. Y. & Jensen, N. 2023c. Dynamics of improved agricultural technologies adoption: The chicken and maize paradox in Ethiopia. Sustainable Futures, 5.https://doi.org/10.1016/j.sftr.2023.100112
Birhanu, M. Y., Kassie, G. T. & Dessie, T. 2023d. Establishing farmer groups and linking smallholder farmers with input and output markets: A guide for smallholder based poultry production in the tropics (ILRI). Nairobi, Kenya: International Livestock Research Institute.
Birhanu, M. Y., Osei-Amponsah, R., Obese, F. Y. & Dessie, T. 2023e. Smallholder poultry production in the context of increasing global food prices: roles in poverty reduction and food security. Animal Frontiers, 13.https://doi.org/10.1093/af/vfac069
www.cgiar.org
www.cgiar.org
Thank you!
YJ INITIATIVE ON S32 Sustainable Animal Productivity CGIAR
we
CGIAR
Acknowledgements
This work was conducted as part of the CGIAR Initiative on Sustainable Animal Productivity. CGIAR research is supported by contributions to the CGIAR Trust Fund. CGIAR is a global research partnership for a food-secure future dedicated to transforming food, land, and water systems in a climate crisis.
INITIATIVE ON Sustainable Animal Productivity
ey
This presentation is licensed for use under the Creative Commons Attribution 4.0 International Licence. December 2024"".

The following text section comes from a specific evidence file named URL https://hdl.handle.net/10568/138591: ""Establishing farmer groups and linking smallholder farmers with input and output markets: A guide for smallholder based poultry production in the tropics Skip to main content Communities & Collections Browse Navigate CGIAR Centers Statistics English Catal e tina Deutsch Espa ol Suomi Fran ais G idhlig Magyar Italiano Latvie u Nederlands Polski Portugu s Portugu s do Brasil Srpski (lat) Svenska T rk e Y Ti ng Vi t Log In Note: CGIAR users should log in with their Active Directory username and password. For example, if your email is j.smith@cgiar.org, you would use jsmith here. Log in New user? Click here to register. Have you forgotten your password? Home CGIAR 2030 Portfolio CGIAR 2030 research initiatives and impact platforms (2022 2024) CGIAR Initiative on Sustainable Animal Productivity Establishing farmer groups and linking smallholder farmers with input and output markets: A guide for smallholder based poultry production in the tropics Establishing farmer groups and linking smallholder farmers with input and output markets: A guide for smallholder based poultry production in the tropics Loading... Files Report (1.13 MB, pdf) Authors Yitayih, Mulugeta Kassie, Girma T. Dessie, Tadelle Date Issued 2023-12-30 Date Online Language en Type Report Review Status Access Rights Open Access Usage Rights Metadata Full item page Share Citation Yitayih, M., Kassie, G. and Dessie, T. 2023. Establishing farmer groups and linking smallholder farmers with input and output markets: A guide for smallholder based poultry production in the tropics. Nairobi, Kenya: ILRI. Permanent link to cite or share this item https://hdl.handle.net/10568/138591 External link to download this item DOI Abstract/Description Author ORCID identifiers Mulugeta Yitayih Birhanu https://orcid.org/0000-0002-3146-8015 Girma T. Kassie https://orcid.org/0000-0001-7430-4291 Tadelle Dessie https://orcid.org/0000-0002-1630-0417 AGROVOC Keywords poultry ; markets ; animal production Subjects ANIMAL PRODUCTION ; CHICKENS ; MARKETS ; POULTRY Organizations Affiliated to the Authors International Livestock Research Institute Investors/sponsors CGIAR Trust Fund CGIAR Action Areas Resilient Agrifood Systems CGIAR Impact Areas Poverty reduction, livelihoods and jobs CGIAR Initiatives Sustainable Animal Productivity Collections CGIAR Initiative on Sustainable Animal Productivity ILRI livestock genetics program outputs DSpace software copyright 2002-2025 LYRASIS About Cookie settings Privacy policy Send Feedback"".

The following text section comes from a specific evidence file named URL https://cgspace.cgiar.org/bitstreams/bf1390da-5795-4f36-b4d3-95b699e0394a/download: ""Report
December 2023
Mulugeta Y. Birhanu1, Girma T. Kassie2, and Tadelle Dessie1
1 International Livestock Research Institute (ILRI
2 International Center for Agricultural Research in the Dry Areas (ICARDA)
  
©2023
This publication is copyrighted by the International Livestock Research Institute (ILRI). It is licensed for use under the Creative Commons Attribution 4.0 International Licence. To view this licence, visit https://creativecommons.org/licenses/by/4.0. Unless otherwise noted, you are free to share (copy and redistribute the material in any medium or format), adapt (remix, transform, and build upon the material) for any purpose, even commercially, under the following condition:
@®
ATTRIBUTION. The work must be attributed, but not in any way that suggests endorsement by ILRI or the author(s).
NOTICE:
For any reuse or distribution, the licence terms of this work must be made clear to others. Any of the above conditions can be waived if permission is obtained from the copyright holder. Nothing in this licence impairs or restricts the author’s moral rights. Fair dealing and other rights are in no way affected by the above. The parts used must not misrepresent the meaning of the publication. ILRI would appreciate being sent a copy of any materials in which text, photos etc. have been used.
Citation: Birhanu, M.Y., Kassie, G. and Dessie, T. 2023. Establishing farmer groups and linking smallholder farmers with input and output markets: A guide for smallholder based poultry production in the tropics. Nairobi, Kenya: International Livestock Research Institute (ILRI).
Acknowledgments
This work was conducted as part of the CGIAR Initiative on Sustainable Animal Productivity for Livelihoods, Nutrition and Gender Inclusion (SAPLING). CGIAR research is supported by contributions to the CGIAR Trust Fund. CGIAR is a global research partnership for a food- secure future dedicated to transforming food, land, and water systems in a climate crisis.
Contents
Introduction ........................................................................................................ 5 2.1 Approaches for organizing farmers ...................................................................... 7 2.1 Stage I: Startups ................................................................................................ 7 2.1.1 Step 1: Define the goal and scope of the proposed group formation ................... 7 2.1.2 Step 2: Understand the characteristics of target farmers .................................... 8 2.1.3 Step 3: Identify potential leaders ................................................................... 8 2.1.4 Step 4: Talk to the local community leaders/administrators ............................... 8 2.1.5 Step 5: Establish the group ........................................................................... 8 2.1.6 Step 6: Develop the organizational structure ................................................... 9 2.2 Stage II: Consolidation ....................................................................................... 9 2.2.1 Step 7: Build the capacity of the group ........................................................... 9 2.2.2 Step 8: Plan and implement activities ............................................................. 9 2.3 Stage III: Regular activities ................................................................................ 10 2.3.1 Step 9: Monitoring and evaluation ............................................................... 10 Linking organized groups with inputs and output markets ....................................... 10 3.1. Market linkages and smallholder farmers ........................................................... 10 3.2 Strategies for creating linkages with input suppliers .............................................. 11 3.2.1 Explore farmers’ needs and requirements ..................................................... 12 3.2.2 Identify potential inputs and service providers and initiate linkages ................. 12 3.2.3 Enhance farmers’ awareness and understanding ........................................... 12
1.
2. The role of group formation in smallholder agricultural production ............................. 6
3.
3.2.4 Organize a joint discussion forum and determine the type of linkage ............... 13
3.2.5 Develop an action plan and facilitate implementation and evaluation ............... 13
3.3 Strategies for creating linkages with output markets/buyers. ................................ 13
3.3.1 Identify potential buyers/markets ................................................................ 14
3.3.2 Establish product collection/aggregation center .......................................... 14 3.3.3 Organize a discussion forum between producers and buyers .......................... 14 3.3.4 Specify contract and develop risk management strategies .............................. 15 3.3.5 Develop an action plan and facilitate implementation and evaluation ............... 15 4. The role of partners’ and stakeholders’ engagement .............................................. 15 References: ............................................................................................................. 16
1. Introduction
Smallholder poultry production is integral to rural and agricultural households’ livelihood in developing countries, including Africa and Asia. Various studies show that smallholder poultry production significantly contributes to household income, food and nutritional security ( Wong et al. 2017; Birhanu et al. 2023b). It also has a sizable contribution to women’s empowerment and job creation. However, despite various research and development efforts in the previous decades, the production and productivity of the sector have remained quite low due to multiple production, marketing, policy and institutional constraints (Birhanu et al. 2021; Birhanu et al., 2023a; Anyona et al. 2023). Most farmers keep small flock sizes, mainly using low-input, low-output production practices for subsistence and income generation. Producers have limited access to better inputs and output markets, with weak horizontal and vertical coordination and linkages. Moreover, poultry product demand is highly seasonal, and there is significant price fluctuation associated with socioeconomic and cultural factors (Birhanu et al. 2022). Higher transaction costs, limited access to roads and other infrastructure, limited bargaining power and limited access to information restrict household access to better markets. Transforming the sector from subsistence-based to market-oriented commercial production requires integrated interventions, including improved genetics, health, feed, management practices, access to extension and advisory services, access to finance, capacity building, market linkages, collective actions and coordination ( Birhanu et al. 2021; Birhanu et al. 2022; Yakubu et al. 2023).
An increasing trend in poultry product consumption—associated with increasing population, urbanization, increasing income of the middle-class population, and preference for white meat over red meat—has created opportunities and challenges for smallholder producers. The opportunities could be associated with a broader market for eggs and meat. At the same time, the challenges would be strong competition with the emerging commercial sector in peri-urban and urban areas. An increasing demand in urban areas requires standardized products and better production and management practices from smallholders. However, given their large number and dispersed in remote locations, where there are significant infrastructural, institutional, technical, and policy-related challenges, individually, smallholder farmers cannot cope with existing and emerging challenges and exploit opportunities. Organizing farmers enhances collective actions, peer-to-peer learning, and access to inputs and output markets such as improved breeds, feeds, health services, finance, training, and advisory services (Fischer and Qaim 2014; Mutonyi 2019; Missiame et al. 2023). Moreover, sustained access to better inputs and value-added output markets requires strategies to link producers to different market opportunities.
Based on the above backgrounds, as part of the CGIAR initiative on Sustainable Animal Productivity for Livelihoods, Nutrition, and Gender Inclusion (SAPLING), the Tropical Poultry Genetics Solution (TPGS) is implementing different interventions that enhance the production and productivity of the sector including developing a business model for scaling improved tropically adapted breeds. The scaling business model involves organizing farmers in groups and linking them with inputs, suppliers, and marketing actors for sustained adoption and use of farmer-preferred and locally adapted breeds. Considering the vital role of organizing farmers in groups and creating market linkage, this document is developed as a reference material when establishing farmer groups/organizations and linking them with various input suppliers, service providers, and marketing actors. The document is generic and can be applied to smallholder-based agricultural production and marketing activities. However, the proposed approaches can be amended and adjusted based on the country’s local contexts, policies, and strategies.
2. The role of group formation in smallholder agricultural production
Most smallholder farmers live in rural areas in highly dispersed locations and far from input and output markets. These areas have poor rural infrastructure, weak institutions, limited access to markets and services, limited information and low access to innovative technologies. They experience multiple production, marketing and consumption challenges that individual actions cannot easily address but require collective actions (Abdul-Rahaman and Abdulai 2020; Ruzzante et al. 2021). Empirical evidence suggests that organizing farmers in groups is a good strategy for addressing most of the production and marketing challenges (Birhanu et al. 2017; Abdul-Rahaman and Abdulai 2018; Bachke 2019; Abdul- Rahaman and Abdulai 2020; Bizikova et al. 2020; Bairagi and Mottaleb 2021; Ma et al. 2023; Tran et al. 2023).
Farmer organizations can be defined as groups formed to address the different interests of farmers. These organizations can be formal or informal and have different forms, including cooperatives, associations, self-help groups and commodity-based producer organizations (CRS and MEAS 2015; Bizikova et al. 2020; Fernando et al. 2021). Farmer organizations can also be classified into three board categories: general interest groups, cooperatives and commodity-based organizations. Interest groups represent farmers’ interests in policy and program development, mobilize resources and information for farmers, organize capacity building and address other issues that attract farmers’ interest. Cooperatives are business organizations owned and managed by farmers and other actors in the value chain to fulfill members’ needs for agricultural inputs and services and create demand for their produce. Usually, cooperatives facilitate the distribution of agricultural inputs, collect, store and add value to products, deliver large quantities to markets, and provide other services such as credit, savings and insurance. Commodity-based organizations are specialized groups of farmers organized based on a specific crop or livestock commodity that comprises various actors in the value chain, including producers, marketing actors, and input and service providers. Farmers’ organizations can function at different levels, such as village, kebele, district or region. Usually, the groups are independent, non-governmental and voluntary.
The essential role of organizing farmers in groups is documented in various empirical studies (Markelova and Mwangi 2010; Shiferaw et al. 2011; CRS and MEAS 2015; Agarwal, 2018; Gugerty et al. 2019; Bizikova et al. 2020; Kassie et al. 2020; Ma et al. 2023). Farmer groups enhance collective actions that reduce transaction costs and help to obtain better market prices (Abdul-Rahaman and Abdulai 2020). Organized farmers can take advantage of economies of scale, express their needs, have better lobbying ability, and be in a good position for buying inputs and bulking and selling outputs. When farmers are organized, their voices can be easily heard, and their contribution to the research and development agenda can be significant. On the other hand, isolated and individual actions of farmers restrict them from fulfilling their production and marketing objectives due to limited access to input and output markets, inadequate capital, technical and social capacity, and other institutional and organizational factors. Organized farmers can easily access technology through linkages with service and input providers, including the research and extension system. Research and development institutes are also more likely to work with a group of farmers than individual farmers. Farmers who participated in farm organizations or groups have been found to have better economic and social gains compared with others (Shiferaw et al. 2011; Abebaw and Haile 2013; Abate et al. 2014; Verhofstadt and Maertens 2014; Abdul-Rahaman and Abdulai 2020).
As indicated above, a sustained transformation of traditional smallholder-based poultry production requires organizing farmers in groups for collective actions and establishing effective linkages along the value chain. Organizing farmers helps to promote farmer adoption of improved production and marketing practices; enhance service delivery; reduce transaction costs; improve farmers’ bargaining power; encourage farm work; empower rural women; improve members’ economic, social and innovative performances; and improve
value additions. When smallholder poultry farmers are organized, they can easily access improved technologies such as poultry breeds, feeds, vaccines, treatment drugs, and other assets such as feeders and drinkers. Moreover, farmers organized in groups can be suitable partners for research and development activities.
2.1 Approaches for organizing farmers
Although there is no single best approach to organize framers in groups, based on various empirical evidence suggested by researchers and development experts working in the area (CRS and MEAS 2015; Kassie et al. 2020), the following approaches can be adopted for smallholder poultry producers in developing countries. The approaches can be broadly classified into three stages and nine steps (Figure 1). The institutions that facilitate1 the group formation or organizing of farmers should have a good understanding of the sector and part Startup of the value chain actors.
Figure 1. Approaches for organizing smallholder farmers
1  Startups  2  Consolida1on  3  Regular ac1vi1es  q Deﬁne goals and scope  q Characterize target  farmers  q Iden/fy poten/al  leaders  q Consult local  q Capacity building  q Planning and  implementa/on  q Monitoring and evalua/on  administra/on  q Establish the group  q Develop organiza/onal  structure  Partnership and stakeholders engagement    
2.1 Stage I: Startups
2.1.1 Step 1: Define the goal and scope of the proposed group formation
The formation of farmers’ groups should be based on clear and achievable objectives with predefined scopes, without unrealistic assumptions. Objectives of group formation may include enhancing access to technologies and better management practices, improving technical efficiency, access to better markets and credit; empowering women through different strategies; enhancing members’ economic, social and innovative performances; and increasing participation in the value chain through value addition (Francesconi and Wouterse 2015; Di Marcantonio et al. 2022). The groups should be manageable and organized by homogeneous people with similar interests and economic conditions.
1 The facilitator in this document context is the main national research partner in each country who is leading the implementations of chicken SAPLING research initiatives
2.1.2 Step 2: Understand the characteristics of target farmers
Smallholder farmers in developing countries are very heterogeneous. However, farmers in different geographies have specific characteristics and interests in production and marketing activities that differentiate them from others. Hence, understanding the target farmers’ characteristics is critical to establishing a successful farmer organization. This could be done through formal and informal approaches, including quick assessments regarding their interest in group work and vision for improved technologies-based production and marketing activities. Farmer characteristics may include age and gender composition, social and cultural settings that affect group formation, practices in farm and non-farm activities, average income, assets holding, land sizes, distance to main roads, and other socioeconomic activities associated with poultry production practices. At this stage, it is also important to know if the target farmers are part of existing farmers’ groups, have experience participating in similar groups and are interested in joining the proposed poultry-based groups.
2.1.3 Step 3: Identify potential leaders
The success and failure of farmers’ organizations depend partly on leadership style and management skills. Partners who facilitate the formation of the proposed farmer groups must ensure the presence of potential leaders among the target groups. Potential leaders can be identified using predefined criteria, including experience in group/community leadership, interest in leading the group, communication skills, education, technical skills and interest in poultry-based business. The potential leaders should include a mix of people from different age and gender groups.
2.1.4 Step 4: Talk to the local community leaders/administrators
Engaging local administrators and partners on the ground is vital to the sustainability of the proposed group formation. From the inception stage, local administrators should be involved through formal and informal meetings and discussion forums. The facilitating team can arrange a brief meeting and discuss the need to organize farmers, their alignment with the country’s policy, and their contribution to the development of the poultry sector. Facilitators should clarify the goal and scope of the proposed group formation, create awareness, and receive the necessary feedback and support from the community leaders and other stakeholders on the ground. Community leaders and farmer-organizing units should be part of the implementing partners.
2.1.5 Step 5: Establish the group
Once the goal and scope of the proposed group are defined, farmers are characterized, potential leaders are identified, and community leaders and partners are engaged, a community awareness meeting can be held to promote the idea and encourage targeted farmers to join the group. At this stage, interested farmers can be registered using appropriate formats. This meeting can clarify the needs and goals of group formation, nominate the identified leaders, obtain approvals and formally establish the groups. In this meeting, the need to develop a farmers’ group should be explained to participants, and farmers could ask questions to get clarification on important issues and share their expectations of participating in the group. The members can also elect potential member farmers who can work in different roles for the next few years.
2.1.6 Step 6: Develop the organizational structure
Facilitators and elected leaders can develop the organizational structure of the group. However, facilitators and group leaders may not start from scratch and can tailor and adopt similar organizational structures used in different farmer groups in their local or other areas. The organizational structure in the proposed farmer groups should reflect various relationships between the members of the groups, and facilitators and group leaders can choose from various options that maximize individual contributions while minimizing challenges (Bolman and Deal 2017). The organizational structure should show the types of committee members, the roles and responsibilities of different committee members, directions of information flow, and decision-making processes. As a starting point, the structure should be simple and easily amendable at any time and able to be developed with technical help from other local partners. However, according to Bolman and Deal (2017), the following questions can be considered while organizing the group’s structure (Box 1).
2.2 Stage II: Consolidation
Box 1: Questions that need to be asked when developing an organizational structure of   the group    Ø What is the mission/goal of the group?    Ø What actions are required to achieve the mission/goal?    Ø Who should do what?   Ø Who is in charge of each activity?   Ø How should we make decisions?   Ø How do we coordinate efforts?   Ø What do individual members care about most: time, quality, participation?   Ø What are the special skills and talents of each group member?   Ø How does this group relate to others?   Ø How will we determine success?  
2.2.1 Step 7: Build the capacity of the group
Building the capacity of group leaders and other members is important for establishing successful groups (Ashby et al. 2009). As indicated above, leadership plays a critical role in the success and sustainability of group formation. Among other things, facilitating teams and partners on the ground should focus on raising good leaders through capacity building. The capacity-building efforts should focus on multiple dimensions of group formation, such as productive, organizational, entrepreneurial and sociopolitical dimensions (Valleur 2017). This can be achieved through formal and informal training, experience sharing, coaching and advisory services, and financial and material support. Various trainings can be provided on identified issues that help fulfill the groups’ missions and goals. Nevertheless, capacity- building efforts should be planned and properly implemented with partners and stakeholders. For instance, capacity building in time management, such as long meetings, record keeping, leadership style, fairness and communication, will significantly contribute to the success of group formation (CRS and MEAS 2015). The role of capacity building at the initial stage of group formation is documented in some empirical studies (Ahado et al. 2021).
2.2.2 Step 8: Plan and implement activities
After establishing the farmers’ group and capacity building, based on the goals of the group formation, potential interventions that improve the production and marketing activities of the group members should be identified, planned and implemented. This may involve identifying and analyzing problems, identifying possible solutions, prioritizing issues and
solutions, checking the feasibility of solutions, and developing detailed action plans (CRS and MEAS 2015). Activities should be prioritized and ranked based on importance and available resources, considering the farmers’ existing situation and local conditions. For smallholder poultry producers, this may include linking the groups with input suppliers, service providers and marketing actors; identifying and promoting additional value chain activities such as establishing product aggregation and marketing centres; adding more people to the group; expanding production and marketing activities; and building the technical skills of farmers. The group leaders should adopt dynamic approaches in implementing the proposed activities.
2.3 Stage III: Regular activities
2.3.1 Step 9: Monitoring and evaluation
Monitoring and evaluation should be integral to the group formation process and the entire management system. The monitoring component refers to keeping regular records of group activities, verifying that planned actions are taken according to the plan and adjusting ongoing activities to align with the group’s goals. On the other hand, evaluation may refer to looking back to confirm whether the proposed objectives have been met and identifying strategies to improve future activities to meet the group’s mission (CRS and MEAS 2015). Monitoring and evaluation activities can follow a participatory approach and are conducted jointly by group leaders, facilitators, local partners and other stakeholders. This would be led by the facilitating institution supported by other stockholders supporting this activity. One of the main responsibilities of facilitators would be establishing the monitoring evaluation system as part of supporting the proposed group and documenting lessons learned for scaling in different areas.
3. Linking organized groups with inputs and output markets
3.1. Market linkages and smallholder farmers
In most developing countries, the smallholder poultry value chain is characterized by low production and productivity with limited competitive advantage with emerging commercial sectors in urban and peri-urban areas. Access to inputs and output markets is the main constraint identified by almost all empirical studies on technology adoption and productivity (Adesina et al. 2014). Findings from such studies suggest linking smallholder farmers with input suppliers and central markets as essential interventions to enhance production and productivity and transform the sector from subsistence-based production to commercial production (Ebata and Hernandez 2017; Birhanu et al. 2022). Farmers’ participation in market-oriented production enhances household income, nutrition, job opportunities and other livelihood activities. Therefore, linking farmers with value chain actors using various strategies is one of the best approaches to enhance smallholders’ access to input and output markets. Linking farmers with inputs and output markets is not establishing an ad-hoc sale but developing long-term and formal business relationships among various value chain actors (Shepherd 2007). However, as indicated above, farmers must first be organized to establish effective linkages, as organized groups can be easily linked with various value chain actors.
Farmers’ linkage arrangements may consist of service provision (such as the delivery of improved breeds, vaccines, drugs, feeds, other assets such as feeders and drinkers, and providing training and advisory services); investing in value chain activities; formal and
informal contractual agreements; purchasing arrangements for outputs; full vertical cooperation with other value chain actors; asset sharing; contract farming; and other informal linkages and ad hoc arrangements (Dannson et al. 2004; Ferris et al. 2014b). For sustained adoption of technologies and improved livelihood outcomes, farmers can be primarily linked with input suppliers, such as improved breeds, feed and vaccine and treatment drug suppliers, and output markets with traders and institutional buyers, such as school feeding programs, universities and hospitals. To begin with, facilitators may focus on linking organized farmer groups with local input suppliers using various approaches. This process should involve local partners and stakeholders in government offices and non- government organizations working on input and output market linkages.
Strategies for creating market linkages can be broadly categorized into input and output market linkages (Figure 2). Although both adopt similar approaches, examining them separately helps to understand some of the specific issues among input and output marketing actors. Inputs market linkages involve exploring farmers’ needs and requirements; identifying potential inputs and service suppliers and initiating linkages; enhancing farmers’ awareness and understanding; organizing a joint discussion forum and determining the linkage type; developing an action plan; and facilitating implementation and evaluation. Linking with output markets involves establishing product collection/aggregation centers; identifying potential buyers/markets; organizing a discussion forum between producers and buyers; specifying contracts and developing risk management strategies; developing an action plan; and facilitating implementation and evaluation.
Figure 2: Approaches for linking organized groups with inputs and output markets
Market Linkages  Input market  Output market  Explore farmers’ demand  Iden-fy poten-al buyer/market  t  n  e  Iden-fy poten-al input/service suppliers  m  e  g  a  g  Establish product aggrega-on center  n  e     Enhance farmers awareness  d  n  a     p  i  Discuss and agreed products and  delivery  h  Determine type of linkages  s  r  e  n  Specify contract and develop risk  t  r  a  management plan  P  Planning, implementa-on and  evalua-on  Planning, implementa-on and  evalua-on 
3.2 Strategies for creating linkages with input suppliers
Establishing successful and long-term inputs market linkage requires well-thought-out and carefully planned activities based on the context of each location. The linkage created should be based on win-win principles, where smallholder producers, input and service providers, and marketing actors benefit mutually. Establishing sustained inputs market linkages involves the following activities.
3.2.1 Explore farmers’ needs and requirements
Working with individual farmers involves higher transaction costs for companies or firms, and organizing them in groups should be an important step, as indicated above. To establish successful linkage, it is important to understand farmers’ production objectives, gender and age compositions, production and marketing practices, available resources for scaling existing production activity, production environment, and their current and potential capacity for market-originated production.
The smallholder farmers’ demand for inputs and the service requirement usually depend on their production objectives, the adopted technologies, the technical and financial capacity, and other socioeconomic factors. The production practice they adopt (intensive vs extensive production) also determines their input type. Moreover, farmers in each area may not always need all the recommended commercial inputs, as they can also use locally available sources or a mix of locally available and commercial inputs.
Despite the dynamic nature, it is essential to understand the type, quality and volume of inputs and services required by farmers in each period. Although this needs continuous assessment, it can generally be achieved using a mix of approaches, including formal assessments such as checklists of inputs and services required by farmers and their willingness and ability to pay for the inputs.
3.2.2 Identify potential inputs and service providers and initiate linkages
Due to asymmetric information and inadequate capacity and skills, smallholder farmers have limited ability to identify appropriate input suppliers and service providers. Since most of them live in rural areas with minimal access to roads, information and other infrastructures, they have limited capacity to access most value chain actors. Therefore, facilitators must first identify potential input suppliers (i.e., individuals, companies, etc.) relevant to smallholder farmers and begin a discussion with them to initiate the linkages. This may primarily involve identifying the inputs farmers require for production and marketing activities and the capacity and willingness of suppliers to work with smallholder farmers in each target location. This could be done through a rapid assessment, including reviewing the company’s expertise and activities, collecting customer information, key informant interviews, and reviewing documents. Working with existing commercial companies would be the best strategy for the poultry sector. Facilitators can approach commercial poultry companies or agents that can supply key inputs such as improved breeds in the area and major feed, vaccine and drug suppliers.
3.2.3 Enhance farmers’ awareness and understanding
Using the information generated from Steps 1 and 2, facilitators can quickly match farmers’ demand for products and services and the capacity and readiness of companies/individuals to supply the smallholder farmers. This may help to confirm whether the identified potential actors are appropriate for creating successful linkages. Once potential companies/individuals are identified, and farmers’ capacity and needs are determined, a discussion forum can be organized wit","Multiplication and dissemination business model, for tropically-adapted and farmer-preferred improved chicken breeds, for value-chain actors, research and development partners in Lower and Middle Income Countries (LMIC) The scaling business model is proposed based on approaches as suggested by Lundy et al. (2012) that includes three major steps. First, mapping the existing business model using the nine caveats and identifying major challenges and opportunities. The existing business model was mapped using data from baseline and marketing assessment surveys focusing on inputs supply, production, marketing, institutional support, vertical and horizontal coordination along the value chain. Second, identifying business cases using lessons learned from previous tropical poultry genetics solution activities in Sub-Saharan Africa and Southeast Asia. Third, developing the new business model considering the business cases identified above. The proposed scaling business model has six  major components: establishing partnership, organizing and building capacity, access to inputs and services (i.e . feed, heath, finance, breed, training and extension services), production and support, value addition and marketing (through aggregators, wholesalers, retailers and processors), monitoring and optimization. The following text section comes from a specific evidence file named URL https://hdl.handle.net/10568/169006: ""An inclusive scaling business model for transforming traditional small scale poultry production to market oriented production. TPGS experience Skip to main content Communities & Collections Browse Navigate CGIAR Centers Statistics English Catal e tina Deutsch Espa ol Suomi Fran ais G idhlig Magyar Italiano Latvie u Nederlands Polski Portugu s Portugu s do Brasil Srpski (lat) Svenska T rk e Y Ti ng Vi t Log In Note: CGIAR users should log in with their Active Directory username and password. For example, if your email is j.smith@cgiar.org, you would use jsmith here. Log in New user? Click here to register. Have you forgotten your password? Home CGIAR 2030 Portfolio CGIAR 2030 research initiatives and impact platforms (2022 2024) CGIAR Initiative on Sustainable Animal Productivity An inclusive scaling business model for transforming traditional small scale poultry production to market oriented production. TPGS experience An inclusive scaling business model for transforming traditional small scale poultry production to market oriented production. TPGS experience Loading... Files Presentation (782.45 KB, pdf) Authors Yitayih, Mulugeta Goromela, E.H. Gemiyo D. Ouko, O. Phem, M. Tum, S. Ty, C. Hoang, H. Cuc, N.T.K. Quyen, N.T.L. Show 4 more Date Issued 2024-12-01 Date Online Language en Type Presentation Review Status Internal Review Access Rights Open Access Usage Rights Metadata Full item page Share Citation Yitayih, M., Goromela, E.H., Gemiyo D., Ouko, O., Phem, M., Tum, S., Ty, C., Hoang, H., Cuc, N.T.K., Quyen, N.T.L., Zeleke, G., Bogale, A., Getachew, F. and Dessie, T. 2024. An inclusive scaling business model for transforming traditional small scale poultry production to market oriented production. TPGS experience. Presented at Tropical Poultry Genetics Solution (TPGS) December 2024. Permanent link to cite or share this item https://hdl.handle.net/10568/169006 External link to download this item DOI Abstract/Description Author ORCID identifiers Mulugeta Yitayih Birhanu https://orcid.org/0000-0002-3146-8015 Fasil Getachew Kebede https://orcid.org/0000-0003-2719-5576 Tadelle Dessie https://orcid.org/0000-0002-1630-0417 AGROVOC Keywords breeds ; chickens ; farmers ; markets ; poultry ; scaling up ; smallholders Subjects ANIMAL PRODUCTION ; BREEDS ; CHICKENS ; MARKETS ; POULTRY Organizations Affiliated to the Authors International Livestock Research Institute ; Tanzania Livestock Research Institute ; Ethiopian Institute of Agricultural Research ; Kenya Agricultural and Livestock Research Organization ; National Animal Health and Production Research Institute, Cambodia ; National Institute of Animal Sciences, Vietnam ; Amhara Agricultural Research Institute ; Livestock Development for Community Livelihood Organization, Cambodia Investors/sponsors CGIAR Trust Fund CGIAR Action Areas Resilient Agrifood Systems CGIAR Impact Areas Poverty reduction, livelihoods and jobs CGIAR Initiatives Sustainable Animal Productivity Collections CGIAR Initiative on Sustainable Animal Productivity ILRI livestock genetics program outputs DSpace software copyright 2002-2025 LYRASIS About Cookie settings Privacy policy Send Feedback"".

The following text section comes from a specific evidence file named URL https://cgspace.cgiar.org/bitstreams/f8ec020b-7f37-4955-b9db-cd7c5b437f4e/download: ""ee S sustainable Animal Productivity CGIAR
An inclusive scaling business model for transforming traditional small scale poultry production to market oriented production.
TPGS experience
Tropical Poultry Genetics Solution (TPGS) December 2024
Mulugeta Y. Birhanu1, Ezekiel H. Goromela2, Deribe Gemiyo Talore3, Ochieng Ouko4, Menghak Phem5, Sothyra Tum5, Chhay Ty8, Hoa Hoang1¸ Ngo Thi Kim Cuc6, Ngo Thi Le Quyen6, Getnet Zeleke7, Ararsa Bogale8, Fasil Getachew1,Tadelle Dessie1
1International Livestock Research Institute (ILRI) 2Tanzania Livestock Research Institute (TALIRI). 3Central Ethiopia Agricultural Research Institute (CEARI) 4 Kenya Agricultural and Livestock Research Organization (KALRO) 5National Animal Health and Production Research Institute (NAHPRI) 6National Institute of Animal Science (NIAS) 7Amhara Agricultural Research Institute (ARARI) 8Livestock Development for Community Livelihood Organization (LDC), Cambodia
Introduction
Ud) maveon S24 Sustainable Animal eae | Sesrae
Poultry production, mainly chicken production, is the first or second-largest livestock species kept and produced by the rural and agricultural population in most developing countries in Africa and Southeast Asia (Birhanu et al., 2021b, Birhanu et al., 2023b).
Subsistence-driven, low-input, and low-output systems predominantly characterize developing countries’ smallholder poultry production landscape (Birhanu et al., 2021a).
Farmers in this production system keep smaller flock sizes and focus on producing eggs and meat for local consumption or sale to generate marginal incomes (Birhanu et al., 2021a,
Birhanu et al., 2022).
www.cgiar.org
=
Introduction cont’d…
Bait sos Saag moh
Transitioning these systems towards market orientation and enhanced productivity demands context-specific and tailored business models that address key challenges (Birhanu et al., 2021a, Birhanu et al., 2022).
Achieving this may involve adopting two pathways: enhancing the competitiveness of existing indigenous breed-based production or introducing tropically adapted improved chicken
breeds to smallholder farmers.
These pathways necessitate establishing public-private partnerships, enhancing awareness, capacity building, group formation, creating linkages with inputs and service providers, extension and advisory support, promoting value addition, output market linkages, and promoting informed consumption.
www.cgiar.org
NL,
Approaches for developing the business model
CGIAR
The scaling business model was drafted based on lessons learned from TPGS project activities since 2014.
We used evidence generated from African Chicken Genetics Gian(ACGG)/TPGS and Asian Chicken Genetics Gian (AsCGG) project activities in sub-Saharan Africa and southeast Asia to conceptualize the business model.
This includes :
Baseline survey reports (Ethiopia, Nigeria, Tanzania, Vietnam and Cambodia).
Market assessment studies (Ethiopia, Nigeria, Tanzania).
Literature reviews (Vietnam and Cambodia).
Various papers were produced from different data sources.
www.cgiar.org
INITIATIVE ON Sustainable Animal Productivity
=
—
~ ff
Approaches cont’d
he CGIAR
ae ina Productivity
We adopted four key steps to develop the business model:
1. Mapping the existing smallholder poultry production business model-using Lundy et al. (2012) approaches
Identify major challenges and opportunities along the value chain.
We used evidence from a review of literature, baseline surveys, and market diagnosis studies (Birhanu et al., 2021a, Birhanu et al., 2021b, Birhanu et al., 2023a, Birhanu et al., 2023b, Birhanu et al.,
2023c).
2. Identifying viable business cases
Business cases were identified by drawing insights from the implementation of the TPGS projects in Africa and Southeast Asia (Barrett and Just, 2022, Birhanu et al., 2021a, Birhanu et al.,
2022a).
www.cgiar.org
=
—
~ ff
Approaches cont’d
Ud) maveon S24 Sustainable Animal SF Rn
3. Mapping an upgraded business model for smallholder- based production involves identifying interventions that create and capture values.
Identify key strategic interventions and suggested approaches.
Develop a framework for implementing the proposed interventions.
4. Developing a scaling business model
Key components: Establishing partnership and collaboration; awareness creation, organizing farmers and capacity building; creating access to inputs and services; support and advisory services; value addition and output market linkages; monitoring and optimization.
www.cgiar.org
a
a
Overview of the draft scaling business model
CGIAR
ae Awareness, organizing & Monitoring and Capacity building optimization c ‘Awa Specialized egg production ommunity Awareness sy bebe ids by casks Digital *Public sector Registration of self- platforms and *Private selected farmers and learning companies forums *Inputs suppliers sResserch Organizing farmers institutes (Cooperative formation) *NGOs Dual purposed based meat and egg production * Right breeds by context | S@Ving and re- * Value addition Investing asl OCC: Partnership; business to business linkages; innovation platforms (IPS); stakeholders’ engagement and support, & women empowerment www.cgiar.ore
www.cgiar.org
INITIATIVE ON Sustainable Animal Productivity
Progress made
The draft business model was developed, and some components were implemented by overlaying the on-farm chicken performance testing.
Establishing partnership and collaboration.
Awareness creation and capacity building.
Organizing farmers into groups (Birhanu et al., 2023c).
Inputs and outputs market linkages
Production supports.
A draft manuscript was developed and is ready to share with co-authors.
www.cgiar.org
[Sf man con ge? | Sages CGIAR
Report Establishing farmer groups and linking smallholder farmers with input and output markets: A guide for smallholder-based poultry production in the tropics December 2023 Mulugeta Y. Birhanu!, Girma T. Kassie2, and Tadelle Dessie! ‘mec naps
Progress made cont’d…
A poster on the draft business model was presented to a partner and donor in Ethiopia to inform them of the contribution of the business model to job and employment creation along the value chain.
www.cgiar.org
INITIATIVE ON We een SA Sustainable Animal Productivity CGIAR
Towards equitable growth: unveiling ILRI smallholder poultry production = wb elem m em lite : models TE “== CGIAR it nee Low production and a SE ee eer ee ; ; productivity and —— | a Inclusive business unexplored economic, = =~ eee | SS SO model social, and SSS SS | = == + Improve the environmental ime == | | SS | livelihood of youth opportunities in the = — and women smallholder poultry = * Enhance food and — nutritional security value chain + Empower marginalized ee oo ches vomen and youth GRE re: ncusive business model for transforming the = CeavOU a aamnion traditional smallholder poultry production into market-oriented Developing and production system and market access * Foster partnership and implementing an me e collaboration inclusive business model to foster inclusive growth recor oe INGE GE GE GEIED ncn oincsne reopen | tate wore | Leese! lcm] ent the poultry value chain business model creates by creating opportunities ae ee = significant job for all stakeholders, = opportunities for youth particularly women and wee | | SSP opr — ee and women in inputs supply, production, value addition and marketing youths. eee Hi Figure 2: Business opportunities in improved breeds-based poultry production Farmers engaged in improved breeds-based production generates substantial income from the sale of cocks Picture 5: A young man in rural areas of Konso (Ethiopia) raising cocks Figure 3: Estimated average net farm income from cocks production . ee Mother unit businesses opportunities for ‘women and youth Picture 6: A mother unit business run by oe cooaerees young men/women — cee Mulugeta Y. Birhanu Figure 4: Estimated gross margin income from myitayiha@cgiar.org mother unit businesses
a —
CO
ee
Next steps
Finalize the business model, validate in a stakeholder workshop, collect feedback and comments, and incorporate them.
Deploy the business model to partners and stakeholders for scaling and further optimization.
Submit a manuscript for publication on the business model that aims to promote the business model for policymakers and development partners. .
www.cgiar.org
Ud) _ | nan com ado a CGIAR
References
4 INITIATIVE ON k . ustainable Anima Ney | ae
Barrett, C. B., Reardon, T., Swinnen, J. & Zilberman, D. 2022. Agri-food Value Chain Revolutions in Low- and Middle- Income Countries. Journal of Economic Literature, 60, 1316–77.10.1257/jel.20201539
Birhanu, M. Y., Alemayehu, T., Bruno, J. E., Kebede, F. G., Sonaiya, E. B., Goromela, E. H., Bamidele, O. & Dessie, T. 2021a. Technical Efficiency of Traditional Village Chicken Production in Africa: Entry Points for Sustainable Transformation and Improved Livelihood. Sustainability, 13, 8539
Birhanu, M. Y., Geremew, K., Esatu, W., Girma, T., Fasil Getachew, Worku, S. & Dessie, T. 2021b. Economic and marketing performance of chicken value chain actors in Ethiopia: challenges and business opportunities for sustainable livelihoods. Nairobi, Kenya: International Livestock Research Institute (ILRI).
Birhanu, M. Y., Bruno, J. E., Alemayehu, T., Esatu, W., Geremew, K., Yemane, T., Kebede, F. G. & Dessie, T. 2022. Beyond diffusion to sustained adoption of innovation: A case of smallholder poultry development in sub-Saharan Africa. International Journal of Agricultural Sustainability, Ahead-of-print, 1-19.doi: 10.1080/14735903.2022.2041235
Birhanu, M. Y., Don, N. V., Hoang, H., Esatu, W., Kassie, G. T., Cuc, N. T. K. & Dessie, T. 2023a. Characterizing smallholder poultry production in Vietnam: Evidence from a baseline survey. ILRI Research Report. Nairobi, Kenya: : ILRI.
Birhanu, M. Y., Ty, C., Esatu, W., Hoang, H., Theary, R., Cha, B., Phem, M., Sina, V., Pov, S., Tum, S. & Dessie, T. 2023b. Characterizing smallholder poultry production in Cambodia: Evidence from a baseline survey. ILRI Research Report 119. Nairobi, Kenya: ILRI.
Birhanu, M. Y. & Jensen, N. 2023c. Dynamics of improved agricultural technologies adoption: The chicken and maize paradox in Ethiopia. Sustainable Futures, 5.https://doi.org/10.1016/j.sftr.2023.100112
Birhanu, M. Y., Kassie, G. T. & Dessie, T. 2023d. Establishing farmer groups and linking smallholder farmers with input and output markets: A guide for smallholder based poultry production in the tropics (ILRI). Nairobi, Kenya: International Livestock Research Institute.
Birhanu, M. Y., Osei-Amponsah, R., Obese, F. Y. & Dessie, T. 2023e. Smallholder poultry production in the context of increasing global food prices: roles in poverty reduction and food security. Animal Frontiers, 13.https://doi.org/10.1093/af/vfac069
www.cgiar.org
www.cgiar.org
Thank you!
YJ INITIATIVE ON S32 Sustainable Animal Productivity CGIAR
we
CGIAR
Acknowledgements
This work was conducted as part of the CGIAR Initiative on Sustainable Animal Productivity. CGIAR research is supported by contributions to the CGIAR Trust Fund. CGIAR is a global research partnership for a food-secure future dedicated to transforming food, land, and water systems in a climate crisis.
INITIATIVE ON Sustainable Animal Productivity
ey
This presentation is licensed for use under the Creative Commons Attribution 4.0 International Licence. December 2024"".

The following text section comes from a specific evidence file named URL https://hdl.handle.net/10568/138591: ""Establishing farmer groups and linking smallholder farmers with input and output markets: A guide for smallholder based poultry production in the tropics Skip to main content Communities & Collections Browse Navigate CGIAR Centers Statistics English Catal e tina Deutsch Espa ol Suomi Fran ais G idhlig Magyar Italiano Latvie u Nederlands Polski Portugu s Portugu s do Brasil Srpski (lat) Svenska T rk e Y Ti ng Vi t Log In Note: CGIAR users should log in with their Active Directory username and password. For example, if your email is j.smith@cgiar.org, you would use jsmith here. Log in New user? Click here to register. Have you forgotten your password? Home CGIAR 2030 Portfolio CGIAR 2030 research initiatives and impact platforms (2022 2024) CGIAR Initiative on Sustainable Animal Productivity Establishing farmer groups and linking smallholder farmers with input and output markets: A guide for smallholder based poultry production in the tropics Establishing farmer groups and linking smallholder farmers with input and output markets: A guide for smallholder based poultry production in the tropics Loading... Files Report (1.13 MB, pdf) Authors Yitayih, Mulugeta Kassie, Girma T. Dessie, Tadelle Date Issued 2023-12-30 Date Online Language en Type Report Review Status Access Rights Open Access Usage Rights Metadata Full item page Share Citation Yitayih, M., Kassie, G. and Dessie, T. 2023. Establishing farmer groups and linking smallholder farmers with input and output markets: A guide for smallholder based poultry production in the tropics. Nairobi, Kenya: ILRI. Permanent link to cite or share this item https://hdl.handle.net/10568/138591 External link to download this item DOI Abstract/Description Author ORCID identifiers Mulugeta Yitayih Birhanu https://orcid.org/0000-0002-3146-8015 Girma T. Kassie https://orcid.org/0000-0001-7430-4291 Tadelle Dessie https://orcid.org/0000-0002-1630-0417 AGROVOC Keywords poultry ; markets ; animal production Subjects ANIMAL PRODUCTION ; CHICKENS ; MARKETS ; POULTRY Organizations Affiliated to the Authors International Livestock Research Institute Investors/sponsors CGIAR Trust Fund CGIAR Action Areas Resilient Agrifood Systems CGIAR Impact Areas Poverty reduction, livelihoods and jobs CGIAR Initiatives Sustainable Animal Productivity Collections CGIAR Initiative on Sustainable Animal Productivity ILRI livestock genetics program outputs DSpace software copyright 2002-2025 LYRASIS About Cookie settings Privacy policy Send Feedback"".

The following text section comes from a specific evidence file named URL https://cgspace.cgiar.org/bitstreams/bf1390da-5795-4f36-b4d3-95b699e0394a/download: ""Report
December 2023
Mulugeta Y. Birhanu1, Girma T. Kassie2, and Tadelle Dessie1
1 International Livestock Research Institute (ILRI
2 International Center for Agricultural Research in the Dry Areas (ICARDA)
  
©2023
This publication is copyrighted by the International Livestock Research Institute (ILRI). It is licensed for use under the Creative Commons Attribution 4.0 International Licence. To view this licence, visit https://creativecommons.org/licenses/by/4.0. Unless otherwise noted, you are free to share (copy and redistribute the material in any medium or format), adapt (remix, transform, and build upon the material) for any purpose, even commercially, under the following condition:
@®
ATTRIBUTION. The work must be attributed, but not in any way that suggests endorsement by ILRI or the author(s).
NOTICE:
For any reuse or distribution, the licence terms of this work must be made clear to others. Any of the above conditions can be waived if permission is obtained from the copyright holder. Nothing in this licence impairs or restricts the author’s moral rights. Fair dealing and other rights are in no way affected by the above. The parts used must not misrepresent the meaning of the publication. ILRI would appreciate being sent a copy of any materials in which text, photos etc. have been used.
Citation: Birhanu, M.Y., Kassie, G. and Dessie, T. 2023. Establishing farmer groups and linking smallholder farmers with input and output markets: A guide for smallholder based poultry production in the tropics. Nairobi, Kenya: International Livestock Research Institute (ILRI).
Acknowledgments
This work was conducted as part of the CGIAR Initiative on Sustainable Animal Productivity for Livelihoods, Nutrition and Gender Inclusion (SAPLING). CGIAR research is supported by contributions to the CGIAR Trust Fund. CGIAR is a global research partnership for a food- secure future dedicated to transforming food, land, and water systems in a climate crisis.
Contents
Introduction ........................................................................................................ 5 2.1 Approaches for organizing farmers ...................................................................... 7 2.1 Stage I: Startups ................................................................................................ 7 2.1.1 Step 1: Define the goal and scope of the proposed group formation ................... 7 2.1.2 Step 2: Understand the characteristics of target farmers .................................... 8 2.1.3 Step 3: Identify potential leaders ................................................................... 8 2.1.4 Step 4: Talk to the local community leaders/administrators ............................... 8 2.1.5 Step 5: Establish the group ........................................................................... 8 2.1.6 Step 6: Develop the organizational structure ................................................... 9 2.2 Stage II: Consolidation ....................................................................................... 9 2.2.1 Step 7: Build the capacity of the group ........................................................... 9 2.2.2 Step 8: Plan and implement activities ............................................................. 9 2.3 Stage III: Regular activities ................................................................................ 10 2.3.1 Step 9: Monitoring and evaluation ............................................................... 10 Linking organized groups with inputs and output markets ....................................... 10 3.1. Market linkages and smallholder farmers ........................................................... 10 3.2 Strategies for creating linkages with input suppliers .............................................. 11 3.2.1 Explore farmers’ needs and requirements ..................................................... 12 3.2.2 Identify potential inputs and service providers and initiate linkages ................. 12 3.2.3 Enhance farmers’ awareness and understanding ........................................... 12
1.
2. The role of group formation in smallholder agricultural production ............................. 6
3.
3.2.4 Organize a joint discussion forum and determine the type of linkage ............... 13
3.2.5 Develop an action plan and facilitate implementation and evaluation ............... 13
3.3 Strategies for creating linkages with output markets/buyers. ................................ 13
3.3.1 Identify potential buyers/markets ................................................................ 14
3.3.2 Establish product collection/aggregation center .......................................... 14 3.3.3 Organize a discussion forum between producers and buyers .......................... 14 3.3.4 Specify contract and develop risk management strategies .............................. 15 3.3.5 Develop an action plan and facilitate implementation and evaluation ............... 15 4. The role of partners’ and stakeholders’ engagement .............................................. 15 References: ............................................................................................................. 16
1. Introduction
Smallholder poultry production is integral to rural and agricultural households’ livelihood in developing countries, including Africa and Asia. Various studies show that smallholder poultry production significantly contributes to household income, food and nutritional security ( Wong et al. 2017; Birhanu et al. 2023b). It also has a sizable contribution to women’s empowerment and job creation. However, despite various research and development efforts in the previous decades, the production and productivity of the sector have remained quite low due to multiple production, marketing, policy and institutional constraints (Birhanu et al. 2021; Birhanu et al., 2023a; Anyona et al. 2023). Most farmers keep small flock sizes, mainly using low-input, low-output production practices for subsistence and income generation. Producers have limited access to better inputs and output markets, with weak horizontal and vertical coordination and linkages. Moreover, poultry product demand is highly seasonal, and there is significant price fluctuation associated with socioeconomic and cultural factors (Birhanu et al. 2022). Higher transaction costs, limited access to roads and other infrastructure, limited bargaining power and limited access to information restrict household access to better markets. Transforming the sector from subsistence-based to market-oriented commercial production requires integrated interventions, including improved genetics, health, feed, management practices, access to extension and advisory services, access to finance, capacity building, market linkages, collective actions and coordination ( Birhanu et al. 2021; Birhanu et al. 2022; Yakubu et al. 2023).
An increasing trend in poultry product consumption—associated with increasing population, urbanization, increasing income of the middle-class population, and preference for white meat over red meat—has created opportunities and challenges for smallholder producers. The opportunities could be associated with a broader market for eggs and meat. At the same time, the challenges would be strong competition with the emerging commercial sector in peri-urban and urban areas. An increasing demand in urban areas requires standardized products and better production and management practices from smallholders. However, given their large number and dispersed in remote locations, where there are significant infrastructural, institutional, technical, and policy-related challenges, individually, smallholder farmers cannot cope with existing and emerging challenges and exploit opportunities. Organizing farmers enhances collective actions, peer-to-peer learning, and access to inputs and output markets such as improved breeds, feeds, health services, finance, training, and advisory services (Fischer and Qaim 2014; Mutonyi 2019; Missiame et al. 2023). Moreover, sustained access to better inputs and value-added output markets requires strategies to link producers to different market opportunities.
Based on the above backgrounds, as part of the CGIAR initiative on Sustainable Animal Productivity for Livelihoods, Nutrition, and Gender Inclusion (SAPLING), the Tropical Poultry Genetics Solution (TPGS) is implementing different interventions that enhance the production and productivity of the sector including developing a business model for scaling improved tropically adapted breeds. The scaling business model involves organizing farmers in groups and linking them with inputs, suppliers, and marketing actors for sustained adoption and use of farmer-preferred and locally adapted breeds. Considering the vital role of organizing farmers in groups and creating market linkage, this document is developed as a reference material when establishing farmer groups/organizations and linking them with various input suppliers, service providers, and marketing actors. The document is generic and can be applied to smallholder-based agricultural production and marketing activities. However, the proposed approaches can be amended and adjusted based on the country’s local contexts, policies, and strategies.
2. The role of group formation in smallholder agricultural production
Most smallholder farmers live in rural areas in highly dispersed locations and far from input and output markets. These areas have poor rural infrastructure, weak institutions, limited access to markets and services, limited information and low access to innovative technologies. They experience multiple production, marketing and consumption challenges that individual actions cannot easily address but require collective actions (Abdul-Rahaman and Abdulai 2020; Ruzzante et al. 2021). Empirical evidence suggests that organizing farmers in groups is a good strategy for addressing most of the production and marketing challenges (Birhanu et al. 2017; Abdul-Rahaman and Abdulai 2018; Bachke 2019; Abdul- Rahaman and Abdulai 2020; Bizikova et al. 2020; Bairagi and Mottaleb 2021; Ma et al. 2023; Tran et al. 2023).
Farmer organizations can be defined as groups formed to address the different interests of farmers. These organizations can be formal or informal and have different forms, including cooperatives, associations, self-help groups and commodity-based producer organizations (CRS and MEAS 2015; Bizikova et al. 2020; Fernando et al. 2021). Farmer organizations can also be classified into three board categories: general interest groups, cooperatives and commodity-based organizations. Interest groups represent farmers’ interests in policy and program development, mobilize resources and information for farmers, organize capacity building and address other issues that attract farmers’ interest. Cooperatives are business organizations owned and managed by farmers and other actors in the value chain to fulfill members’ needs for agricultural inputs and services and create demand for their produce. Usually, cooperatives facilitate the distribution of agricultural inputs, collect, store and add value to products, deliver large quantities to markets, and provide other services such as credit, savings and insurance. Commodity-based organizations are specialized groups of farmers organized based on a specific crop or livestock commodity that comprises various actors in the value chain, including producers, marketing actors, and input and service providers. Farmers’ organizations can function at different levels, such as village, kebele, district or region. Usually, the groups are independent, non-governmental and voluntary.
The essential role of organizing farmers in groups is documented in various empirical studies (Markelova and Mwangi 2010; Shiferaw et al. 2011; CRS and MEAS 2015; Agarwal, 2018; Gugerty et al. 2019; Bizikova et al. 2020; Kassie et al. 2020; Ma et al. 2023). Farmer groups enhance collective actions that reduce transaction costs and help to obtain better market prices (Abdul-Rahaman and Abdulai 2020). Organized farmers can take advantage of economies of scale, express their needs, have better lobbying ability, and be in a good position for buying inputs and bulking and selling outputs. When farmers are organized, their voices can be easily heard, and their contribution to the research and development agenda can be significant. On the other hand, isolated and individual actions of farmers restrict them from fulfilling their production and marketing objectives due to limited access to input and output markets, inadequate capital, technical and social capacity, and other institutional and organizational factors. Organized farmers can easily access technology through linkages with service and input providers, including the research and extension system. Research and development institutes are also more likely to work with a group of farmers than individual farmers. Farmers who participated in farm organizations or groups have been found to have better economic and social gains compared with others (Shiferaw et al. 2011; Abebaw and Haile 2013; Abate et al. 2014; Verhofstadt and Maertens 2014; Abdul-Rahaman and Abdulai 2020).
As indicated above, a sustained transformation of traditional smallholder-based poultry production requires organizing farmers in groups for collective actions and establishing effective linkages along the value chain. Organizing farmers helps to promote farmer adoption of improved production and marketing practices; enhance service delivery; reduce transaction costs; improve farmers’ bargaining power; encourage farm work; empower rural women; improve members’ economic, social and innovative performances; and improve
value additions. When smallholder poultry farmers are organized, they can easily access improved technologies such as poultry breeds, feeds, vaccines, treatment drugs, and other assets such as feeders and drinkers. Moreover, farmers organized in groups can be suitable partners for research and development activities.
2.1 Approaches for organizing farmers
Although there is no single best approach to organize framers in groups, based on various empirical evidence suggested by researchers and development experts working in the area (CRS and MEAS 2015; Kassie et al. 2020), the following approaches can be adopted for smallholder poultry producers in developing countries. The approaches can be broadly classified into three stages and nine steps (Figure 1). The institutions that facilitate1 the group formation or organizing of farmers should have a good understanding of the sector and part Startup of the value chain actors.
Figure 1. Approaches for organizing smallholder farmers
1  Startups  2  Consolida1on  3  Regular ac1vi1es  q Deﬁne goals and scope  q Characterize target  farmers  q Iden/fy poten/al  leaders  q Consult local  q Capacity building  q Planning and  implementa/on  q Monitoring and evalua/on  administra/on  q Establish the group  q Develop organiza/onal  structure  Partnership and stakeholders engagement    
2.1 Stage I: Startups
2.1.1 Step 1: Define the goal and scope of the proposed group formation
The formation of farmers’ groups should be based on clear and achievable objectives with predefined scopes, without unrealistic assumptions. Objectives of group formation may include enhancing access to technologies and better management practices, improving technical efficiency, access to better markets and credit; empowering women through different strategies; enhancing members’ economic, social and innovative performances; and increasing participation in the value chain through value addition (Francesconi and Wouterse 2015; Di Marcantonio et al. 2022). The groups should be manageable and organized by homogeneous people with similar interests and economic conditions.
1 The facilitator in this document context is the main national research partner in each country who is leading the implementations of chicken SAPLING research initiatives
2.1.2 Step 2: Understand the characteristics of target farmers
Smallholder farmers in developing countries are very heterogeneous. However, farmers in different geographies have specific characteristics and interests in production and marketing activities that differentiate them from others. Hence, understanding the target farmers’ characteristics is critical to establishing a successful farmer organization. This could be done through formal and informal approaches, including quick assessments regarding their interest in group work and vision for improved technologies-based production and marketing activities. Farmer characteristics may include age and gender composition, social and cultural settings that affect group formation, practices in farm and non-farm activities, average income, assets holding, land sizes, distance to main roads, and other socioeconomic activities associated with poultry production practices. At this stage, it is also important to know if the target farmers are part of existing farmers’ groups, have experience participating in similar groups and are interested in joining the proposed poultry-based groups.
2.1.3 Step 3: Identify potential leaders
The success and failure of farmers’ organizations depend partly on leadership style and management skills. Partners who facilitate the formation of the proposed farmer groups must ensure the presence of potential leaders among the target groups. Potential leaders can be identified using predefined criteria, including experience in group/community leadership, interest in leading the group, communication skills, education, technical skills and interest in poultry-based business. The potential leaders should include a mix of people from different age and gender groups.
2.1.4 Step 4: Talk to the local community leaders/administrators
Engaging local administrators and partners on the ground is vital to the sustainability of the proposed group formation. From the inception stage, local administrators should be involved through formal and informal meetings and discussion forums. The facilitating team can arrange a brief meeting and discuss the need to organize farmers, their alignment with the country’s policy, and their contribution to the development of the poultry sector. Facilitators should clarify the goal and scope of the proposed group formation, create awareness, and receive the necessary feedback and support from the community leaders and other stakeholders on the ground. Community leaders and farmer-organizing units should be part of the implementing partners.
2.1.5 Step 5: Establish the group
Once the goal and scope of the proposed group are defined, farmers are characterized, potential leaders are identified, and community leaders and partners are engaged, a community awareness meeting can be held to promote the idea and encourage targeted farmers to join the group. At this stage, interested farmers can be registered using appropriate formats. This meeting can clarify the needs and goals of group formation, nominate the identified leaders, obtain approvals and formally establish the groups. In this meeting, the need to develop a farmers’ group should be explained to participants, and farmers could ask questions to get clarification on important issues and share their expectations of participating in the group. The members can also elect potential member farmers who can work in different roles for the next few years.
2.1.6 Step 6: Develop the organizational structure
Facilitators and elected leaders can develop the organizational structure of the group. However, facilitators and group leaders may not start from scratch and can tailor and adopt similar organizational structures used in different farmer groups in their local or other areas. The organizational structure in the proposed farmer groups should reflect various relationships between the members of the groups, and facilitators and group leaders can choose from various options that maximize individual contributions while minimizing challenges (Bolman and Deal 2017). The organizational structure should show the types of committee members, the roles and responsibilities of different committee members, directions of information flow, and decision-making processes. As a starting point, the structure should be simple and easily amendable at any time and able to be developed with technical help from other local partners. However, according to Bolman and Deal (2017), the following questions can be considered while organizing the group’s structure (Box 1).
2.2 Stage II: Consolidation
Box 1: Questions that need to be asked when developing an organizational structure of   the group    Ø What is the mission/goal of the group?    Ø What actions are required to achieve the mission/goal?    Ø Who should do what?   Ø Who is in charge of each activity?   Ø How should we make decisions?   Ø How do we coordinate efforts?   Ø What do individual members care about most: time, quality, participation?   Ø What are the special skills and talents of each group member?   Ø How does this group relate to others?   Ø How will we determine success?  
2.2.1 Step 7: Build the capacity of the group
Building the capacity of group leaders and other members is important for establishing successful groups (Ashby et al. 2009). As indicated above, leadership plays a critical role in the success and sustainability of group formation. Among other things, facilitating teams and partners on the ground should focus on raising good leaders through capacity building. The capacity-building efforts should focus on multiple dimensions of group formation, such as productive, organizational, entrepreneurial and sociopolitical dimensions (Valleur 2017). This can be achieved through formal and informal training, experience sharing, coaching and advisory services, and financial and material support. Various trainings can be provided on identified issues that help fulfill the groups’ missions and goals. Nevertheless, capacity- building efforts should be planned and properly implemented with partners and stakeholders. For instance, capacity building in time management, such as long meetings, record keeping, leadership style, fairness and communication, will significantly contribute to the success of group formation (CRS and MEAS 2015). The role of capacity building at the initial stage of group formation is documented in some empirical studies (Ahado et al. 2021).
2.2.2 Step 8: Plan and implement activities
After establishing the farmers’ group and capacity building, based on the goals of the group formation, potential interventions that improve the production and marketing activities of the group members should be identified, planned and implemented. This may involve identifying and analyzing problems, identifying possible solutions, prioritizing issues and
solutions, checking the feasibility of solutions, and developing detailed action plans (CRS and MEAS 2015). Activities should be prioritized and ranked based on importance and available resources, considering the farmers’ existing situation and local conditions. For smallholder poultry producers, this may include linking the groups with input suppliers, service providers and marketing actors; identifying and promoting additional value chain activities such as establishing product aggregation and marketing centres; adding more people to the group; expanding production and marketing activities; and building the technical skills of farmers. The group leaders should adopt dynamic approaches in implementing the proposed activities.
2.3 Stage III: Regular activities
2.3.1 Step 9: Monitoring and evaluation
Monitoring and evaluation should be integral to the group formation process and the entire management system. The monitoring component refers to keeping regular records of group activities, verifying that planned actions are taken according to the plan and adjusting ongoing activities to align with the group’s goals. On the other hand, evaluation may refer to looking back to confirm whether the proposed objectives have been met and identifying strategies to improve future activities to meet the group’s mission (CRS and MEAS 2015). Monitoring and evaluation activities can follow a participatory approach and are conducted jointly by group leaders, facilitators, local partners and other stakeholders. This would be led by the facilitating institution supported by other stockholders supporting this activity. One of the main responsibilities of facilitators would be establishing the monitoring evaluation system as part of supporting the proposed group and documenting lessons learned for scaling in different areas.
3. Linking organized groups with inputs and output markets
3.1. Market linkages and smallholder farmers
In most developing countries, the smallholder poultry value chain is characterized by low production and productivity with limited competitive advantage with emerging commercial sectors in urban and peri-urban areas. Access to inputs and output markets is the main constraint identified by almost all empirical studies on technology adoption and productivity (Adesina et al. 2014). Findings from such studies suggest linking smallholder farmers with input suppliers and central markets as essential interventions to enhance production and productivity and transform the sector from subsistence-based production to commercial production (Ebata and Hernandez 2017; Birhanu et al. 2022). Farmers’ participation in market-oriented production enhances household income, nutrition, job opportunities and other livelihood activities. Therefore, linking farmers with value chain actors using various strategies is one of the best approaches to enhance smallholders’ access to input and output markets. Linking farmers with inputs and output markets is not establishing an ad-hoc sale but developing long-term and formal business relationships among various value chain actors (Shepherd 2007). However, as indicated above, farmers must first be organized to establish effective linkages, as organized groups can be easily linked with various value chain actors.
Farmers’ linkage arrangements may consist of service provision (such as the delivery of improved breeds, vaccines, drugs, feeds, other assets such as feeders and drinkers, and providing training and advisory services); investing in value chain activities; formal and
informal contractual agreements; purchasing arrangements for outputs; full vertical cooperation with other value chain actors; asset sharing; contract farming; and other informal linkages and ad hoc arrangements (Dannson et al. 2004; Ferris et al. 2014b). For sustained adoption of technologies and improved livelihood outcomes, farmers can be primarily linked with input suppliers, such as improved breeds, feed and vaccine and treatment drug suppliers, and output markets with traders and institutional buyers, such as school feeding programs, universities and hospitals. To begin with, facilitators may focus on linking organized farmer groups with local input suppliers using various approaches. This process should involve local partners and stakeholders in government offices and non- government organizations working on input and output market linkages.
Strategies for creating market linkages can be broadly categorized into input and output market linkages (Figure 2). Although both adopt similar approaches, examining them separately helps to understand some of the specific issues among input and output marketing actors. Inputs market linkages involve exploring farmers’ needs and requirements; identifying potential inputs and service suppliers and initiating linkages; enhancing farmers’ awareness and understanding; organizing a joint discussion forum and determining the linkage type; developing an action plan; and facilitating implementation and evaluation. Linking with output markets involves establishing product collection/aggregation centers; identifying potential buyers/markets; organizing a discussion forum between producers and buyers; specifying contracts and developing risk management strategies; developing an action plan; and facilitating implementation and evaluation.
Figure 2: Approaches for linking organized groups with inputs and output markets
Market Linkages  Input market  Output market  Explore farmers’ demand  Iden-fy poten-al buyer/market  t  n  e  Iden-fy poten-al input/service suppliers  m  e  g  a  g  Establish product aggrega-on center  n  e     Enhance farmers awareness  d  n  a     p  i  Discuss and agreed products and  delivery  h  Determine type of linkages  s  r  e  n  Specify contract and develop risk  t  r  a  management plan  P  Planning, implementa-on and  evalua-on  Planning, implementa-on and  evalua-on 
3.2 Strategies for creating linkages with input suppliers
Establishing successful and long-term inputs market linkage requires well-thought-out and carefully planned activities based on the context of each location. The linkage created should be based on win-win principles, where smallholder producers, input and service providers, and marketing actors benefit mutually. Establishing sustained inputs market linkages involves the following activities.
3.2.1 Explore farmers’ needs and requirements
Working with individual farmers involves higher transaction costs for companies or firms, and organizing them in groups should be an important step, as indicated above. To establish successful linkage, it is important to understand farmers’ production objectives, gender and age compositions, production and marketing practices, available resources for scaling existing production activity, production environment, and their current and potential capacity for market-originated production.
The smallholder farmers’ demand for inputs and the service requirement usually depend on their production objectives, the adopted technologies, the technical and financial capacity, and other socioeconomic factors. The production practice they adopt (intensive vs extensive production) also determines their input type. Moreover, farmers in each area may not always need all the recommended commercial inputs, as they can also use locally available sources or a mix of locally available and commercial inputs.
Despite the dynamic nature, it is essential to understand the type, quality and volume of inputs and services required by farmers in each period. Although this needs continuous assessment, it can generally be achieved using a mix of approaches, including formal assessments such as checklists of inputs and services required by farmers and their willingness and ability to pay for the inputs.
3.2.2 Identify potential inputs and service providers and initiate linkages
Due to asymmetric information and inadequate capacity and skills, smallholder farmers have limited ability to identify appropriate input suppliers and service providers. Since most of them live in rural areas with minimal access to roads, information and other infrastructures, they have limited capacity to access most value chain actors. Therefore, facilitators must first identify potential input suppliers (i.e., individuals, companies, etc.) relevant to smallholder farmers and begin a discussion with them to initiate the linkages. This may primarily involve identifying the inputs farmers require for production and marketing activities and the capacity and willingness of suppliers to work with smallholder farmers in each target location. This could be done through a rapid assessment, including reviewing the company’s expertise and activities, collecting customer information, key informant interviews, and reviewing documents. Working with existing commercial companies would be the best strategy for the poultry sector. Facilitators can approach commercial poultry companies or agents that can supply key inputs such as improved breeds in the area and major feed, vaccine and drug suppliers.
3.2.3 Enhance farmers’ awareness and understanding
Using the information generated from Steps 1 and 2, facilitators can quickly match farmers’ demand for products and services and the capacity and readiness of companies/individuals to supply the smallholder farmers. This may help to confirm whether the identified potential actors are appropriate for creating successful linkages. Once potential companies/individuals are identified, and farmers’ capacity and needs are determined, a discussion forum can be organized wit"
12186,"Integrated nutrition education package to smallholder chicken keepers for increased consumption of animal source food (ASF) and improved nutritional status in Ethiopia, Kenya and Tanzania","The integrated nutrition education package is a nutrition-sensitive intervention that aims to enhance the consumption of chicken meat, eggs and other nutrient-dense foods and improve the nutritional status of smallholder farmers, most notably under-five children, lactating mothers and pregnant women. This activity will be embedded in the existing on-farm chicken performance testing program and it will be provided to smallholder farmers using digital and paper-based nutrition education tools. The package will have different contents suitable for smallholder farmers. Baseline and end-line data will be collected to explore the impact of the interventions.","The following text section comes from a specific evidence file named URL https://hdl.handle.net/10568/159420: ""Training report on integrated nutrition education in Ethiopia and Kenya Skip to main content Communities & Collections Browse Navigate CGIAR Centers Statistics English Catal e tina Deutsch Espa ol Suomi Fran ais G idhlig Magyar Italiano Latvie u Nederlands Polski Portugu s Portugu s do Brasil Srpski (lat) Svenska T rk e Y Ti ng Vi t Log In Note: CGIAR users should log in with their Active Directory username and password. For example, if your email is j.smith@cgiar.org, you would use jsmith here. Log in New user? Click here to register. Have you forgotten your password? Home CGIAR 2030 Portfolio CGIAR 2030 research initiatives and impact platforms (2022 2024) CGIAR Initiative on Sustainable Animal Productivity Training report on integrated nutrition education in Ethiopia and Kenya Training report on integrated nutrition education in Ethiopia and Kenya Loading... Files Report (6.23 MB, pdf) Authors Geremew, Kumlachew Soi, M.C. Ouko, O. Talore, D.G. Yemane, Tsion Esatu, Wondmeneh Ochieng, L. Yitayih, Mulugeta Dessie, Tadelle Date Issued 2024-11-08 Date Online Language en Type Report Review Status Internal Review Access Rights Open Access Usage Rights Metadata Full item page Share Citation Geremew, K., Soi, M.C., Ouko, O., Talore, D.G., Yemane, T., Esatu, W., Ochieng, L., Yitayih, M. and Dessie, T. 2024. Training report on integrated nutrition education in Ethiopia and Kenya. Report. Nairobi, Kenya: ILRI. Permanent link to cite or share this item https://hdl.handle.net/10568/159420 External link to download this item DOI Abstract/Description Author ORCID identifiers Tadelle Dessie https://orcid.org/0000-0002-1630-0417 Wondmeneh Esatu https://orcid.org/0000-0001-7279-8240 Mulugeta Yitayih Birhanu https://orcid.org/0000-0002-3146-8015 AGROVOC Keywords chickens ; genetics ; households ; nutrition ; poultry Subjects CHICKENS ; GENETICS ; NUTRITION ; POULTRY Countries Ethiopia ; Kenya Regions Africa ; Eastern Africa Organizations Affiliated to the Authors International Livestock Research Institute ; Kenya Agricultural and Livestock Research Organization ; Central Ethiopia Agricultural Research Institute Investors/sponsors CGIAR Trust Fund CGIAR Action Areas Resilient Agrifood Systems CGIAR Impact Areas Poverty reduction, livelihoods and jobs CGIAR Initiatives Sustainable Animal Productivity Collections CGIAR Initiative on Sustainable Animal Productivity ILRI livestock genetics program outputs DSpace software copyright 2002-2025 LYRASIS About Cookie settings Privacy policy Send Feedback"".

The following text section comes from a specific evidence file named URL https://cgspace.cgiar.org/bitstreams/b0477407-73b2-4e65-af99-086a955aa07a/download: ""4 INITIATIVE ON wih, Sustainable Animal Sie Productivity CGIAR
Training report on integrated nutrition education in Ethiopia and Kenya
Kumlachew Geremew1, Mercy C. Soi2, Ochieng Ouko2, Deribe Gemiyo Talore3, Tsion Yemane1, Wondmeneh Esatu1, Laurence Ochieng2, Mulugeta Yitayih1 and Tadelle Dessie1
1 International Livestock Research Institute (ILRI) 2 Kenya Agricultural and Livestock Research Organization (KALRO) 3 Central Ethiopia Agricultural Research Institute (CEARI)

November 2024
, ILRI SL CGIAR
+2 “Alliance \
Ws ICARDA Science for resilient livelihoods in dry areas
© 2024
This publication is copyrighted by the International Livestock Research Institute (ILRI). It is licensed for use under the Creative Commons Attribution 4.0 International License. To view this license, visit https://creativecommons.org/licenses/by/4.0. Unless otherwise noted, you are free to share (copy and redistribute the material in any medium or format), adapt (remix, transform, and build upon the material) for any purpose, even commercially, under the following condition:
@®
ATTRIBUTION. The work must be attributed but not in any way that suggests endorsement by ILRI or the author(s).
NOTICE:
For any reuse or distribution, the license terms of this work must be made clear to others.
Any of the above conditions can be waived if permission is obtained from the copyright holder. Nothing in this license impairs or restricts the author’s moral rights.
Fair dealing and other rights are in no way affected by the above.
The parts used must not misrepresent the meaning of the publication.
ILRI would appreciate being sent a copy of any materials in which text, photos, etc. have been used.
Editing, design, and layout—ILRI Editorial and Publishing Services, Addis Ababa, Ethiopia.
Photo credit: Derbie Gemiyo /Central Ethiopia and Mercy C (KALRO).
Citation: Geremew, K., Soi, M.C., Ouko, O., Talore, D.G., Yemane, T., Esatu, W., Ochieng, L., Yitayih, M. and Dessie, T. 2024. Training report on integrated nutrition education in Ethiopia and Kenya. Nairobi, Kenya: International Livestock Research Institute.
About SAPLING
CGIAR’s Sustainable Animal Productivity for Livelihoods, Nutrition and Gender Inclusion (SAPLING) is working in seven countries focusing on livestock value chains to package and scale out tried-and-tested, as well as new, innovations in livestock health, genetics, feed, and market systems. SAPLING aims to demonstrate that improvements in livestock productivity can offer a triple win: generating improved livelihoods and nutritional outcomes, contributing to women’s empowerment, and reducing impacts on climate and the environment. Its seven focus countries are Ethiopia, Kenya, Mali, Nepal, Tanzania, Uganda and Vietnam.
Acknowledgements
This work was conducted as part of the CGIAR Initiative on Sustainable Animal Productivity. CGIAR research is supported by contributions to the CGIAR Trust Fund. CGIAR is a global research partnership for a food-secure future dedicated to transforming food, land, and water systems in a climate crisis.
1
Background to training
The Tropical Poultry Genetics Solutions (TPGS) program, led by the International Livestock Research Institute (ILRI), aims to enhance the consumption of chicken products through its nutrition-sensitive interventions in various countries, including Ethiopia and Kenya. The intervention focuses on promoting the consumption of chicken meat and eggs, primarily leveraging participating households in on-farm chicken testing as a foundational entry point. This intervention specifically targets children under five years of age, pregnant women, breastfeeding mothers, and women of reproductive age. Women are disproportionately affected by nutritional deficiencies due to factors such as reproductive biology, low social status, poverty, and lack of education. Undernutrition diminishes women’s resilience and makes them more vulnerable during childbirth, increasing their susceptibility to infections and reducing their reserves for recovery from illnesses. Over the past 10 months, integrated nutrition education has been delivered to these target groups through digital and paper-based tools, featuring monthly interactive sessions, including demonstrations and cooking activities. Nutrition education has been provided to both TPGS on-farm chicken performance testing participant households and other non-participant farmers within the project villages in the two countries. This activity is linked to the CGIAR Sustainable Animal Productivity for Livelihoods, Nutrition and Gender Inclusion (SAPLING) Work Package 2— Innovations and practices for safe livestock-derived foods consumption as part of diverse diets.
Location and modality
The training was provided face-to-face and held in Kenya and Ethiopia.
Dates
This training was held from March–October 2024.
Who conducted the training?
The National Agricultural Research System of Ethiopia and Kenya, most notably the Central Ethiopia Agricultural Research Institute (CEARI) and the Kenya Agricultural and Livestock Research Organization (KALRO) provided this training.
Objectives of the training
The main objectives of the training were:
Addressing Malnutrition
• To identify and address major malnutrition challenges faced by target communities, particularly among vulnerable groups such as pregnant women and children under two years.
Promote Animal Source Foods Consumption
• To promote the importance of consuming animal-source foods, especially chicken products (meat and eggs), rich in essential nutrients vital for growth, development, and overall health. This may include encouraging families to incorporate chicken and eggs into their daily diets to enhance dietary diversity and nutritional intake.
Enhancing Nutritional Awareness
• To assess and enhance current knowledge regarding the benefits of animal-source foods among community members. Identify knowledge gaps and inform the development of effective educational programs aimed at changing dietary behaviours. The initiative also seeks to foster
2
healthier eating habits by emphasizing the value of including chicken and eggs in meals, encouraging families to make informed dietary choices.
Community Engagement
• To encourage both participant and non-participant households to improve chicken production and consumption practices, ensuring that the intervention scaled out a diverse segment of the community. This objective includes evaluating the effectiveness of community engagement strategies to promote inclusivity. Furthermore, the initiative aims to establish a feedback mechanism to gather insights from participants about their dietary practices and attitudes toward animal-source foods, allowing for continuous improvement of educational programs.
Promote the utilization of technology
To leverage digital tools, such as a nutrition literacy application, to enhance learning about the benefits of animal-source foods and assess their uptake among farmers. This objective includes evaluating the effectiveness of technology in promoting better nutrition and reaching a wider audience to facilitate ongoing education regarding the importance of chicken products.
Training agenda
The training agenda includes a comprehensive overview of essential nutritional topics, focusing on five key sessions: “Why Nutrition Matters,” “Family Nutrition,” “Maternal Nutrition,” “Child Nutrition,” and “Hygiene and Sanitation.” Each session included thematic areas that emphasized the importance of nutrition at various life stages. Participants explored the significance of food groups, dietary diversification, and the crucial roles of chicken, eggs, and meat in promoting health and growth. Emphasis was placed on maternal nutritional needs during pregnancy and lactation, as well as optimal feeding practices for children from birth to 24 months. Additionally, the agenda highlighted safe food handling practices and the importance of hygiene in ensuring proper nutrition, ultimately aiming to enhance overall health and well-being within families.
Training participants
A total of 301 households participated in the nutrition education, with 230 from TPGS on-farm chicken performance testing participant households and 70 from non-participant households. In Ethiopia, 44 participants—36 from on-farm chicken performance testing participants and 8 from non-participant households—indicated interest from non-participant households. In Kenya, however, 257 individuals, including 194 from TPGS on-farm chicken performance testing participants and 63 from non-participant households, are shown in Table 1 below.
Table 1: Number of TPGS and non-TPGS trainees by country
Cities Number TPGS Non-TPGS Total Ethiopia 36 8 44 Kenya 194 63 257 Total 230 70 301
Comments or next steps
Following the completion of these training sessions, participants are expected to experience a positive behavioral change in their dietary consumption, leading to improved nutritional status. To support the ongoing impact of the training, we will graduate a select group of farmers as champions who will serve
3
as leaders in their communities, promoting sustainable practices and encouraging others to adopt healthier nutritional habits. These champions will play a vital role in ensuring the sustainability of project activities fostering a culture of improved nutrition within their households and among fellow farmers. Additionally, end-line data will be collected to assess the impact on nutritional status and consumption patterns, providing valuable insights into the effectiveness of the training and guiding future initiatives. This comprehensive approach aims to enhance individual health outcomes and build a resilient community committed to ongoing nutritional education and support.
Photos
Wt WN \\ NN Vs oe 5
Peer to peer nutrition education, Bomet county, Kenya.

Home to home nutrition education using the TPGS Mobil APP .
4

Nutrition education attendants, Central Ethiopia region.
Photo credits: Derbie Gemiyo /Central Ethiopia and Mercy C (KALRO).
5
Annex 1: Sessions from the training document
SESSION 1 THEME #1: WHY NUTRITION WHY GOOD MATTERS NUTRITION bigea A poorly nourished pregnant woman is Awell-nourished pregnant woman will give birth fo a likely to give birth to an underweight healthy baby who grows up a healthy adolescent and is baby who grows up as a weaker likely to give birth to a healthy baby in the future. adolescent and will likely give birth
SESSION 2 FAMILY meme Teme #5: Essential micronutrient: Vitamin A-rich foods OBJECTIVES KEY MESSAGES Enhance an understanding on the * Vitamin A is important for child survival. sources and benefits of Vitamin A for * Children under the age of 6 months gets their Vitamin A from Breast Milk{ colostrum), breastfeed exclusively for the first six months. * Itis important to ensure that complementary foods includes foods rich in Vitamin A, like orange-fleshed sweet potatoes, carrot, pumpkins, and other orange fleshed fruits. growth of the children under 2 years. DISCUSSION QUESTIONS * Children ages 6 to 5? months receives Vitamin A supplementation every after 6 months. * Foods that are rich in Vitamin A are such as orange fleshed sweet potato, carrots, pa-paya, pumpkins, mangoes, and greenleafy vegetables. Others include liver, eggs, milk, fish, fish oil and industrial cooking fats/oils fortified with Vitamin A Follow up to ensure children aged 6-59 month receive Vitamin A supplementation after every six months for good health. What do you see in this picture? Which groups are targeted for Vitamin A Supplementation? What type of foods are rich in Vitamin A? FACILITATION REQUIREMENTS Time required: 45 minutes discussions and 30 minutes cookery. Teaching and Learning Resources: Counselling cards with the five food groups, food cards and food peel el ais group poster on vitamin A rich food Add little oil/fat in the food. Facilitation methods: as if helps with vitamin A absorption * Question and Answer, discussion on vitamin A rich foods. * Nutrition game: using a nutrition game cards, ask participants to pick the food cards that have images of vitamin A rich foods. Ask participants to separate the vitamin A rich foods that are found in their homes and the vitamin A rich foods that can be found on the market. Ask them to cost the food they have picked as found on the market In the next session: * A cookery session on iron rich food * Request farmers, if they can, to bring actual food items that will be used in the next session to demonstrate iron rich foods. Foods like red meat, fish, poultry, offal, millet, beans and green leafy vegetables.
6
SESSION 3 MATERNAL Meee Teme #7: Matemal nutrition during pregnancy and lactation OBJECTIVES Demonstrate basic nutrition requirements for pregnant women and lactating mothers DISCUSSION QUESTIONS What do you see in the picture? What kinds of food should you eat when you are pregnant? What should you avoid doing when you are pregnant? KEY MESSAGES * Wash your hancs before handling food. Wash vegetables and fruits before eaiing them. * Eat one extra meal or snack each day in addition to three meals to provide energy and nutrition for you and the growing baby * Eat a diversified diet to ensure variety in the food choices using locally available foods. Choose foods from atleast 5 food groups at every meal. * Eat foods rich in Vitamin A and iron such as beans. meat. fish. eggs. tomatoes, pumpkin, and green leafy vegetables. Iron rich foods help in prevention of anaemia; Vitamin A rich foods boosts your immunity * Take small frequent meals and plenty of fluids and treated water * Poor maternal nutrition can increase the likelihood that your baby is born preterm, too small, or with cognitive and body defects. ¢ Avoid taking tea or coffee with meals as it inhibits iron absorption andit can interfere with the body’s use of the foods Use iodized salt only. lodine helps your baby’s brain and body grow well. * Engage in light household duties. Exercise keeps your body strong and healthy. Ask husband to help you with household's chores.
7"".

The following text section comes from a specific evidence file named URL https://hdl.handle.net/10568/159370: ""Improving nutrition outcomes through optimizing agricultural investment: Household training manual Skip to main content Communities & Collections Browse Navigate CGIAR Centers Statistics English Catal e tina Deutsch Espa ol Suomi Fran ais G idhlig Magyar Italiano Latvie u Nederlands Polski Portugu s Portugu s do Brasil Srpski (lat) Svenska T rk e Y Ti ng Vi t Log In Note: CGIAR users should log in with their Active Directory username and password. For example, if your email is j.smith@cgiar.org, you would use jsmith here. Log in New user? Click here to register. Have you forgotten your password? Home CGIAR research centers International Livestock Research Institute (ILRI) ILRI Research Themes ILRI Livestock Genetics, Nutrition and Feed Resources theme ILRI livestock genetics program (2017-2024) ILRI livestock genetics program outputs Improving nutrition outcomes through optimizing agricultural investment: Household training manual Improving nutrition outcomes through optimizing agricultural investment: Household training manual Loading... Files Training Material (9.09 MB, pdf) Authors Geremew, Kumlachew Date Issued 2024 Date Online Language en Type Training Material Review Status Internal Review Access Rights Open Access Usage Rights Other Metadata Full item page Share Citation Geremew, K. 2024. Improving nutrition outcomes through optimizing agricultural investment: Household Training Manual. Nairobi, Kenya: ILRI. Permanent link to cite or share this item https://hdl.handle.net/10568/159370 External link to download this item DOI Abstract/Description AGROVOC Keywords foods ; health ; agriculture ; nutrition ; investment Subjects AGRICULTURE ; HUMAN HEALTH ; NUTRITION Organizations Affiliated to the Authors International Livestock Research Institute Collections ILRI livestock genetics program outputs DSpace software copyright 2002-2025 LYRASIS About Cookie settings Privacy policy Send Feedback"".

The following text section comes from a specific evidence file named URL https://cgspace.cgiar.org/bitstreams/9985945c-d236-41c4-bd1f-208258d73df9/download: ""

Tropical Poultry Genetics Solution Nutrition-Sensitive Intervention
IMPROVING NUTRITION OUTCOMES THROUGH OPTIMIZING AGRICULTURAL INVESTMENT Household Training Manual


2024
Prepared by:   Kumlachew Geremew   

CONTENTS
CONTENTS
SESSION 1: WHY NUTRITION MATTERS 00 SESSION 4: CHILD NUTRITION FROM 0 - 23 MONTHS Theme #1: Why good nutrition? 00 Theme #9: Feeding from birth to 6 months Theme #2: Causes of malnutrition 00 Theme #10: Initiation of complementary feeding at 6 months Theme #11: Complementary feeding at 7-8 months SESSION 2 : FAMILY NUTRITION 00 Theme #12: Complementary feeding at 9-11 months Theme #3: Food groups 00 Theme #13: Complementary feeding at 12-23 months Theme #4: Dietary diversification 00 Theme #14: Feeding during and after illness Theme #5: Essential food-based micronutrients: Vitamin A-rich foods 00 Theme #15: Child nutrition services needed Theme #6: Essential food-based micronutrients: 00 00 00 00 00 00 00 00 00
iron, folic acid, and iodine
SESSION 3: MATERNAL NUTRITION
Theme #7
Maternal nutrition during pregnancy & lactation
Theme #8:
Maternal nutrition services needed

00
00
Drinking water treatment and storage Theme #17: Hand washing at critical moments Theme #18: How to make a tippy tap Theme #19: Keeping children away from faeces Theme #20: Protecting child’s play area (use of mat) Theme #21: Protecting child’s play area breaking 00 00 00 00 00
(the fecal pathways)
SESSION I WHY NUTRITION MATTERS
Theme #1:

Why good nutrition?
Theme #2:
Causes of malnutrition
1
SESSION 1 SESSION 1 WHY NUTRITION WHY NUTRITION MATTERS MATTERS
Theme #1: Why good nutrition
     
      What do you see in the picture?      What are the benefits of good nutrition?  
HOW TO FACILITATE THIS SESSION
Before the session begins:
• Welcome all the participants and exchange greetings.
• Introduce yourself.
• Ask participants to introduce themselves.
• Explain why you are meeting them and how long the session will take.
         work and stay healthy.   A poorly nourished pregnant woman is likely to give birth to an underweight   child who will have a poor start in life and likely to have an underweight child   herself.  
Children under the age of two have particular needs because their bodies   are growing and changing quickly, even before birth. Health and nutrition are   health can affect nutritional status      Adequate  diet  – eating enough of the right foods      Appropriate  caring  practices  – good  care, rest, hygiene, and  a stimulating  and   loving environment for young children  
FACILITATION REQUIREMENTS
Timerequired: 45 minutes.
Teaching and Learning Resources:
Counseling cards with poorly nourished family members, malnourished children, and vicious circle of malnutrition for farmers, plates of a poor meal and a balanced meal, food group poster
FACILITATION METHODS
Question and Answer, discussion, group work-
FOR THE NEXT SESSION
• A cookery session on an example of a nutritious diverse meal.
• Request farmers to bring food items that will be used in the next session to demonstrate how a nutritious meal should be like
REMEMBER   The family need a balanced meal everyday  
REMEMBER
The family need a balanced meal everyday



2
     
     
Ka

A poorly nourished pregnant woman is likely to give birth to an underweight baby who grows up as a weaker adolescent and will likely give birth to an underweight baby.
3


A well-nourished pregnant woman will give birth to a healthy baby who grows up a healthy adolescent and is likely to give birth to a healthy baby in the future.
SESSION 1 SESSION 1 WHY NUTRITION WHY NUTRITION MATTERS MATTERS
Theme #2: Causes of malnutrition.

OBJECTIVES Know about malnutrition and its causes.
KEY MESSAGES
The causes of malnutrition are diverse, interlinked, and complex:
• Immediate causes
(Inadequate diet - quantity and quality, diseases)
• Underlying causes
DISCUSSION QUESTIONS
Show the image and ask:
(Food security, inadequate mother and childcare, inadequate healthcare, and unhealthy environment)
• What do you see in the picture?
• What does this picture tell us?
• What are the causes of malnutrition?
KEY MESSAGE TO REMEMBER:
A person who does not eat a varied diet may lack certain vitamins and minerals (micronutrients). This can affect health at all stages of life and prevent adequate growth and development in children. The most common micronutrient deficiencies are iron, vitamin A, and iodine, a lack of which affects health and growth. A varied diet or special supplements can ensure people get the necessary micronutrients.
A well-nourished family has the ability to produce more food and live a healthier life.
HOW TO FACILITATE THIS SESSION
Before the session begins:
• Welcome all the participants and exchange greetings.
• Explain why you are meeting them and how long the session will take.
REMEMBER     
REMEMBER
• Explain that there will be a cookery session after the lesson.
FACILITATION REQUIREMENTS
Time required: 45 minutes, cookery session 30 minutes. Teaching and Learning Resources: Counselling cards, pictures of a balanced meal plate, meal planning food cards.
FACILITATION METHODS
• Question and Answer, discussion, group work
FOR THE NEXT SESSION
• A cookery session on classification of foods.
• Request farmers to bring actual food items used in the next session to demonstrate how different foods from different groups make up a diverse diet. The farmers should bring the food they planned and budgeted for in this lesson.
4
        
=~ a
  



SESSION 1 WHY NUTRITION MATTERS
THEME #2: CAUSES OF MALNUTRITION
        


5
Y         brown husks  


SESSION 1 WHY NUTRITION MATTERS
THEME #2: CAUSES OF MALNUTRITION


6

SESSION 2
Theme #3
Food groups
Theme #4
Theme #4
Dietary diversification
Theme #5
Theme #5
Essential food-based micronutrients:
Vitamin A-rich foods
Theme #6
Theme #6
Essential food-based micronutrients: iron, folic acid, and iodine
7
SESSION 2 SESSION 1 FAMILY MATTERS NUTRITION
WHY NUTRITION
Theme #3: Food groups
     
   What do you see in the picture ?   What does this picture tell us?   What kind of locally available foods are in the   food groups?  
HOW TO FACILITATE THIS SESSION
Before the session begins:
• Welcome all the participants and exchange greetings.
• Collect all the food items brought and put them in a safe place.
• Explain why you are meeting them and how long will the session take.
Explain that there will be a cookery session after the lesson.
FACILITATION REQUIREMENTS
Time required: 45 minutes, cookery session 30 minutes.
Teaching and Learning Resources:
   To have a healthy and balanced diet means eating a variety of foods that supply   food.   The food we eat is grouped into 5.   Food  Group   Examples   Nutrients  
Food Group Examples Nutrients Grains/Cereal, banana Rice, maize, millet, etc. carbohydrates roots Meat and meat products, Protein Chicken, eggs, sardines, meat from different animals etc. milk poultry, pulses/nuts and fish Fruits Vitamins and Guava, Pawpaw, passion mineral Amaranthus, sweet potato Vitamins and Vegetables mineral fats avocado, animal fat, cooking Oils and fats oil, margarine, groundnuts, coconut Clean and safe water
Grains/Cereal, banana   Rice, maize, millet, etc.   carbohydrates   roots   Meat and meat products,   Protein   Chicken, eggs, sardines, meat   from different animals etc.   milk  poultry,  pulses/nuts   and fish         Fruits   Vitamins and   Guava, Pawpaw, passion                     mineral              
      Amaranthus,  sweet potato   Vitamins and   Vegetables                     mineral                     fats   avocado, animal fat, cooking      Oils and fats                  oil, margarine, groundnuts,                     coconut                           Clean and safe water                          
Counselling cards with the five food groups.
Facilitation methods:
Vegetables
Vegetables
Grains/Cereals, banana,
roots and tubers
• Question and Answer, discussion, group work
• Role play: Using food cards for meal planning, ask participants to go into groups and pick out the food cards to create food groups. Ask them to budget for the food items they picked and to plan a nutritious meal using the food cards. You can assign a particular meal for each group, like breakfast, lunch, or supper.
REMEMBER   No one food provides all the right nutrients .     
Oils and fat
Fruits

Meat
meat products, poultry,
Meat and meat products, poultry,
SESSION 2   FAMILY   NUTRITION      THEME #3   FOOD   GROUPS  
SESSION 2 FAMILY NUTRITION
THEME #3 FOOD GROUPS
Vegetables   roots and tubers   Fruits  
Grains/Cereals,banana,
Oils and fat
Meat and meat products, poultry, milk, pulses/nuts, fish
  
SESSION 1 SESSION 2 FAMILY MATTERS NUTRITION
WHY NUTRITION
Theme #4: Dietary diversification

OBJECTIVES
Enhance an understanding of the benefits of dietary diversification.
KEY MESSAGES
• To have a healthy and balanced diet means eating various foods that supply nutrients important for the body. It does not mean eating expensive food.
• The nutrients a person’s body needs to function, grow and stay healthy can be found in many locally available foods.

DISCUSSION QUESTIONS
What do you see in the picture ? What does this picture tells us? How can we ensure diversified diets in our households?
• Pick every day from at least 4 locally available food groups:
• Staple foods (starches); vegetables and fruits (different types – leaves, fruits and tubers – and colors – green, red, yellow/orange); meat/animal products and legumes/nuts (proteins); fats etc.
• Use simple and careful cooking methods to ensure maximum nutrients are obtained from foods
FACILITATION REQUIREMENTS
Timerequired: 45 minutes
• For instance the best way of cooking vegetables is by steaming them with a little water instead of boiling them. Leaves from vegetables such as spinach can be steamed for about five minutes in a sieve over rapidly boiling water.
Teaching and Learning Resources:
Counselling cards with the five food groups, food cards
Facilitation methods:
• To have a healthy and balanced diet means eating a variety of foods that supply nutrients that are important for the body. It does not mean eating expensive food.
• Question and Answer, discussion,
• Nutrition game: how to play the nutrition game-using the food cards, ask participants to go in groups of three people. Give them the cards and in the groups, ask them to pick 5 cards which represent each food group. The participants who can be the first to pick and identify all the 5 foods that are from each food group wins the game. Make sure the participants declares that he or she found all the food groups and explains each food card picked and what group it is from
• The nutrients a person’s body needs to function, grow and stay healthy can be found in many locally available foods.
• Pick every day from at least 4 food groups that are locally available: Staple foods (starches); vegetables and fruits (different types – leaves, fruits and tubers – and colors – green, red, yellow/orange); meat/animal products and legumes/nuts (proteins); fats etc.
IN THE NEXT SESSION:
• A cookery session on Vitamin A rich foods
• Request farmers to bring actual food items that will be used in the next session to demonstrate Vitamin A rich foods.
REMEMBER   To have a healthy diet does not mean eating   expensive food. Use locally available food stuff  
10

  
  

11
SESSION 2 SESSION 1 FAMILY MATTERS NUTRITION
WHY NUTRITION
Theme #5: Essential micronutrient: Vitamin A-rich foods


OBJECTIVES
Enhance an understanding on the sources and benefits of Vitamin A for growth of the children under 2 years.
DISCUSSION QUESTIONS
What do you see in this picture? Which groups are targeted for Vitamin A Supplementation? What type of foods are rich in Vitamin A?
KEY MESSAGES
• Vitamin A is important for child survival.
• Children under the age of 6 months gets their Vitamin A from Breast Milk( colostrum), breastfeed exclusively for the first six months.
• It is important to ensure that complementary foods includes foods rich in Vitamin A, like orange-fleshed sweet potatoes, carrot, pumpkins, and other orange fleshed fruits.
• Children ages 6 to 59 months receives Vitamin A supplementation every after 6 months.
• Foods that are rich in Vitamin A are such as orange fleshed sweet potato, carrots, pa-paya, pumpkins, mangoes, andgreen leafyvegetables. Others include liver, eggs, milk, fish, fish oil and industrial cooking fats/oils fortified with Vitamin A Follow up to ensure children aged 6-59 month receive Vitamin A supplementation after every six months for good health.
FACILITATION REQUIREMENTS
Time required: 45 minutes discussions and 30 minutes cookery.
Teaching and Learning Resources:
Counselling cards with the five food groups, food cards and food group poster on vitamin A rich food
Facilitation methods:
• Question and Answer, discussion on vitamin A rich foods.
• Nutrition game: using a nutrition game cards, ask participants to pick the food cards that have images of vitamin A rich foods. Ask participants to separate the vitamin A rich foods that are found in their homes and the vitamin A rich foods that can be found on the market. Ask them to cost the food they have picked as found on the market
In the next session:
• A cookery session on iron rich food
• Request farmers, if they can, to bring actual food items that will be used in the next session to demonstrate iron rich foods. Foods like red meat, fish, poultry, offal, millet, beans and green leafy vegetables.
REMEMBER   Add little oil/fat in the food.     
12
SESSION 2 FAMILY NUTRITION
THEME #5: ESSENTIAL MICRONUTRIENT: VITAMIN A RICH FOODS

13
SESSION 1
SESSION 2 FAMILY MATTERS NUTRITION
WHY NUTRITION
Theme #6: Essential micronutrient - food rich in iron
     
   What do you see in this picture?   Which groups are targeted for iron and folic acid   supplementation?   more important to pregnant mothers?  
      groundnuts, and green leafy vegetables.   needed to facilitate absorption of iron in the body.  
Limit the amount of tea/coffee/ coke as it can interfere with the absorption   of nutrients.   reacted by physicians.     
REMEMBER   Tea should not be provided with   meal as it inhibits iron   absorption.  
14
              
Benefits of combined Iron and Folic Acid Supplement
• Fewer tablets are consumed compared to the separate iron and folic acid
• It improves compliance compared to the separate tablets
• In some cases, the tablets are sugar-coated and, therefore, taste better
Benefits of iron
• Reducing anaemia,
• Reduces risks of low birth weight,
• Sustains strength during pregnancy and
• Ensures enough blood is stored in the body during and after delivery Benefits of Folic acid
• Folic acid is beneficial in the period before getting pregnant and within 28 days after conception
• If taken before conception, it helps to reduce the incidence of neural tube defects
• It helps in the absorption of iron
15
Sources of Iron and Folic Acid
Good sources Iron Red meat, liver, fish, poultry Folate Liver, green leafy vegetables, fish, legumes, avocado, sunflower seeds, egg yolk. Moderate sources Legumes, peanuts, cereals, dried fruits, dark green leafy vegetables, plantains. Groundnuts, corn, green peas, pineapples, banana, sweet melon.
oranges, grapefruit,
SESSION 3 MATERNAL NUTRITION
Theme #7
Theme #7
Maternal nutrition during pregnancy & lactation
Theme #8
Theme #8
Maternal nutrition services needed
16
SESSION 3 SESSION 1 MATERNAL MATTERS NUTRITION
WHY NUTRITION
Theme #7: Maternal nutrition during pregnancy and lactation
     
      provide energy and nutrition for you and the growing baby  
   What do you see in the picture?   What kinds of food should you eat when you are   pregnant? What should you avoid doing when you   are pregnant?  








locally available foods. Choose foods from at least 5 food groups at   every meal.   Eat foods rich in Vitamin A and iron such as beans, meat, fish, eggs,                         fo        Poor maternal nutrition can increase the likelihood that your baby is     
Poor maternal nutrition can increase the likelihood that your baby is born preterm, too small, or with cognitive and body defects.
born preterm, too small, or with cognitive and body defects.   Avoid taking tea or coffee with meals as it inhibits iron absorption   and it can interfere with the body’s use of the foods Use iodized salt   n    n  h    u       n  n             Engage in light household duties. Exercise keeps your body strong     
17
SESSION 3 MATERNAL NUTRITION

THEME #7: MATERNAL NUTRITION DURING PREGNANCY AND LACTATION






18
SESSION 1 SESSION 3 MATERNAL MATTERS NUTRITION
WHY NUTRITION
Theme #8: Maternal health services needed
     
   Antenatal care - Pregnant women are expected to visit the local health facility   at least four times.      De-worming - tablets must not be taken during the first three months of   pregnancy.  


Postnatal care - Skilled birth attendants are expected to check the health of   the mother and her infant within a day of the birth and periodically over the   next six to eight weeks.              
19
  
     


20
SESSION 4 CHILD NUTRITION
Theme #9:
Theme #9:
Feeding from birth to 6 months
Feeding from birth to 6 months
Theme#10:
Initiation of complementary feeding at 6 months
Theme #11: Complementary feeding at 7-8 months
Theme #12: Complementary feeding at 9-11 months
Theme #13: Complementary feeding at 12-23 months
Theme #14:
Feeding during and after illness
Feeding during and after illness
Theme #15:
Child nutrition services needed
21
SESSION 4 SESSION 1 CHILD MATTERS NUTRITION
WHY NUTRITION
Theme #9: Feeding from birth to 6 months

OBJECTIVES
Create awareness on the benefits of exclusive breastfeeding newborn and infants

DISCUSSION QUESTIONS
What do you see in the photo? How do you feed your baby from birth to 6 months? What are the benefits of early initiation of breastfeeding?
This theme covers nutrition requirements for infants from birth to five years. It discusses the right food to give to infants after six months, quantities, frequency of feeding and consistency of the food. The aim is to promote dietary diversity in infants and ensure that proper child care and feeding practises are adheredto by the caretakers.
SESSION OBJECTIVES:
KEY MESSAGES
Put your baby to the breast within the first 30 minutes of birth. Initiating breastfeeding facilitates milk production and helps your uterus to go back to shape faster and controls bleeding after delivery.
Feed your baby breast milk only, not even water, during the first six months after birth. Each feed-ing session should take between 20 and 45 minutes.
Exclusive breastfeeding promotes the child’s adequate growth and development. It is always clean; contains antibodies that protect against diseases. Breastmilk is always ready and at the right temperature and is easy to digest. It contains enough water for the baby’s needs.
Breastfeed as often as your child wants especially at night. Your child might be hungry if he/she is fussing, sucking fingers, or moving lips.
• Influence family feeding practises especially for infants and women of reproductive age
• Promote positive child care practises among farming families
Look into your babies eyes, gently stroke their face and body and sing songs as they breastfeed. Wash your hands with soap before breastfeeding and keep your nails trimmed.
THEME OBJECTIVES:
By the end of this theme, families should be able to:
If you are HIV positive, consult the doctor immediately for guidance on how to feed your baby
• Explain the factors that contribute to poor nutrition among infants.
• Describe the feeding patterns for infants and the requirements for achieving good nutrition for infants.
When the child is 5 months old, begin to think and prepare for timely introduction of optimal complementary feeds.
How to cover this theme:
This session is long and has to be covered per theme; therefore it will be divided into 7 themes. In each theme, plan and budget for the cookery to be done in the next theme. Make sure that the cookery in each theme reinforces the previous topic. Make sure that the cookery corresponds to the age group. Do not mix up the food measures of infants. Consistency and quantity should be according to the age group.
FACILITATION REQUIREMENTS
Time required: 45 minutes discussions, and 40 minutes for cookery session of infant meals. Teaching and Learning resources: Counselling cards, food group cards Facilitation methods: Question and Answer, discussion and practical session.
                    
REMEMBER   Feed yourbaby   during the first   birth, do not give   water  
22
SESSION 4 CHILD NUTRITION
THEME #9: FEEDING FROM BIRTH TO 6 MONTHS
   ・   
23
SESSION 1
SESSION 4 CHILD MATTERS NUTRITION
WHY NUTRITION
Theme #10: Initiation of complementary feeding at 6 months
     
   What do you see in the photo?   What type of foods should we start giving a child   of 6 months? How many times should a child be   fed at 6 months?  


      first before giving other foods.   Breastfeed until your baby is two years or older. Continue breastfeeding your      Start to give soft food (porridge, mashed banana or mashed potato,) at the end        
Add breastmilk or other animal milk to prepared soft food.   Food should be thick enough so that it does not run off the spoon.   Feed your child slowly and patiently, make eye contact, encourage and motivate         can make your baby sick with diarrhea.  
REMEMBER   Complementary foods start at     
24
SESSION 4 CHILD NUTRITION
THEME #10: INITIATION OF COMPLEMENTARY FEEDING AT6 MONTHS



25
      SESSION   1   WHY  NUTRITION   MATTERS     
WHY NUTRITION
  
        
   Continue breastfeeding your baby day and night to keep him or her healthy.   baby is two years older.   between meals.  
   What do you see in the photo?   How should you feed your   7 to 8 month old?   How many times should a child be fed at 7 to 8   months?  
  
stomachs and can only eat small amounts at each meal.   Mash and soften the foods so the baby can easily chew and swallow; use         Try to include at food from at least 5 food groups every day  
Add small amounts of oil or margarine to your baby’s food. Animal milks (goat, camel, cow, etc.) are also good things to add.
camel, cow, etc.) are also good things to add.   Use iodized salt in your baby’s food.   Be patient , make eye contact and actively encourage your baby to eat. Never   force your child to eat.     
26


  
     






27
SESSION 4 SESSION 1 CHILD MATTERS NUTRITION
WHY NUTRITION
Theme #12: Complementary feeding at 9 –11 months
     
   What do you see in the photo?   months?  


      Continue breastfeeding your baby until your baby is two years or older to         By 9 months the young child should be able to begin eating finger foods such as   pieces of ripe mango and papaya, banana and vegetables.   Try to include at food from at least 5 food groups each day  
Add small amounts of oil or margarine to your baby’s food. Animal milks (goat,
   Be patient, show love, make eye contact and actively encourage your baby to eat   more food. Never force-feed children.      Wash your hands with soap before preparing food and feeding your child.   REMEMBER to wash your baby’s hands too.     
food in a covered, clean container and give it to your baby     
28
  
     







29
SESSION 4 SESSION 1 CHILD MATTERS NUTRITION
WHY NUTRITION
Theme #13: Complementary feeding at 12 –24 months
        
   What do you see in the photo?   How should you feed your 12 to 24 month old?   months?  



      Continue breastfeeding your young child until they are two years old to   maintain his/her health and strength   slowly than adults, so give the baby his/ her own bowl to make sure s/he gets   enough food.   Be patient and actively encourage your baby to eat. Never force-feed children.  
your young child ¾ to one 250 ml cup/bowl at each feed.
Cut the food into small pieces so the young child can easily chew and swallow.   Try to include food from at least 5 food groups each day   Add small amounts of oil or margarine to your baby’s food. Animal milks (goat,   Store foods given to the baby in clean, safe conditions to avoid diarrhea and   illness.   Wash your hands with soap before preparing food and feeding your child.   REMEMBER to wash your baby’s hands too.     
   Store food in a covered, clean container and give it to   refrigerator)  
30
  
     







31
SESSION 4 SESSION 1 CHILD NUTRITION MATTERS
WHY NUTRITION
Theme #14: Feeding during and after illness

OBJECTIVES
Enhance an understanding of the breastfeeding problems and possible remedies
KEY MESSAGES
• When the child is sick continue to breastfeed often, to help quick recovery and regain the weight lost. Even if your baby has diarrhea it is important to keep breastfeeding.
• If your baby is too weak to suckle, express breastmilk to give to the baby, either by cup or by expressing directly into the baby’s mouth. This will help you keep up making milk for your baby and prevent breast problems (engorgement).
DISCUSSION QUESTIONS
What do you see in the photo? What do you learn from the photo? How should a sick child be fed? Can mothers who fall ill still breastfeed?
• For a child aged 0-6 months breastfeed more frequently during and after illness.
• For a child aged 6-24 months, increase breastfeeding frequency and also feed small amounts of enriched meals/ porridge more frequently
• Follow treatment recommendation given by the medical practitioner.
Feeding during recovery
Remember to continue breastfeeding the child and give small amount amount of food more frequently
• When your young child has recovered, give him/her one additional meal of solid food each day during the next two weeks. This will help him or her to regain weight lost during illness.
• Breastfeed more frequently during two weeks after recovery.
If the mother is sick
• If you are sick you can still breastfeed.


• If you are sick with a cold or diarrhea your breast milk will protect your baby from getting sick also.





32
  
     








33
      SESSION   1   WHY  NUTRITION   MATTERS     
WHY NUTRITION
  
     
      Newborn care  - clean cord-cutting and care, washing infants in warm   breastfeeding  
   What do you see in the photo?   What do you learn from the photo?   How should a sick child be fed? Can mothers who   fall ill still breastfeed?  
Post-natal care - immunization and growth monitoring and promotion (baby weighing, detection of baby/ mother danger signs etc).
weighing, detection of baby/ mother danger signs etc).         Growth monitoring and promotion  
Remember to continue breastfeeding the child   and give small amount of food more   frequently!  
34
  
     

35
SESSION 5 HYGIENE & SANITATION
Theme #16:
Theme #16:
Drinking water treatment and storage and food safety
Theme #17:
Theme #17:
Hand washing at critical moments
Theme #18:
Theme #18:
How to make tippy tap
Theme #19:
Theme #19:
Keeping children away from faeces
Theme #20: Protecting child’s play area (use of mat)
Theme #21:
Protecting child’s play area (breaking the feacal pathways)
36
      SESSION   1   WHY  NUTRITION   MATTERS     
  
     
   What do you see in the photo?   What do you learn from the photo?   What do you do to make water safe for drinking  
The container should be used to store   drinking water only.  
   Even water retrieved from a safe water source can become contaminated                           drinking water is a leading cause of illness and diarrheal disease.      Boiling it or treating it with a chlorine product or household bleach to make it   safe for drinking.     
   If a chlorine treatment product is not available, you can treat your water with   house-hold bleach. Add 8 drops of household bleach for every 1 gallon of   water (or 2 drops of household bleach for every 1 liter of water) and wait 30   minutes before drinking.      do not come into contact with water.  
・    ・    ・    ・    ・   

・    ・ 



37
SESSION 5 SANITATION & HYGIENE
THEME #16: DRINKING WATER TREATMENT AND STORAGE








・    ・    ・    ・    ・   
38
・   
・
      SESSION   1   WHY  NUTRITION   MATTERS     
SESSION 1
  
        
      Avoid eating contaminated foods.   Sorting and preparation of all nuts and grains should be done properly to   avoid consuming aflatoxins.      Wash vegetables and fruits properly before eating them.  
Food Safety refers to handling, preparing, and storing food to reduce the risk of individuals becoming sick from foodborne   illnesses.     
Food safety is a global concern that covers a variety of different areas of everyday life.
   Food safety principles aim to prevent food from becoming contaminated and causing food poisoning. This is achieved   through a variety of different avenues, some of which are:  
Properly cleaning and sanitizing all surfaces, equipment, and utensils      Maintaining a high level of personal hygiene, especially handwashing     
Storing, chilling, and heating food correctly about temperature, environment, and equipment
   Implementing effective pest control      Comprehending food allergies, food poisoning, and food intolerance  
39
      SESSION   1   WHY  NUTRITION   MATTERS     
  
     
   What do you see in the photo?   What do you learn from the photo?   What are the critical times when you should wash   your hands? What about your baby’s hands?  
      Interlock your finger webs and rub them together .   Rub each palm against the back of the opposite hand.   Rub each thumb.   Dry your hands in the air or on a clean, hygienic cloth  
   Wash your hands using running water and soap. Hand washing critical these 4   times   Before preparing food for the baby   After using the toilet   Before feeding the baby or eating   After changing the baby and properly disposing off its feces in a pit latrine.  
before preparing food, before feeding your child, and before eating. Small         after visiting the toilet. A locally made tippy tap or basin and jug with water   can be used.  
40
SESSION 5 SANITATION & HYGIENE
THEME #17: HANDWASHING AT CRITICAL MOMENT
   head gear adde  
head gear adde  
41
  
      SESSION   1   WHY  NUTRITION   MATTERS     
  
     
   Tippy tap is the used for a purpose of hand washing by using running water   and soap.      for people in the household to wash their hands with soap to during critical   points  
   What do you see in this picture?   Can you demonstrate on how to make a tippy tap?   Do you have a tippy tap at your house?   Why is it important to have a handwashing station   like tippy tap next to you kitchen and toilet?  
Make tippy tap by using simple materials available in your area.
holding a can, and for stepping, nails.  
Use soap.  
42
     
     
hae
  
        
        
        
,
Lh, wa ee
              
43
      SESSION   1   WHY  NUTRITION   MATTERS     
  
     
   What do you see from the picture ?   Can you demonstrate on how contamination   occurs from point of  fecal disposal to the mouth?  
ia                    dispose to the toilet.  
   Don’t defecate or throw feces in the bush this will be easy transmitted to the   water or hands by touching contaminated grasses in the .      Remember to build a permanent toilet in your household.   Use the toilet all the time to prevent feces and associated microbial from     
Use the toilet all the time to prevent feces and associated microbial from spreading.
spreading.
44
SESSION 5   SANITATION &   HYGIENE   THEME #19:   KEEPING CHILDREN AWAY   FROM FEACES   vege      garden  

45
SESSION 5 SESSION 1 WHY NUTRITION SANITATION & MATTERS HYGIENE
Theme #20: Protecting child’s play area (use of mat)
     
What do you see in this picture?   our children?     
which affect the family if they get   contamination from the fecal?   Why is it important to have a   handwashing station like tippy tap   next to you kitchen and toilet?  
   Protect your children from eating dirty stuffs from the ground to prevent   them being sick from diarrhea, fever and vomiting.   Parents /caregivers when busy doing other work in the garden or   taking care of chickens make sure you leaveyour child in a clean place  
When you use a mat make sure you fold the role inside out, this is to   ensuretheinside doesn’tgetcontaminated.   Provide your child with toys to avoid picking of dirty things from the   ground, like chickenpoopandother animals.     



46
SESSION 5 SANITATION & HYGIENE
THEME #20: PROTECTING CHILD’S PLAY AREA (USE OF MAT)



47

SESSION 1
WHY NUTRITION
SESSION 5 MATTERS SANITATION & HYGIENE
Theme #21: Protecti.

The following text section comes from a specific evidence file named URL https://hdl.handle.net/10568/155132: ""On-farm Nutrition Baseline Survey Result, Kenya Skip to main content Communities & Collections Browse Navigate CGIAR Centers Statistics English Catal e tina Deutsch Espa ol Suomi Fran ais G idhlig Magyar Italiano Latvie u Nederlands Polski Portugu s Portugu s do Brasil Srpski (lat) Svenska T rk e Y Ti ng Vi t Log In Note: CGIAR users should log in with their Active Directory username and password. For example, if your email is j.smith@cgiar.org, you would use jsmith here. Log in New user? Click here to register. Have you forgotten your password? Home CGIAR research centers International Livestock Research Institute (ILRI) ILRI presentations On-farm Nutrition Baseline Survey Result, Kenya On-farm Nutrition Baseline Survey Result, Kenya No Thumbnail Available Files Presentation (5.25 MB, pptx) Authors Geremew, Kumlachew Date Issued 2024-09-15 Date Online Language en Type Presentation Review Status Access Rights Open Access Usage Rights Other Metadata Full item page Share Citation Geremew, K. 2024. On-farm Nutrition Baseline Survey Result, Kenya. Presented at a result update meeting, Addis Ababa, 15 August 2024. Nairobi, Kenya: ILRI. Permanent link to cite or share this item https://hdl.handle.net/10568/155132 External link to download this item DOI Abstract/Description AGROVOC Keywords nutrition ; farming systems ; surveys Subjects NUTRITION ; FARMING SYSTEMS Countries Kenya Regions Africa ; Eastern Africa Organizations Affiliated to the Authors International Livestock Research Institute Investors/sponsors CGIAR Trust Fund CGIAR Action Areas Resilient Agrifood Systems CGIAR Impact Areas Poverty reduction, livelihoods and jobs CGIAR Initiatives Sustainable Animal Productivity Collections ILRI presentations CGIAR Initiative on Sustainable Animal Productivity ILRI livestock genetics program outputs DSpace software copyright 2002-2025 LYRASIS About Cookie settings Privacy policy Send Feedback"".

The following text section comes from a specific evidence file named URL https://cgspace.cgiar.org/bitstreams/7082c552-d732-42e3-87c8-5a3282079ddc/download: ""Slide 1:
On-farm Nutrition Baseline Survey Result, Kenya
Result update meeting, Addis Ababa
Kumlachew Geremew 
August 15, 2024

Slide 2:
On-farm Nutrition Baseline Survey Result, Kenya

Slide 3:
Women in Kakamega has better educational status
Socio-demographic characteristics

Slide 4:
Socio-demographic characteristics
Bomet is Christian dominated (85%)

Slide 5:
About 70% of women in Bomet were housewives

In both counties, less than 5% of women were government employes
Socio-demographic characteristics

Slide 6:
About 49% of children in Kenya consumed less than the acceptable standard. 
Dietary Diversity

Slide 7:
59% of children in Kakamega did not meet the minimum DD requirement as compared with 36% in Bomet 
Dietary Diversity

Slide 8:
Foo groups consumed by children, Kenya
Children’s consumption in Kenya was cereal-based, followed by milk.  

Slide 9:
In both arms, over 21% of children reported consuming cereals the most.

In the chicken alone treatment arm, eggs were reported as the least consumed food item, while in the chicken + nutrition treatment arm, eggs were the second least consumed food item.

Slide 10:
In the control group in Kenya, only 1.7% of children reported consuming eggs.


The highest proportion of children in this group in Kenya reported consuming cereals.

Slide 11:
In both counties, the highest proportion of children reported consuming cereals.


In both counties, eggs were reported as the least consumed food item

Slide 12:
20% of children in the C-alone arm reported consuming cereals and roots (tubers) as their primary dietary sources within the last 24 hours.


Children in the C+N arm reported consuming cereals and milk as their primary dietary choices.

Slide 13:
Within the last 24 hours, cereals were reported as the most consumed food item among children in Kakamega's control arm. _x000B__x000B__x000B_Eggs were reported as the least consumed food item during that period.

Slide 14:
Children (C –alone arm) reported cereals as the most consumed food item, while no egg consumption was reported_x000B__x000B_
Children (C+N arm) reported consuming cereals as the most frequently chosen food item, while vegetables were reported as the least consumed. 

Slide 15:
Children (Control arm) reported cereals and roots (tubers) as the most consumed food item, while eggs were the least consumed_x000B__x000B_

Slide 16:
65% of women in Kenya did not meet the minimum dietary requirement

Behavioural change in consumption is highly required. 
Dietary Diversity

Slide 17:
In both counties, more than 62% of women did not meet the MDD requirement, and the case in Bomet is severe. 
Dietary Diversity

Slide 18:
Food Groups consumed by Women, Kenya
Women’s consumption in Kenya was cereal-based, followed by dairy products.  

Slide 19:
In the C + N treatment arm, Kenya, over 22% of women reported consuming dairy products the most.

In the chicken alone treatment arm, cereals were reported as the most consumed food item, while nuts and seeds were the least consumed by women in Kenya.

Slide 20:
FG Consumed by women, treatment arms, Kenya
23% of women in the control arm (Kenya) reported they consumed cereals, followed by dark green leafy vegetables

Slide 21:
In Bomet County, most women reported consuming dairy products.

In Kakamega County, most women reported consuming cereals.

Slide 22:
21% of women in the C-alone arm of Kakamega reported consuming cereals as their primary dietary sources within the last 24 hours.

Women in Kakamega's C+N arm reported consuming cereals and dairy products as their primary dietary choices.

Slide 23:
Women in Kakamega’s control arm reported consuming cereals as their primary dietary choices and eggs as one of the least. 

Slide 24:
22.7 % of women in the C+N arm of Bomet reported consuming dairy products as their primary dietary sources.

Women in Kakamega’s C-alone arm reported consuming cereals and dairy products as their primary dietary choices, and no egg consumption was reported.

Slide 25:
26% of women in the control arm of the Bomet reported that their primary dietary sources consisted of cereal and dairy products.
No egg consumption was reported.

Slide 26:
Most women (45%) in Kenya knew their children lacked food when they lost weight. 
Child feeding

Slide 27:
Most women (52%) in Bomet knew their children lacked food when they lacked energy. 
Child feeding

Slide 28:
Most women (45%) in Kakamega knew their children lacked food when they became ill. 
Child feeding

Slide 29:
About 90% of the chicken meat in Kenya prepared was consumed by all HH members 
About 8% of the chicken meat prepared was consumed by all HH adult males only 
Chicken meat consumption

Slide 30:
About 74% of the chicken meat prepared  in Bomet was consumed by all HH members 
About 19% of the chicken meat prepared  in Bomet was consumed by male children only
Chicken meat consumption

Slide 31:
About 81% of the chicken meat prepared  in Kakamega was consumed by all HH members 
About 13% of the chicken meat prepared  in Kakamega was consumed by all HH members & workers
Chicken meat consumption

""","Integrated nutrition education package to smallholder chicken keepers for increased consumption of animal source food (ASF) and improved nutritional status in Ethiopia, Kenya and Tanzania The integrated nutrition education package is a nutrition-sensitive intervention that aims to enhance the consumption of chicken meat, eggs and other nutrient-dense foods and improve the nutritional status of smallholder farmers, most notably under-five children, lactating mothers and pregnant women. This activity will be embedded in the existing on-farm chicken performance testing program and it will be provided to smallholder farmers using digital and paper-based nutrition education tools. The package will have different contents suitable for smallholder farmers. Baseline and end-line data will be collected to explore the impact of the interventions. The following text section comes from a specific evidence file named URL https://hdl.handle.net/10568/159420: ""Training report on integrated nutrition education in Ethiopia and Kenya Skip to main content Communities & Collections Browse Navigate CGIAR Centers Statistics English Catal e tina Deutsch Espa ol Suomi Fran ais G idhlig Magyar Italiano Latvie u Nederlands Polski Portugu s Portugu s do Brasil Srpski (lat) Svenska T rk e Y Ti ng Vi t Log In Note: CGIAR users should log in with their Active Directory username and password. For example, if your email is j.smith@cgiar.org, you would use jsmith here. Log in New user? Click here to register. Have you forgotten your password? Home CGIAR 2030 Portfolio CGIAR 2030 research initiatives and impact platforms (2022 2024) CGIAR Initiative on Sustainable Animal Productivity Training report on integrated nutrition education in Ethiopia and Kenya Training report on integrated nutrition education in Ethiopia and Kenya Loading... Files Report (6.23 MB, pdf) Authors Geremew, Kumlachew Soi, M.C. Ouko, O. Talore, D.G. Yemane, Tsion Esatu, Wondmeneh Ochieng, L. Yitayih, Mulugeta Dessie, Tadelle Date Issued 2024-11-08 Date Online Language en Type Report Review Status Internal Review Access Rights Open Access Usage Rights Metadata Full item page Share Citation Geremew, K., Soi, M.C., Ouko, O., Talore, D.G., Yemane, T., Esatu, W., Ochieng, L., Yitayih, M. and Dessie, T. 2024. Training report on integrated nutrition education in Ethiopia and Kenya. Report. Nairobi, Kenya: ILRI. Permanent link to cite or share this item https://hdl.handle.net/10568/159420 External link to download this item DOI Abstract/Description Author ORCID identifiers Tadelle Dessie https://orcid.org/0000-0002-1630-0417 Wondmeneh Esatu https://orcid.org/0000-0001-7279-8240 Mulugeta Yitayih Birhanu https://orcid.org/0000-0002-3146-8015 AGROVOC Keywords chickens ; genetics ; households ; nutrition ; poultry Subjects CHICKENS ; GENETICS ; NUTRITION ; POULTRY Countries Ethiopia ; Kenya Regions Africa ; Eastern Africa Organizations Affiliated to the Authors International Livestock Research Institute ; Kenya Agricultural and Livestock Research Organization ; Central Ethiopia Agricultural Research Institute Investors/sponsors CGIAR Trust Fund CGIAR Action Areas Resilient Agrifood Systems CGIAR Impact Areas Poverty reduction, livelihoods and jobs CGIAR Initiatives Sustainable Animal Productivity Collections CGIAR Initiative on Sustainable Animal Productivity ILRI livestock genetics program outputs DSpace software copyright 2002-2025 LYRASIS About Cookie settings Privacy policy Send Feedback"".

The following text section comes from a specific evidence file named URL https://cgspace.cgiar.org/bitstreams/b0477407-73b2-4e65-af99-086a955aa07a/download: ""4 INITIATIVE ON wih, Sustainable Animal Sie Productivity CGIAR
Training report on integrated nutrition education in Ethiopia and Kenya
Kumlachew Geremew1, Mercy C. Soi2, Ochieng Ouko2, Deribe Gemiyo Talore3, Tsion Yemane1, Wondmeneh Esatu1, Laurence Ochieng2, Mulugeta Yitayih1 and Tadelle Dessie1
1 International Livestock Research Institute (ILRI) 2 Kenya Agricultural and Livestock Research Organization (KALRO) 3 Central Ethiopia Agricultural Research Institute (CEARI)

November 2024
, ILRI SL CGIAR
+2 “Alliance \
Ws ICARDA Science for resilient livelihoods in dry areas
© 2024
This publication is copyrighted by the International Livestock Research Institute (ILRI). It is licensed for use under the Creative Commons Attribution 4.0 International License. To view this license, visit https://creativecommons.org/licenses/by/4.0. Unless otherwise noted, you are free to share (copy and redistribute the material in any medium or format), adapt (remix, transform, and build upon the material) for any purpose, even commercially, under the following condition:
@®
ATTRIBUTION. The work must be attributed but not in any way that suggests endorsement by ILRI or the author(s).
NOTICE:
For any reuse or distribution, the license terms of this work must be made clear to others.
Any of the above conditions can be waived if permission is obtained from the copyright holder. Nothing in this license impairs or restricts the author’s moral rights.
Fair dealing and other rights are in no way affected by the above.
The parts used must not misrepresent the meaning of the publication.
ILRI would appreciate being sent a copy of any materials in which text, photos, etc. have been used.
Editing, design, and layout—ILRI Editorial and Publishing Services, Addis Ababa, Ethiopia.
Photo credit: Derbie Gemiyo /Central Ethiopia and Mercy C (KALRO).
Citation: Geremew, K., Soi, M.C., Ouko, O., Talore, D.G., Yemane, T., Esatu, W., Ochieng, L., Yitayih, M. and Dessie, T. 2024. Training report on integrated nutrition education in Ethiopia and Kenya. Nairobi, Kenya: International Livestock Research Institute.
About SAPLING
CGIAR’s Sustainable Animal Productivity for Livelihoods, Nutrition and Gender Inclusion (SAPLING) is working in seven countries focusing on livestock value chains to package and scale out tried-and-tested, as well as new, innovations in livestock health, genetics, feed, and market systems. SAPLING aims to demonstrate that improvements in livestock productivity can offer a triple win: generating improved livelihoods and nutritional outcomes, contributing to women’s empowerment, and reducing impacts on climate and the environment. Its seven focus countries are Ethiopia, Kenya, Mali, Nepal, Tanzania, Uganda and Vietnam.
Acknowledgements
This work was conducted as part of the CGIAR Initiative on Sustainable Animal Productivity. CGIAR research is supported by contributions to the CGIAR Trust Fund. CGIAR is a global research partnership for a food-secure future dedicated to transforming food, land, and water systems in a climate crisis.
1
Background to training
The Tropical Poultry Genetics Solutions (TPGS) program, led by the International Livestock Research Institute (ILRI), aims to enhance the consumption of chicken products through its nutrition-sensitive interventions in various countries, including Ethiopia and Kenya. The intervention focuses on promoting the consumption of chicken meat and eggs, primarily leveraging participating households in on-farm chicken testing as a foundational entry point. This intervention specifically targets children under five years of age, pregnant women, breastfeeding mothers, and women of reproductive age. Women are disproportionately affected by nutritional deficiencies due to factors such as reproductive biology, low social status, poverty, and lack of education. Undernutrition diminishes women’s resilience and makes them more vulnerable during childbirth, increasing their susceptibility to infections and reducing their reserves for recovery from illnesses. Over the past 10 months, integrated nutrition education has been delivered to these target groups through digital and paper-based tools, featuring monthly interactive sessions, including demonstrations and cooking activities. Nutrition education has been provided to both TPGS on-farm chicken performance testing participant households and other non-participant farmers within the project villages in the two countries. This activity is linked to the CGIAR Sustainable Animal Productivity for Livelihoods, Nutrition and Gender Inclusion (SAPLING) Work Package 2— Innovations and practices for safe livestock-derived foods consumption as part of diverse diets.
Location and modality
The training was provided face-to-face and held in Kenya and Ethiopia.
Dates
This training was held from March–October 2024.
Who conducted the training?
The National Agricultural Research System of Ethiopia and Kenya, most notably the Central Ethiopia Agricultural Research Institute (CEARI) and the Kenya Agricultural and Livestock Research Organization (KALRO) provided this training.
Objectives of the training
The main objectives of the training were:
Addressing Malnutrition
• To identify and address major malnutrition challenges faced by target communities, particularly among vulnerable groups such as pregnant women and children under two years.
Promote Animal Source Foods Consumption
• To promote the importance of consuming animal-source foods, especially chicken products (meat and eggs), rich in essential nutrients vital for growth, development, and overall health. This may include encouraging families to incorporate chicken and eggs into their daily diets to enhance dietary diversity and nutritional intake.
Enhancing Nutritional Awareness
• To assess and enhance current knowledge regarding the benefits of animal-source foods among community members. Identify knowledge gaps and inform the development of effective educational programs aimed at changing dietary behaviours. The initiative also seeks to foster
2
healthier eating habits by emphasizing the value of including chicken and eggs in meals, encouraging families to make informed dietary choices.
Community Engagement
• To encourage both participant and non-participant households to improve chicken production and consumption practices, ensuring that the intervention scaled out a diverse segment of the community. This objective includes evaluating the effectiveness of community engagement strategies to promote inclusivity. Furthermore, the initiative aims to establish a feedback mechanism to gather insights from participants about their dietary practices and attitudes toward animal-source foods, allowing for continuous improvement of educational programs.
Promote the utilization of technology
To leverage digital tools, such as a nutrition literacy application, to enhance learning about the benefits of animal-source foods and assess their uptake among farmers. This objective includes evaluating the effectiveness of technology in promoting better nutrition and reaching a wider audience to facilitate ongoing education regarding the importance of chicken products.
Training agenda
The training agenda includes a comprehensive overview of essential nutritional topics, focusing on five key sessions: “Why Nutrition Matters,” “Family Nutrition,” “Maternal Nutrition,” “Child Nutrition,” and “Hygiene and Sanitation.” Each session included thematic areas that emphasized the importance of nutrition at various life stages. Participants explored the significance of food groups, dietary diversification, and the crucial roles of chicken, eggs, and meat in promoting health and growth. Emphasis was placed on maternal nutritional needs during pregnancy and lactation, as well as optimal feeding practices for children from birth to 24 months. Additionally, the agenda highlighted safe food handling practices and the importance of hygiene in ensuring proper nutrition, ultimately aiming to enhance overall health and well-being within families.
Training participants
A total of 301 households participated in the nutrition education, with 230 from TPGS on-farm chicken performance testing participant households and 70 from non-participant households. In Ethiopia, 44 participants—36 from on-farm chicken performance testing participants and 8 from non-participant households—indicated interest from non-participant households. In Kenya, however, 257 individuals, including 194 from TPGS on-farm chicken performance testing participants and 63 from non-participant households, are shown in Table 1 below.
Table 1: Number of TPGS and non-TPGS trainees by country
Cities Number TPGS Non-TPGS Total Ethiopia 36 8 44 Kenya 194 63 257 Total 230 70 301
Comments or next steps
Following the completion of these training sessions, participants are expected to experience a positive behavioral change in their dietary consumption, leading to improved nutritional status. To support the ongoing impact of the training, we will graduate a select group of farmers as champions who will serve
3
as leaders in their communities, promoting sustainable practices and encouraging others to adopt healthier nutritional habits. These champions will play a vital role in ensuring the sustainability of project activities fostering a culture of improved nutrition within their households and among fellow farmers. Additionally, end-line data will be collected to assess the impact on nutritional status and consumption patterns, providing valuable insights into the effectiveness of the training and guiding future initiatives. This comprehensive approach aims to enhance individual health outcomes and build a resilient community committed to ongoing nutritional education and support.
Photos
Wt WN \\ NN Vs oe 5
Peer to peer nutrition education, Bomet county, Kenya.

Home to home nutrition education using the TPGS Mobil APP .
4

Nutrition education attendants, Central Ethiopia region.
Photo credits: Derbie Gemiyo /Central Ethiopia and Mercy C (KALRO).
5
Annex 1: Sessions from the training document
SESSION 1 THEME #1: WHY NUTRITION WHY GOOD MATTERS NUTRITION bigea A poorly nourished pregnant woman is Awell-nourished pregnant woman will give birth fo a likely to give birth to an underweight healthy baby who grows up a healthy adolescent and is baby who grows up as a weaker likely to give birth to a healthy baby in the future. adolescent and will likely give birth
SESSION 2 FAMILY meme Teme #5: Essential micronutrient: Vitamin A-rich foods OBJECTIVES KEY MESSAGES Enhance an understanding on the * Vitamin A is important for child survival. sources and benefits of Vitamin A for * Children under the age of 6 months gets their Vitamin A from Breast Milk{ colostrum), breastfeed exclusively for the first six months. * Itis important to ensure that complementary foods includes foods rich in Vitamin A, like orange-fleshed sweet potatoes, carrot, pumpkins, and other orange fleshed fruits. growth of the children under 2 years. DISCUSSION QUESTIONS * Children ages 6 to 5? months receives Vitamin A supplementation every after 6 months. * Foods that are rich in Vitamin A are such as orange fleshed sweet potato, carrots, pa-paya, pumpkins, mangoes, and greenleafy vegetables. Others include liver, eggs, milk, fish, fish oil and industrial cooking fats/oils fortified with Vitamin A Follow up to ensure children aged 6-59 month receive Vitamin A supplementation after every six months for good health. What do you see in this picture? Which groups are targeted for Vitamin A Supplementation? What type of foods are rich in Vitamin A? FACILITATION REQUIREMENTS Time required: 45 minutes discussions and 30 minutes cookery. Teaching and Learning Resources: Counselling cards with the five food groups, food cards and food peel el ais group poster on vitamin A rich food Add little oil/fat in the food. Facilitation methods: as if helps with vitamin A absorption * Question and Answer, discussion on vitamin A rich foods. * Nutrition game: using a nutrition game cards, ask participants to pick the food cards that have images of vitamin A rich foods. Ask participants to separate the vitamin A rich foods that are found in their homes and the vitamin A rich foods that can be found on the market. Ask them to cost the food they have picked as found on the market In the next session: * A cookery session on iron rich food * Request farmers, if they can, to bring actual food items that will be used in the next session to demonstrate iron rich foods. Foods like red meat, fish, poultry, offal, millet, beans and green leafy vegetables.
6
SESSION 3 MATERNAL Meee Teme #7: Matemal nutrition during pregnancy and lactation OBJECTIVES Demonstrate basic nutrition requirements for pregnant women and lactating mothers DISCUSSION QUESTIONS What do you see in the picture? What kinds of food should you eat when you are pregnant? What should you avoid doing when you are pregnant? KEY MESSAGES * Wash your hancs before handling food. Wash vegetables and fruits before eaiing them. * Eat one extra meal or snack each day in addition to three meals to provide energy and nutrition for you and the growing baby * Eat a diversified diet to ensure variety in the food choices using locally available foods. Choose foods from atleast 5 food groups at every meal. * Eat foods rich in Vitamin A and iron such as beans. meat. fish. eggs. tomatoes, pumpkin, and green leafy vegetables. Iron rich foods help in prevention of anaemia; Vitamin A rich foods boosts your immunity * Take small frequent meals and plenty of fluids and treated water * Poor maternal nutrition can increase the likelihood that your baby is born preterm, too small, or with cognitive and body defects. ¢ Avoid taking tea or coffee with meals as it inhibits iron absorption andit can interfere with the body’s use of the foods Use iodized salt only. lodine helps your baby’s brain and body grow well. * Engage in light household duties. Exercise keeps your body strong and healthy. Ask husband to help you with household's chores.
7"".

The following text section comes from a specific evidence file named URL https://hdl.handle.net/10568/159370: ""Improving nutrition outcomes through optimizing agricultural investment: Household training manual Skip to main content Communities & Collections Browse Navigate CGIAR Centers Statistics English Catal e tina Deutsch Espa ol Suomi Fran ais G idhlig Magyar Italiano Latvie u Nederlands Polski Portugu s Portugu s do Brasil Srpski (lat) Svenska T rk e Y Ti ng Vi t Log In Note: CGIAR users should log in with their Active Directory username and password. For example, if your email is j.smith@cgiar.org, you would use jsmith here. Log in New user? Click here to register. Have you forgotten your password? Home CGIAR research centers International Livestock Research Institute (ILRI) ILRI Research Themes ILRI Livestock Genetics, Nutrition and Feed Resources theme ILRI livestock genetics program (2017-2024) ILRI livestock genetics program outputs Improving nutrition outcomes through optimizing agricultural investment: Household training manual Improving nutrition outcomes through optimizing agricultural investment: Household training manual Loading... Files Training Material (9.09 MB, pdf) Authors Geremew, Kumlachew Date Issued 2024 Date Online Language en Type Training Material Review Status Internal Review Access Rights Open Access Usage Rights Other Metadata Full item page Share Citation Geremew, K. 2024. Improving nutrition outcomes through optimizing agricultural investment: Household Training Manual. Nairobi, Kenya: ILRI. Permanent link to cite or share this item https://hdl.handle.net/10568/159370 External link to download this item DOI Abstract/Description AGROVOC Keywords foods ; health ; agriculture ; nutrition ; investment Subjects AGRICULTURE ; HUMAN HEALTH ; NUTRITION Organizations Affiliated to the Authors International Livestock Research Institute Collections ILRI livestock genetics program outputs DSpace software copyright 2002-2025 LYRASIS About Cookie settings Privacy policy Send Feedback"".

The following text section comes from a specific evidence file named URL https://cgspace.cgiar.org/bitstreams/9985945c-d236-41c4-bd1f-208258d73df9/download: ""

Tropical Poultry Genetics Solution Nutrition-Sensitive Intervention
IMPROVING NUTRITION OUTCOMES THROUGH OPTIMIZING AGRICULTURAL INVESTMENT Household Training Manual


2024
Prepared by:   Kumlachew Geremew   

CONTENTS
CONTENTS
SESSION 1: WHY NUTRITION MATTERS 00 SESSION 4: CHILD NUTRITION FROM 0 - 23 MONTHS Theme #1: Why good nutrition? 00 Theme #9: Feeding from birth to 6 months Theme #2: Causes of malnutrition 00 Theme #10: Initiation of complementary feeding at 6 months Theme #11: Complementary feeding at 7-8 months SESSION 2 : FAMILY NUTRITION 00 Theme #12: Complementary feeding at 9-11 months Theme #3: Food groups 00 Theme #13: Complementary feeding at 12-23 months Theme #4: Dietary diversification 00 Theme #14: Feeding during and after illness Theme #5: Essential food-based micronutrients: Vitamin A-rich foods 00 Theme #15: Child nutrition services needed Theme #6: Essential food-based micronutrients: 00 00 00 00 00 00 00 00 00
iron, folic acid, and iodine
SESSION 3: MATERNAL NUTRITION
Theme #7
Maternal nutrition during pregnancy & lactation
Theme #8:
Maternal nutrition services needed

00
00
Drinking water treatment and storage Theme #17: Hand washing at critical moments Theme #18: How to make a tippy tap Theme #19: Keeping children away from faeces Theme #20: Protecting child’s play area (use of mat) Theme #21: Protecting child’s play area breaking 00 00 00 00 00
(the fecal pathways)
SESSION I WHY NUTRITION MATTERS
Theme #1:

Why good nutrition?
Theme #2:
Causes of malnutrition
1
SESSION 1 SESSION 1 WHY NUTRITION WHY NUTRITION MATTERS MATTERS
Theme #1: Why good nutrition
     
      What do you see in the picture?      What are the benefits of good nutrition?  
HOW TO FACILITATE THIS SESSION
Before the session begins:
• Welcome all the participants and exchange greetings.
• Introduce yourself.
• Ask participants to introduce themselves.
• Explain why you are meeting them and how long the session will take.
         work and stay healthy.   A poorly nourished pregnant woman is likely to give birth to an underweight   child who will have a poor start in life and likely to have an underweight child   herself.  
Children under the age of two have particular needs because their bodies   are growing and changing quickly, even before birth. Health and nutrition are   health can affect nutritional status      Adequate  diet  – eating enough of the right foods      Appropriate  caring  practices  – good  care, rest, hygiene, and  a stimulating  and   loving environment for young children  
FACILITATION REQUIREMENTS
Timerequired: 45 minutes.
Teaching and Learning Resources:
Counseling cards with poorly nourished family members, malnourished children, and vicious circle of malnutrition for farmers, plates of a poor meal and a balanced meal, food group poster
FACILITATION METHODS
Question and Answer, discussion, group work-
FOR THE NEXT SESSION
• A cookery session on an example of a nutritious diverse meal.
• Request farmers to bring food items that will be used in the next session to demonstrate how a nutritious meal should be like
REMEMBER   The family need a balanced meal everyday  
REMEMBER
The family need a balanced meal everyday



2
     
     
Ka

A poorly nourished pregnant woman is likely to give birth to an underweight baby who grows up as a weaker adolescent and will likely give birth to an underweight baby.
3


A well-nourished pregnant woman will give birth to a healthy baby who grows up a healthy adolescent and is likely to give birth to a healthy baby in the future.
SESSION 1 SESSION 1 WHY NUTRITION WHY NUTRITION MATTERS MATTERS
Theme #2: Causes of malnutrition.

OBJECTIVES Know about malnutrition and its causes.
KEY MESSAGES
The causes of malnutrition are diverse, interlinked, and complex:
• Immediate causes
(Inadequate diet - quantity and quality, diseases)
• Underlying causes
DISCUSSION QUESTIONS
Show the image and ask:
(Food security, inadequate mother and childcare, inadequate healthcare, and unhealthy environment)
• What do you see in the picture?
• What does this picture tell us?
• What are the causes of malnutrition?
KEY MESSAGE TO REMEMBER:
A person who does not eat a varied diet may lack certain vitamins and minerals (micronutrients). This can affect health at all stages of life and prevent adequate growth and development in children. The most common micronutrient deficiencies are iron, vitamin A, and iodine, a lack of which affects health and growth. A varied diet or special supplements can ensure people get the necessary micronutrients.
A well-nourished family has the ability to produce more food and live a healthier life.
HOW TO FACILITATE THIS SESSION
Before the session begins:
• Welcome all the participants and exchange greetings.
• Explain why you are meeting them and how long the session will take.
REMEMBER     
REMEMBER
• Explain that there will be a cookery session after the lesson.
FACILITATION REQUIREMENTS
Time required: 45 minutes, cookery session 30 minutes. Teaching and Learning Resources: Counselling cards, pictures of a balanced meal plate, meal planning food cards.
FACILITATION METHODS
• Question and Answer, discussion, group work
FOR THE NEXT SESSION
• A cookery session on classification of foods.
• Request farmers to bring actual food items used in the next session to demonstrate how different foods from different groups make up a diverse diet. The farmers should bring the food they planned and budgeted for in this lesson.
4
        
=~ a
  



SESSION 1 WHY NUTRITION MATTERS
THEME #2: CAUSES OF MALNUTRITION
        


5
Y         brown husks  


SESSION 1 WHY NUTRITION MATTERS
THEME #2: CAUSES OF MALNUTRITION


6

SESSION 2
Theme #3
Food groups
Theme #4
Theme #4
Dietary diversification
Theme #5
Theme #5
Essential food-based micronutrients:
Vitamin A-rich foods
Theme #6
Theme #6
Essential food-based micronutrients: iron, folic acid, and iodine
7
SESSION 2 SESSION 1 FAMILY MATTERS NUTRITION
WHY NUTRITION
Theme #3: Food groups
     
   What do you see in the picture ?   What does this picture tell us?   What kind of locally available foods are in the   food groups?  
HOW TO FACILITATE THIS SESSION
Before the session begins:
• Welcome all the participants and exchange greetings.
• Collect all the food items brought and put them in a safe place.
• Explain why you are meeting them and how long will the session take.
Explain that there will be a cookery session after the lesson.
FACILITATION REQUIREMENTS
Time required: 45 minutes, cookery session 30 minutes.
Teaching and Learning Resources:
   To have a healthy and balanced diet means eating a variety of foods that supply   food.   The food we eat is grouped into 5.   Food  Group   Examples   Nutrients  
Food Group Examples Nutrients Grains/Cereal, banana Rice, maize, millet, etc. carbohydrates roots Meat and meat products, Protein Chicken, eggs, sardines, meat from different animals etc. milk poultry, pulses/nuts and fish Fruits Vitamins and Guava, Pawpaw, passion mineral Amaranthus, sweet potato Vitamins and Vegetables mineral fats avocado, animal fat, cooking Oils and fats oil, margarine, groundnuts, coconut Clean and safe water
Grains/Cereal, banana   Rice, maize, millet, etc.   carbohydrates   roots   Meat and meat products,   Protein   Chicken, eggs, sardines, meat   from different animals etc.   milk  poultry,  pulses/nuts   and fish         Fruits   Vitamins and   Guava, Pawpaw, passion                     mineral              
      Amaranthus,  sweet potato   Vitamins and   Vegetables                     mineral                     fats   avocado, animal fat, cooking      Oils and fats                  oil, margarine, groundnuts,                     coconut                           Clean and safe water                          
Counselling cards with the five food groups.
Facilitation methods:
Vegetables
Vegetables
Grains/Cereals, banana,
roots and tubers
• Question and Answer, discussion, group work
• Role play: Using food cards for meal planning, ask participants to go into groups and pick out the food cards to create food groups. Ask them to budget for the food items they picked and to plan a nutritious meal using the food cards. You can assign a particular meal for each group, like breakfast, lunch, or supper.
REMEMBER   No one food provides all the right nutrients .     
Oils and fat
Fruits

Meat
meat products, poultry,
Meat and meat products, poultry,
SESSION 2   FAMILY   NUTRITION      THEME #3   FOOD   GROUPS  
SESSION 2 FAMILY NUTRITION
THEME #3 FOOD GROUPS
Vegetables   roots and tubers   Fruits  
Grains/Cereals,banana,
Oils and fat
Meat and meat products, poultry, milk, pulses/nuts, fish
  
SESSION 1 SESSION 2 FAMILY MATTERS NUTRITION
WHY NUTRITION
Theme #4: Dietary diversification

OBJECTIVES
Enhance an understanding of the benefits of dietary diversification.
KEY MESSAGES
• To have a healthy and balanced diet means eating various foods that supply nutrients important for the body. It does not mean eating expensive food.
• The nutrients a person’s body needs to function, grow and stay healthy can be found in many locally available foods.

DISCUSSION QUESTIONS
What do you see in the picture ? What does this picture tells us? How can we ensure diversified diets in our households?
• Pick every day from at least 4 locally available food groups:
• Staple foods (starches); vegetables and fruits (different types – leaves, fruits and tubers – and colors – green, red, yellow/orange); meat/animal products and legumes/nuts (proteins); fats etc.
• Use simple and careful cooking methods to ensure maximum nutrients are obtained from foods
FACILITATION REQUIREMENTS
Timerequired: 45 minutes
• For instance the best way of cooking vegetables is by steaming them with a little water instead of boiling them. Leaves from vegetables such as spinach can be steamed for about five minutes in a sieve over rapidly boiling water.
Teaching and Learning Resources:
Counselling cards with the five food groups, food cards
Facilitation methods:
• To have a healthy and balanced diet means eating a variety of foods that supply nutrients that are important for the body. It does not mean eating expensive food.
• Question and Answer, discussion,
• Nutrition game: how to play the nutrition game-using the food cards, ask participants to go in groups of three people. Give them the cards and in the groups, ask them to pick 5 cards which represent each food group. The participants who can be the first to pick and identify all the 5 foods that are from each food group wins the game. Make sure the participants declares that he or she found all the food groups and explains each food card picked and what group it is from
• The nutrients a person’s body needs to function, grow and stay healthy can be found in many locally available foods.
• Pick every day from at least 4 food groups that are locally available: Staple foods (starches); vegetables and fruits (different types – leaves, fruits and tubers – and colors – green, red, yellow/orange); meat/animal products and legumes/nuts (proteins); fats etc.
IN THE NEXT SESSION:
• A cookery session on Vitamin A rich foods
• Request farmers to bring actual food items that will be used in the next session to demonstrate Vitamin A rich foods.
REMEMBER   To have a healthy diet does not mean eating   expensive food. Use locally available food stuff  
10

  
  

11
SESSION 2 SESSION 1 FAMILY MATTERS NUTRITION
WHY NUTRITION
Theme #5: Essential micronutrient: Vitamin A-rich foods


OBJECTIVES
Enhance an understanding on the sources and benefits of Vitamin A for growth of the children under 2 years.
DISCUSSION QUESTIONS
What do you see in this picture? Which groups are targeted for Vitamin A Supplementation? What type of foods are rich in Vitamin A?
KEY MESSAGES
• Vitamin A is important for child survival.
• Children under the age of 6 months gets their Vitamin A from Breast Milk( colostrum), breastfeed exclusively for the first six months.
• It is important to ensure that complementary foods includes foods rich in Vitamin A, like orange-fleshed sweet potatoes, carrot, pumpkins, and other orange fleshed fruits.
• Children ages 6 to 59 months receives Vitamin A supplementation every after 6 months.
• Foods that are rich in Vitamin A are such as orange fleshed sweet potato, carrots, pa-paya, pumpkins, mangoes, andgreen leafyvegetables. Others include liver, eggs, milk, fish, fish oil and industrial cooking fats/oils fortified with Vitamin A Follow up to ensure children aged 6-59 month receive Vitamin A supplementation after every six months for good health.
FACILITATION REQUIREMENTS
Time required: 45 minutes discussions and 30 minutes cookery.
Teaching and Learning Resources:
Counselling cards with the five food groups, food cards and food group poster on vitamin A rich food
Facilitation methods:
• Question and Answer, discussion on vitamin A rich foods.
• Nutrition game: using a nutrition game cards, ask participants to pick the food cards that have images of vitamin A rich foods. Ask participants to separate the vitamin A rich foods that are found in their homes and the vitamin A rich foods that can be found on the market. Ask them to cost the food they have picked as found on the market
In the next session:
• A cookery session on iron rich food
• Request farmers, if they can, to bring actual food items that will be used in the next session to demonstrate iron rich foods. Foods like red meat, fish, poultry, offal, millet, beans and green leafy vegetables.
REMEMBER   Add little oil/fat in the food.     
12
SESSION 2 FAMILY NUTRITION
THEME #5: ESSENTIAL MICRONUTRIENT: VITAMIN A RICH FOODS

13
SESSION 1
SESSION 2 FAMILY MATTERS NUTRITION
WHY NUTRITION
Theme #6: Essential micronutrient - food rich in iron
     
   What do you see in this picture?   Which groups are targeted for iron and folic acid   supplementation?   more important to pregnant mothers?  
      groundnuts, and green leafy vegetables.   needed to facilitate absorption of iron in the body.  
Limit the amount of tea/coffee/ coke as it can interfere with the absorption   of nutrients.   reacted by physicians.     
REMEMBER   Tea should not be provided with   meal as it inhibits iron   absorption.  
14
              
Benefits of combined Iron and Folic Acid Supplement
• Fewer tablets are consumed compared to the separate iron and folic acid
• It improves compliance compared to the separate tablets
• In some cases, the tablets are sugar-coated and, therefore, taste better
Benefits of iron
• Reducing anaemia,
• Reduces risks of low birth weight,
• Sustains strength during pregnancy and
• Ensures enough blood is stored in the body during and after delivery Benefits of Folic acid
• Folic acid is beneficial in the period before getting pregnant and within 28 days after conception
• If taken before conception, it helps to reduce the incidence of neural tube defects
• It helps in the absorption of iron
15
Sources of Iron and Folic Acid
Good sources Iron Red meat, liver, fish, poultry Folate Liver, green leafy vegetables, fish, legumes, avocado, sunflower seeds, egg yolk. Moderate sources Legumes, peanuts, cereals, dried fruits, dark green leafy vegetables, plantains. Groundnuts, corn, green peas, pineapples, banana, sweet melon.
oranges, grapefruit,
SESSION 3 MATERNAL NUTRITION
Theme #7
Theme #7
Maternal nutrition during pregnancy & lactation
Theme #8
Theme #8
Maternal nutrition services needed
16
SESSION 3 SESSION 1 MATERNAL MATTERS NUTRITION
WHY NUTRITION
Theme #7: Maternal nutrition during pregnancy and lactation
     
      provide energy and nutrition for you and the growing baby  
   What do you see in the picture?   What kinds of food should you eat when you are   pregnant? What should you avoid doing when you   are pregnant?  








locally available foods. Choose foods from at least 5 food groups at   every meal.   Eat foods rich in Vitamin A and iron such as beans, meat, fish, eggs,                         fo        Poor maternal nutrition can increase the likelihood that your baby is     
Poor maternal nutrition can increase the likelihood that your baby is born preterm, too small, or with cognitive and body defects.
born preterm, too small, or with cognitive and body defects.   Avoid taking tea or coffee with meals as it inhibits iron absorption   and it can interfere with the body’s use of the foods Use iodized salt   n    n  h    u       n  n             Engage in light household duties. Exercise keeps your body strong     
17
SESSION 3 MATERNAL NUTRITION

THEME #7: MATERNAL NUTRITION DURING PREGNANCY AND LACTATION






18
SESSION 1 SESSION 3 MATERNAL MATTERS NUTRITION
WHY NUTRITION
Theme #8: Maternal health services needed
     
   Antenatal care - Pregnant women are expected to visit the local health facility   at least four times.      De-worming - tablets must not be taken during the first three months of   pregnancy.  


Postnatal care - Skilled birth attendants are expected to check the health of   the mother and her infant within a day of the birth and periodically over the   next six to eight weeks.              
19
  
     


20
SESSION 4 CHILD NUTRITION
Theme #9:
Theme #9:
Feeding from birth to 6 months
Feeding from birth to 6 months
Theme#10:
Initiation of complementary feeding at 6 months
Theme #11: Complementary feeding at 7-8 months
Theme #12: Complementary feeding at 9-11 months
Theme #13: Complementary feeding at 12-23 months
Theme #14:
Feeding during and after illness
Feeding during and after illness
Theme #15:
Child nutrition services needed
21
SESSION 4 SESSION 1 CHILD MATTERS NUTRITION
WHY NUTRITION
Theme #9: Feeding from birth to 6 months

OBJECTIVES
Create awareness on the benefits of exclusive breastfeeding newborn and infants

DISCUSSION QUESTIONS
What do you see in the photo? How do you feed your baby from birth to 6 months? What are the benefits of early initiation of breastfeeding?
This theme covers nutrition requirements for infants from birth to five years. It discusses the right food to give to infants after six months, quantities, frequency of feeding and consistency of the food. The aim is to promote dietary diversity in infants and ensure that proper child care and feeding practises are adheredto by the caretakers.
SESSION OBJECTIVES:
KEY MESSAGES
Put your baby to the breast within the first 30 minutes of birth. Initiating breastfeeding facilitates milk production and helps your uterus to go back to shape faster and controls bleeding after delivery.
Feed your baby breast milk only, not even water, during the first six months after birth. Each feed-ing session should take between 20 and 45 minutes.
Exclusive breastfeeding promotes the child’s adequate growth and development. It is always clean; contains antibodies that protect against diseases. Breastmilk is always ready and at the right temperature and is easy to digest. It contains enough water for the baby’s needs.
Breastfeed as often as your child wants especially at night. Your child might be hungry if he/she is fussing, sucking fingers, or moving lips.
• Influence family feeding practises especially for infants and women of reproductive age
• Promote positive child care practises among farming families
Look into your babies eyes, gently stroke their face and body and sing songs as they breastfeed. Wash your hands with soap before breastfeeding and keep your nails trimmed.
THEME OBJECTIVES:
By the end of this theme, families should be able to:
If you are HIV positive, consult the doctor immediately for guidance on how to feed your baby
• Explain the factors that contribute to poor nutrition among infants.
• Describe the feeding patterns for infants and the requirements for achieving good nutrition for infants.
When the child is 5 months old, begin to think and prepare for timely introduction of optimal complementary feeds.
How to cover this theme:
This session is long and has to be covered per theme; therefore it will be divided into 7 themes. In each theme, plan and budget for the cookery to be done in the next theme. Make sure that the cookery in each theme reinforces the previous topic. Make sure that the cookery corresponds to the age group. Do not mix up the food measures of infants. Consistency and quantity should be according to the age group.
FACILITATION REQUIREMENTS
Time required: 45 minutes discussions, and 40 minutes for cookery session of infant meals. Teaching and Learning resources: Counselling cards, food group cards Facilitation methods: Question and Answer, discussion and practical session.
                    
REMEMBER   Feed yourbaby   during the first   birth, do not give   water  
22
SESSION 4 CHILD NUTRITION
THEME #9: FEEDING FROM BIRTH TO 6 MONTHS
   ・   
23
SESSION 1
SESSION 4 CHILD MATTERS NUTRITION
WHY NUTRITION
Theme #10: Initiation of complementary feeding at 6 months
     
   What do you see in the photo?   What type of foods should we start giving a child   of 6 months? How many times should a child be   fed at 6 months?  


      first before giving other foods.   Breastfeed until your baby is two years or older. Continue breastfeeding your      Start to give soft food (porridge, mashed banana or mashed potato,) at the end        
Add breastmilk or other animal milk to prepared soft food.   Food should be thick enough so that it does not run off the spoon.   Feed your child slowly and patiently, make eye contact, encourage and motivate         can make your baby sick with diarrhea.  
REMEMBER   Complementary foods start at     
24
SESSION 4 CHILD NUTRITION
THEME #10: INITIATION OF COMPLEMENTARY FEEDING AT6 MONTHS



25
      SESSION   1   WHY  NUTRITION   MATTERS     
WHY NUTRITION
  
        
   Continue breastfeeding your baby day and night to keep him or her healthy.   baby is two years older.   between meals.  
   What do you see in the photo?   How should you feed your   7 to 8 month old?   How many times should a child be fed at 7 to 8   months?  
  
stomachs and can only eat small amounts at each meal.   Mash and soften the foods so the baby can easily chew and swallow; use         Try to include at food from at least 5 food groups every day  
Add small amounts of oil or margarine to your baby’s food. Animal milks (goat, camel, cow, etc.) are also good things to add.
camel, cow, etc.) are also good things to add.   Use iodized salt in your baby’s food.   Be patient , make eye contact and actively encourage your baby to eat. Never   force your child to eat.     
26


  
     






27
SESSION 4 SESSION 1 CHILD MATTERS NUTRITION
WHY NUTRITION
Theme #12: Complementary feeding at 9 –11 months
     
   What do you see in the photo?   months?  


      Continue breastfeeding your baby until your baby is two years or older to         By 9 months the young child should be able to begin eating finger foods such as   pieces of ripe mango and papaya, banana and vegetables.   Try to include at food from at least 5 food groups each day  
Add small amounts of oil or margarine to your baby’s food. Animal milks (goat,
   Be patient, show love, make eye contact and actively encourage your baby to eat   more food. Never force-feed children.      Wash your hands with soap before preparing food and feeding your child.   REMEMBER to wash your baby’s hands too.     
food in a covered, clean container and give it to your baby     
28
  
     







29
SESSION 4 SESSION 1 CHILD MATTERS NUTRITION
WHY NUTRITION
Theme #13: Complementary feeding at 12 –24 months
        
   What do you see in the photo?   How should you feed your 12 to 24 month old?   months?  



      Continue breastfeeding your young child until they are two years old to   maintain his/her health and strength   slowly than adults, so give the baby his/ her own bowl to make sure s/he gets   enough food.   Be patient and actively encourage your baby to eat. Never force-feed children.  
your young child ¾ to one 250 ml cup/bowl at each feed.
Cut the food into small pieces so the young child can easily chew and swallow.   Try to include food from at least 5 food groups each day   Add small amounts of oil or margarine to your baby’s food. Animal milks (goat,   Store foods given to the baby in clean, safe conditions to avoid diarrhea and   illness.   Wash your hands with soap before preparing food and feeding your child.   REMEMBER to wash your baby’s hands too.     
   Store food in a covered, clean container and give it to   refrigerator)  
30
  
     







31
SESSION 4 SESSION 1 CHILD NUTRITION MATTERS
WHY NUTRITION
Theme #14: Feeding during and after illness

OBJECTIVES
Enhance an understanding of the breastfeeding problems and possible remedies
KEY MESSAGES
• When the child is sick continue to breastfeed often, to help quick recovery and regain the weight lost. Even if your baby has diarrhea it is important to keep breastfeeding.
• If your baby is too weak to suckle, express breastmilk to give to the baby, either by cup or by expressing directly into the baby’s mouth. This will help you keep up making milk for your baby and prevent breast problems (engorgement).
DISCUSSION QUESTIONS
What do you see in the photo? What do you learn from the photo? How should a sick child be fed? Can mothers who fall ill still breastfeed?
• For a child aged 0-6 months breastfeed more frequently during and after illness.
• For a child aged 6-24 months, increase breastfeeding frequency and also feed small amounts of enriched meals/ porridge more frequently
• Follow treatment recommendation given by the medical practitioner.
Feeding during recovery
Remember to continue breastfeeding the child and give small amount amount of food more frequently
• When your young child has recovered, give him/her one additional meal of solid food each day during the next two weeks. This will help him or her to regain weight lost during illness.
• Breastfeed more frequently during two weeks after recovery.
If the mother is sick
• If you are sick you can still breastfeed.


• If you are sick with a cold or diarrhea your breast milk will protect your baby from getting sick also.





32
  
     








33
      SESSION   1   WHY  NUTRITION   MATTERS     
WHY NUTRITION
  
     
      Newborn care  - clean cord-cutting and care, washing infants in warm   breastfeeding  
   What do you see in the photo?   What do you learn from the photo?   How should a sick child be fed? Can mothers who   fall ill still breastfeed?  
Post-natal care - immunization and growth monitoring and promotion (baby weighing, detection of baby/ mother danger signs etc).
weighing, detection of baby/ mother danger signs etc).         Growth monitoring and promotion  
Remember to continue breastfeeding the child   and give small amount of food more   frequently!  
34
  
     

35
SESSION 5 HYGIENE & SANITATION
Theme #16:
Theme #16:
Drinking water treatment and storage and food safety
Theme #17:
Theme #17:
Hand washing at critical moments
Theme #18:
Theme #18:
How to make tippy tap
Theme #19:
Theme #19:
Keeping children away from faeces
Theme #20: Protecting child’s play area (use of mat)
Theme #21:
Protecting child’s play area (breaking the feacal pathways)
36
      SESSION   1   WHY  NUTRITION   MATTERS     
  
     
   What do you see in the photo?   What do you learn from the photo?   What do you do to make water safe for drinking  
The container should be used to store   drinking water only.  
   Even water retrieved from a safe water source can become contaminated                           drinking water is a leading cause of illness and diarrheal disease.      Boiling it or treating it with a chlorine product or household bleach to make it   safe for drinking.     
   If a chlorine treatment product is not available, you can treat your water with   house-hold bleach. Add 8 drops of household bleach for every 1 gallon of   water (or 2 drops of household bleach for every 1 liter of water) and wait 30   minutes before drinking.      do not come into contact with water.  
・    ・    ・    ・    ・   

・    ・ 



37
SESSION 5 SANITATION & HYGIENE
THEME #16: DRINKING WATER TREATMENT AND STORAGE








・    ・    ・    ・    ・   
38
・   
・
      SESSION   1   WHY  NUTRITION   MATTERS     
SESSION 1
  
        
      Avoid eating contaminated foods.   Sorting and preparation of all nuts and grains should be done properly to   avoid consuming aflatoxins.      Wash vegetables and fruits properly before eating them.  
Food Safety refers to handling, preparing, and storing food to reduce the risk of individuals becoming sick from foodborne   illnesses.     
Food safety is a global concern that covers a variety of different areas of everyday life.
   Food safety principles aim to prevent food from becoming contaminated and causing food poisoning. This is achieved   through a variety of different avenues, some of which are:  
Properly cleaning and sanitizing all surfaces, equipment, and utensils      Maintaining a high level of personal hygiene, especially handwashing     
Storing, chilling, and heating food correctly about temperature, environment, and equipment
   Implementing effective pest control      Comprehending food allergies, food poisoning, and food intolerance  
39
      SESSION   1   WHY  NUTRITION   MATTERS     
  
     
   What do you see in the photo?   What do you learn from the photo?   What are the critical times when you should wash   your hands? What about your baby’s hands?  
      Interlock your finger webs and rub them together .   Rub each palm against the back of the opposite hand.   Rub each thumb.   Dry your hands in the air or on a clean, hygienic cloth  
   Wash your hands using running water and soap. Hand washing critical these 4   times   Before preparing food for the baby   After using the toilet   Before feeding the baby or eating   After changing the baby and properly disposing off its feces in a pit latrine.  
before preparing food, before feeding your child, and before eating. Small         after visiting the toilet. A locally made tippy tap or basin and jug with water   can be used.  
40
SESSION 5 SANITATION & HYGIENE
THEME #17: HANDWASHING AT CRITICAL MOMENT
   head gear adde  
head gear adde  
41
  
      SESSION   1   WHY  NUTRITION   MATTERS     
  
     
   Tippy tap is the used for a purpose of hand washing by using running water   and soap.      for people in the household to wash their hands with soap to during critical   points  
   What do you see in this picture?   Can you demonstrate on how to make a tippy tap?   Do you have a tippy tap at your house?   Why is it important to have a handwashing station   like tippy tap next to you kitchen and toilet?  
Make tippy tap by using simple materials available in your area.
holding a can, and for stepping, nails.  
Use soap.  
42
     
     
hae
  
        
        
        
,
Lh, wa ee
              
43
      SESSION   1   WHY  NUTRITION   MATTERS     
  
     
   What do you see from the picture ?   Can you demonstrate on how contamination   occurs from point of  fecal disposal to the mouth?  
ia                    dispose to the toilet.  
   Don’t defecate or throw feces in the bush this will be easy transmitted to the   water or hands by touching contaminated grasses in the .      Remember to build a permanent toilet in your household.   Use the toilet all the time to prevent feces and associated microbial from     
Use the toilet all the time to prevent feces and associated microbial from spreading.
spreading.
44
SESSION 5   SANITATION &   HYGIENE   THEME #19:   KEEPING CHILDREN AWAY   FROM FEACES   vege      garden  

45
SESSION 5 SESSION 1 WHY NUTRITION SANITATION & MATTERS HYGIENE
Theme #20: Protecting child’s play area (use of mat)
     
What do you see in this picture?   our children?     
which affect the family if they get   contamination from the fecal?   Why is it important to have a   handwashing station like tippy tap   next to you kitchen and toilet?  
   Protect your children from eating dirty stuffs from the ground to prevent   them being sick from diarrhea, fever and vomiting.   Parents /caregivers when busy doing other work in the garden or   taking care of chickens make sure you leaveyour child in a clean place  
When you use a mat make sure you fold the role inside out, this is to   ensuretheinside doesn’tgetcontaminated.   Provide your child with toys to avoid picking of dirty things from the   ground, like chickenpoopandother animals.     



46
SESSION 5 SANITATION & HYGIENE
THEME #20: PROTECTING CHILD’S PLAY AREA (USE OF MAT)



47

SESSION 1
WHY NUTRITION
SESSION 5 MATTERS SANITATION & HYGIENE
Theme #21: Protecti.

The following text section comes from a specific evidence file named URL https://hdl.handle.net/10568/155132: ""On-farm Nutrition Baseline Survey Result, Kenya Skip to main content Communities & Collections Browse Navigate CGIAR Centers Statistics English Catal e tina Deutsch Espa ol Suomi Fran ais G idhlig Magyar Italiano Latvie u Nederlands Polski Portugu s Portugu s do Brasil Srpski (lat) Svenska T rk e Y Ti ng Vi t Log In Note: CGIAR users should log in with their Active Directory username and password. For example, if your email is j.smith@cgiar.org, you would use jsmith here. Log in New user? Click here to register. Have you forgotten your password? Home CGIAR research centers International Livestock Research Institute (ILRI) ILRI presentations On-farm Nutrition Baseline Survey Result, Kenya On-farm Nutrition Baseline Survey Result, Kenya No Thumbnail Available Files Presentation (5.25 MB, pptx) Authors Geremew, Kumlachew Date Issued 2024-09-15 Date Online Language en Type Presentation Review Status Access Rights Open Access Usage Rights Other Metadata Full item page Share Citation Geremew, K. 2024. On-farm Nutrition Baseline Survey Result, Kenya. Presented at a result update meeting, Addis Ababa, 15 August 2024. Nairobi, Kenya: ILRI. Permanent link to cite or share this item https://hdl.handle.net/10568/155132 External link to download this item DOI Abstract/Description AGROVOC Keywords nutrition ; farming systems ; surveys Subjects NUTRITION ; FARMING SYSTEMS Countries Kenya Regions Africa ; Eastern Africa Organizations Affiliated to the Authors International Livestock Research Institute Investors/sponsors CGIAR Trust Fund CGIAR Action Areas Resilient Agrifood Systems CGIAR Impact Areas Poverty reduction, livelihoods and jobs CGIAR Initiatives Sustainable Animal Productivity Collections ILRI presentations CGIAR Initiative on Sustainable Animal Productivity ILRI livestock genetics program outputs DSpace software copyright 2002-2025 LYRASIS About Cookie settings Privacy policy Send Feedback"".

The following text section comes from a specific evidence file named URL https://cgspace.cgiar.org/bitstreams/7082c552-d732-42e3-87c8-5a3282079ddc/download: ""Slide 1:
On-farm Nutrition Baseline Survey Result, Kenya
Result update meeting, Addis Ababa
Kumlachew Geremew 
August 15, 2024

Slide 2:
On-farm Nutrition Baseline Survey Result, Kenya

Slide 3:
Women in Kakamega has better educational status
Socio-demographic characteristics

Slide 4:
Socio-demographic characteristics
Bomet is Christian dominated (85%)

Slide 5:
About 70% of women in Bomet were housewives

In both counties, less than 5% of women were government employes
Socio-demographic characteristics

Slide 6:
About 49% of children in Kenya consumed less than the acceptable standard. 
Dietary Diversity

Slide 7:
59% of children in Kakamega did not meet the minimum DD requirement as compared with 36% in Bomet 
Dietary Diversity

Slide 8:
Foo groups consumed by children, Kenya
Children’s consumption in Kenya was cereal-based, followed by milk.  

Slide 9:
In both arms, over 21% of children reported consuming cereals the most.

In the chicken alone treatment arm, eggs were reported as the least consumed food item, while in the chicken + nutrition treatment arm, eggs were the second least consumed food item.

Slide 10:
In the control group in Kenya, only 1.7% of children reported consuming eggs.


The highest proportion of children in this group in Kenya reported consuming cereals.

Slide 11:
In both counties, the highest proportion of children reported consuming cereals.


In both counties, eggs were reported as the least consumed food item

Slide 12:
20% of children in the C-alone arm reported consuming cereals and roots (tubers) as their primary dietary sources within the last 24 hours.


Children in the C+N arm reported consuming cereals and milk as their primary dietary choices.

Slide 13:
Within the last 24 hours, cereals were reported as the most consumed food item among children in Kakamega's control arm. _x000B__x000B__x000B_Eggs were reported as the least consumed food item during that period.

Slide 14:
Children (C –alone arm) reported cereals as the most consumed food item, while no egg consumption was reported_x000B__x000B_
Children (C+N arm) reported consuming cereals as the most frequently chosen food item, while vegetables were reported as the least consumed. 

Slide 15:
Children (Control arm) reported cereals and roots (tubers) as the most consumed food item, while eggs were the least consumed_x000B__x000B_

Slide 16:
65% of women in Kenya did not meet the minimum dietary requirement

Behavioural change in consumption is highly required. 
Dietary Diversity

Slide 17:
In both counties, more than 62% of women did not meet the MDD requirement, and the case in Bomet is severe. 
Dietary Diversity

Slide 18:
Food Groups consumed by Women, Kenya
Women’s consumption in Kenya was cereal-based, followed by dairy products.  

Slide 19:
In the C + N treatment arm, Kenya, over 22% of women reported consuming dairy products the most.

In the chicken alone treatment arm, cereals were reported as the most consumed food item, while nuts and seeds were the least consumed by women in Kenya.

Slide 20:
FG Consumed by women, treatment arms, Kenya
23% of women in the control arm (Kenya) reported they consumed cereals, followed by dark green leafy vegetables

Slide 21:
In Bomet County, most women reported consuming dairy products.

In Kakamega County, most women reported consuming cereals.

Slide 22:
21% of women in the C-alone arm of Kakamega reported consuming cereals as their primary dietary sources within the last 24 hours.

Women in Kakamega's C+N arm reported consuming cereals and dairy products as their primary dietary choices.

Slide 23:
Women in Kakamega’s control arm reported consuming cereals as their primary dietary choices and eggs as one of the least. 

Slide 24:
22.7 % of women in the C+N arm of Bomet reported consuming dairy products as their primary dietary sources.

Women in Kakamega’s C-alone arm reported consuming cereals and dairy products as their primary dietary choices, and no egg consumption was reported.

Slide 25:
26% of women in the control arm of the Bomet reported that their primary dietary sources consisted of cereal and dairy products.
No egg consumption was reported.

Slide 26:
Most women (45%) in Kenya knew their children lacked food when they lost weight. 
Child feeding

Slide 27:
Most women (52%) in Bomet knew their children lacked food when they lacked energy. 
Child feeding

Slide 28:
Most women (45%) in Kakamega knew their children lacked food when they became ill. 
Child feeding

Slide 29:
About 90% of the chicken meat in Kenya prepared was consumed by all HH members 
About 8% of the chicken meat prepared was consumed by all HH adult males only 
Chicken meat consumption

Slide 30:
About 74% of the chicken meat prepared  in Bomet was consumed by all HH members 
About 19% of the chicken meat prepared  in Bomet was consumed by male children only
Chicken meat consumption

Slide 31:
About 81% of the chicken meat prepared  in Kakamega was consumed by all HH members 
About 13% of the chicken meat prepared  in Kakamega was consumed by all HH members & workers
Chicken meat consumption

"""
12189,Optimized indigenous forages of Ethiopia for smallholder farmer small ruminant production,"In Ethiopia, livestock primarily consume indigenous forages, which are traditionally provided either fresh or after undergoing various processing methods. Farmers' preferences for using these forages is being assessed,  the nutritional value evaluated and the potential for further development and commercialization of different varieties of these forages explored.","The following text section comes from a specific evidence file named URL https://hdl.handle.net/10568/127474: ""Indigenous Forage Species Evaluation and Variety Development in Ethiopia: A Historical Perspective Skip to main content Communities & Collections Browse Navigate CGIAR Centers Statistics English Catal e tina Deutsch Espa ol Suomi Fran ais G idhlig Magyar Italiano Latvie u Nederlands Polski Portugu s Portugu s do Brasil Srpski (lat) Svenska T rk e Y Ti ng Vi t Log In Note: CGIAR users should log in with their Active Directory username and password. For example, if your email is j.smith@cgiar.org, you would use jsmith here. Log in New user? Click here to register. Have you forgotten your password? Home CGIAR 2030 Portfolio CGIAR 2030 research initiatives and impact platforms (2022 2024) CGIAR Initiative on Sustainable Animal Productivity Indigenous Forage Species Evaluation and Variety Development in Ethiopia: A Historical Perspective Indigenous Forage Species Evaluation and Variety Development in Ethiopia: A Historical Perspective Loading... Files Internal Document (2.05 MB, pdf) Authors Ekule, Muluken Wamatu, Jane Mengistu, Solomon Date Issued 2022-12-30 Date Online 2022-12-30 Language en Type Internal Document Review Status Access Rights Open Access Usage Rights Metadata Full item page Share Citation Muluken Ekule, Jane Wamatu, Solomon Mengistu. (30/12/2022). Indigenous Forage Species Evaluation and Variety Development in Ethiopia: A Historical Perspective. Nairobi, Kenya: International Livestock Research Institute (ILRI). Permanent link to cite or share this item https://hdl.handle.net/10568/127474 External link to download this item DOI Abstract/Description A historical view of forage research in Ethiopia with a focus on native forage species. Author ORCID identifiers Jane Wamatu https://orcid.org/0000-0003-3544-6718 Contributes to SDGs AGROVOC Keywords forage ; ethiopia ; goal 1 no poverty ; goal 3 good health and well-being ; goal 12 responsible production and consumption ; forage ; environmental health and biodiversity ; nutrition, health and food security Countries Ethiopia Regions Eastern Africa Organizations Affiliated to the Authors International Center for Agricultural Research in the Dry Areas ; Ethiopian Institute of Agricultural Research Investors/sponsors CGIAR Trust Fund CGIAR Action Areas Resilient Agrifood Systems CGIAR Impact Areas Nutrition, health and food security ; Environmental health and biodiversity CGIAR Initiatives Sustainable Animal Productivity Collections CGIAR Initiative on Sustainable Animal Productivity ICARDA Project Reports, Papers, and Documents ICARDA Publications DSpace software copyright 2002-2025 LYRASIS About Cookie settings Privacy policy Send Feedback"".

The following text section comes from a specific evidence file named URL https://cgspace.cgiar.org/bitstreams/770780bf-a63e-4ff0-b714-cbdf1eccc002/download: ""Indigenous Forages of Ethiopia
Species Evaluation and Variety Development: A Historical Perspective
Muluken Zeleke1 I Jane Wamatu1 I Solomon Mengistu2
1International Center for Agricultural Research in the Dry Areas (ICARDA)
2Consultant, Forage Specialist

November 2022
4 INITIATIVE ON Wm SI | pespnatcni CG IAR
ICARDA Science for resilient livelihoods in dry areas
The program thanks all donors and organizations which globally support its work through their contributions to the CGIAR Trust Fund
©2022
This publication is copyrighted by the International Livestock Research Institute (ILRI). It is licensed for use under the Creative Commons Attribution 4.0 International Licence. To view this licence, visit https://creativecommons.org/licenses/by/4.0. Unless otherwise noted, you are free to share (copy and redistribute the material in any medium or format), adapt (remix, transform, and build upon the material) for any purpose, even commercially, under the following condition:
@®
ATTRIBUTION. The work must be attributed, but not in any way that suggests endorsement by ILRI or the author(s).
NOTICE:
For any reuse or distribution, the licence terms of this work must be made clear to others. Any of the above conditions can be waived if permission is obtained from the copyright holder. Nothing in this licence impairs or restricts the author’s moral rights.
Fair dealing and other rights are in no way affected by the above.
The parts used must not misrepresent the meaning of the publication.
ILRI would appreciate being sent a copy of any materials in which text, photos etc. have been used.
Editing, design, and layout—ILRI Editorial and Publishing Services, Addis Ababa, Ethiopia.
Cover photo: Tifolium Fusarium/Solomon Mengistu.
Citation: Muluken, Z., Wamatu, J., Mengistu, S. 2022. Indigenous Forages in Ethiopia. Species Evaluation and Variety Development: A historical Perspective. Nairobi, Kenya: ILRI.

ii
Contents
List of Abbreviations and Acronyms ............................................................................................ v Acknowledgments ............................................................................................................................. vii Introduction ............................................................................................................................................. 1 Chapter 1: Historical Perspective of Forage Research in Ethiopia ................................. 4 1.1. The Institute of Agricultural Research (1966-1990) ................................................................. 4 1.2 The Arsi Rural Development Unit (ARDU) (ex-CADU) ............................................................... 5 1.3 The International Livestock Center for Africa (now, ILRI) .......................................................6 1.4 System of disseminating research output before and after establishment of NVRSCA .......................................................................................................................................................................... 10 Chapter II: Research and Achievements on Indigenous Legumes (Family Fabaceae) ............................................................................................................................................... 14 2.1 Legumes Received High Research Emphasis in Ethiopia .................................................... 14 2.2 Forage Legume Genetic Resources, and Germplasm Collection Activities in Ethiopia .......................................................................................................................................................................... 16 2.3 Evaluation of native annual clovers (Trifolium) for forage yield and nutritional quality .............................................................................................................................................................................. 17 2.4. Evaluation of native perennial clovers for forage yield and nutritional quality ...... 28 2.5. Evaluation of indigenous medics (genus Medicago) ............................................................... 31 2.6. Evaluation of indigenous sesbanias (genus Sesbania) .......................................................... 32 2.7. Evaluation of indigenous glycine (Neonotonia wightii) ........................................................ 45 2.8. Evaluation of indigenous stylo (Stylosanthes fruitcosa) .......................................................46 2.9. Evaluation of indigenous Rhynchosia species (genus Rhynchosia).............................. 47 2.10. Evaluation of indigenous Desmodium species (genus Desmodium) ........................49 2.11. Evaluation of a group of indigenous legume taxa in a multispecies trial at CADU (Melilotus, Mucuna, Neonotonia, Teramnus, Trifolium) .................................................................. 51 Chapter III: Research and Achievements on Indigenous Forage Grasses (Family Poaceae) ................................................................................................................................................ 52
Poaceae) ................................................................................................................................................ 52 3.1. Forage grass genetic resources and germplasm collection activities in Ethiopia. 52 3.2. Collection of indigenous forage grass germplasm ................................................................... 52 3.3. Research Activities on Grasses at Genus and Species Level ............................................... 54
Chapter IV: Gaps and Future Research Directions on Forage Research and Development ....................................................................................................................................... 72
iii
4.1. Research gaps .................................................................................................................................................. 72 4.2. Areas for Future Research Attention ................................................................................................. 72 References ............................................................................................................................................ 75 Appendices ........................................................................................................................................... 85 Appendix 1. Distribution of indigenous Trifolium species in eastern Africa ........... 85 Appendix 2. Accessions of Trifolium collected from the Ethiopian highlands. ............. 87 Appendix 3. DM yield of Ethiopian Neonotonia wightii accessions at Soddo ................. 88 Appendix 4. Revised version of the National Variety Release and Registration Guideline ................................................................................................................................................ 90
iv
List of Abbreviations and Acronyms
~
:
:
:
:
/
/
:
:
~
~
:
Acronym/ Abbreviation ArARC Areka Agricultural Research Center AxARC Axum Agricultural Research Center ARARI Amhara regional agricultural research institute BARC Bako agricultural research center BNF Biological nitrogen fixation cm Centimeter CIAT Centro Internasional Agricultura Tropical (International Center for Tropical Agriculture) CV Coefficient of variation; cultivar CSIRO Commonwealth Scientific and Industrial Research Organisation CDD Crop Development Department CP Crude protein DZARC Debre Zeit Agricultural Research Center DAP Di-ammonium phosphate DM Dry matter EIAR Ethiopian Institute of Agricultural Research EAA Ethiopian Agriculture Authority Fig. Figure FAO Food and Agriculture Organization FM Fresh matter g Gram ha Hectare HARC Holeta Agricultural Research Center HuARC HuARC Humera Agricultural Research Center HuARC Humera Agricultural Research Center CIAT International Center for Tropical Agriculture IAR Institute of Agricultural Research IBPGR International Board for Plant Genetic Resources ICARDA International Centre for Agricultural Research in the Dry Areas ILCA International Livestock Centre for Africa ILRI International livestock research institute IVDMD In-vitro dry matter digestibility kg Kilogram KARC Kulumsa Agricultural Research Center MARC Melkasa agricultural research center

~
MOA
Ministry of agriculture
m
Meter
m.a.s.l. /mm
m.a.s.l.
mm
Meters above sea level
""Millimeter
Millimeter
v
~
:
~
:
/
:
/
/
~
/

:
:
|
~
Multipurpose trees Ministry of Agriculture and Rural Development National Centre for Agricultural Research and Technology Transfer National Seed Industry Agency National Variety Release Committee Nationall Variety Release, Registration and Seed Certification Agency North; Nitrogen Oromia regional agricultural research institute Number National yield trial Pawe Agricultural Research Center Plant variety release, protection and seed quality control directorate Per cent Phosphorus Quintal (100 kg) Shire-Mytsebri Agricultural Research Center Somali region patoral agropastoral research institute South regional agricultural research institute Serial number South Southern Nations Nationalities and Peoples Region Species (plural, many species) Species (singular, one species) Swidish International Development Agencyy Synonymous Technical committee (of NVRC) Tigray RegionalAgricultural Research Institute Tonne (1000 kg) Triple superphosphate Variety Variety Verification Trial Werer Agricultural Research Center
MPT
MoARD
NCARTT
NCIC
NVRC
NVRSCA
N
ORARI
No
NYT
PARC
PVRPSQCD
%
P
q
SMARC
SoRPARI
SRARI
SN
S
SNNPR
Spp
Sp
SIDA
Syn.
TC
TARI
t
TSP
Var
VVT
WARC
vi
Acknowledgments
This work was conducted as part of the CGIAR Initiative on Sustainable Animal Productivity. CGIAR research is supported by contributions to the CGIAR Trust Fund. CGIAR is a global research partnership for a food- secure future dedicated to transforming food, land, and water systems in a climate crisis.
vii
Introduction
Agricultural research in Ethiopia began in the early 1960s. The earliest agricultural research center was the Debre Zeit Experiment Station, a constituent station of Alemaya College of Agriculture, Emperor Haile Selasie University. Almost at the same time, the national research system, IAR was established in 1966, by proclamation No 42/58 (1958 E.C.). The Swedish-Ethiopian regional agricultural development branch- the Arsi Rural Development Unit (ARDU) was founded in 1966 (SIDA, 1966), and became operational in 1972 (CADU, 1972). The CGIAR research institute, ILCA, was established in 1982 to promote livestock development in Africa. All these institutions did their part to improve livestock productivity through improving animal feed inter alia.
to improve livestock productivity through improving animal feed inter alia.
The scope of this review is limited to the topic of forage research in Ethiopia, with a focus on native Forage species. Therefore, the foregoing discussions do not go beyond simple presentation of stories of forage research processes, achievements, and gaps in the research, collected from published and unpublished literature found at various national and international research institutions.
From the research achievements of the pioneering institute CADU-ARDU, it is evident that wholistic, system-based research and development approaches were more fruitful than isolated single item-based approaches. Although sustenance could not be maintained for various reasons, there is evidence that improved forage crops developed by CADU have made their way to the farm gates of smallholder farmers in Arsi (ARDU, 1983). Additionally, CADU researchers have laid the groundwork for the fruitful approach of screening and developing varieties from indigenous material (Carlson, J., 1972; Thulin, M., 1972). Now, after half a century of research (with “staggering” achievements), benefits of focusing research efforts on native forages are vivid. Box 1.1 is a case in point.
A review of published and unpublished literature revealed that a total of 59 indigenous forage species (31 legumes and 28 grasses) have undergone evaluation for their forage value. Of these, 6 legume varieties and 9 grass varieties have been registered/released (NVRC, 2018). This number does not correspond to the exotic species that have been introduced and evaluated in the country since forage research began. Apart from a few species: Oats (Avena spp), Rhodes (Chloris gauana), Guinea grass (Panicum maximum), vetches (Vetch spp) Lucerne (Medicago sativa) desmodiums (Desmodium intortum and D. uncinatum) which remain valuable forage crops in districts of Ethiopia, other large numbers of introductions failed important selection criteria (adaptation, yield and quality). Some temperate grass species such as rye grass (Lolium spp) are destroyed by rust. Most of the previously selected and recommended oats varieties (Lulseged G. Hiwot, 1981), suffer from crown rust, although resistant varieties have been developed. Oats
1
remain the only successful annual forage grass species. The exotic clovers (Trifolium repens, T. pretense and others) cannot compete with the native clover species in terms of adaptability and herbage yield.
Box 1.1: Desho, the mysterious indigenous forage grass
Desho grass (Pennisetum glaucifolium) is an indigenous perennial grass forage variety developed from native ecotypes germplasm collected jointly by the Debre Zeit Agric Research Center (DZARC) and Areca Agricultural Research Center (AARC) of the Southern Nations Nationalities and Peoples Region (SNNPR) around Wolayta Zone. The grass is tussoky, rhizomatous, erect, up to 2 meters tall. The dense stem and foliage is glossy, so named glousifolius. Forage yield varies widely with soil fertility and moisture. Mean dry forage yield per harvest ranged 5.6 – 8.8 t/ha DM. While yearly (3 cuts) yield (under irrigation), ranged between 21.0 t/ha (Areka-DZF-590) to 24.59 t/ha (Kindukosha-DZF-591). At its best location (Wondo Genet) with fertile soil and abundant soil moisture, the mean DM yield ranged 25 – 39 t/ha (Solomon Mengistu et al, 2017; Tekalign Yirgu et al, 2017). Among the “pro-poor” forage technologies, three varieties of desho officially released by DZARC have provided hope to the smallholder farmer (Fig. 1). MoARD and NGOs have desiminated planting material almost throughout the highlands of Ethiopia. Farmers plant desho in their backyard on small plots and use the green fodder to feed lactating cows and young stock. Desho ha gained nationwide popularity. Some farmers have taken up multiplying propagation material as a business and make money by selling bunches of vegetative (stem cuttings and rhizome splits) to neigbouring farmers and even to distant areas, hundreds of kms away. The business has spread dramatically.
Veriti e cation of Desho grass (Pennisetum ‘slaucifolium) Varieties for yie ties for yield and quality under supplemental irrigation Planting Date: July 5/2008 £.C op July 12, 2016 6. Plot No.4 Treat. 1 Candidate Variety
Fig 1. Recently released indigenous grass variety of Desho (Pennisetum glaucifolium), DZF-
592
2
Various references in literature indicate that the screening and selection of forage materials carried out by most institutions does not go beyond simple agronomic and laboratory assessments. Advanced agronomic evaluations related to determination of nutrient requirements and selection of compatible species for grass-legume mixtures are generally lacking. Apart from a few exceptions, animal experimental evaluation of target species in the sense of grazing trials and feeding trials with penned-in herbivores is also missing. The limitation
has been understandably attributed to a lack of resources (finance, facilities, and expertise). Due to prevailing ignorance of the potential of native genetic forage resources and lack of conservation measures, many potential species are threatened with extinction year after year due to human practices: encroachment of cultivated crops, road construction, urbanization, unjustified land use that devastates the habitats of rare species. Already in the 1980s, warning reports about the eminent danger of extinction of the rarest and most potential native species were made available to the public (Solomon Mengistu, 1988; 2010b; Solomon M. and Alemayehu M, 2015). According to recent observations, incredibly large tracts of natural forest and forest margins, home to various endemic and near-endemic species, have been destroyed for arable farming and urbanization. One can imagine the magnitude of habitat destruction by comparing the present and near past (two decades ago) vegetation status of the Bale Mountains. In less than two decades, many rare and highly potential forage species have been lost due to clearing of the natural vegetation. In the face of these ongoing threats, it is outrageous to learn that a national ex-situ conservation practice does not yet exist.
3
Chapter 1: Historical Perspective of Forage Research in Ethiopia
1.1. The Institute of Agricultural Research (1966-1990)
Prior to its evolution into the present EIAR, the Institute of Agricultural Research (IAR) was established in the early 1960s by the Imperial Ethiopian Government as a fully-fledged national institution with a mandate to conduct agricultural research throughout Ethiopia (IAR, 1976). The Forage and Range Management Division of IAR conducted research in forage, rangelands, and animal nutrition since 1996, as reported in the earliest Research Progress Report (IAR, 1976). The earliest research stations of IAR included: Holetta, Sinana, and Adet (highland representatives), Bako, Assosa and Pawe (subhumid representatives), Melka Werer and Adami Tulu (low-altitude semiarid representatives). Of these, Holeta, Bako, Adami Tulu and Melka Werer were the oldest and well organized of all IAR stations, particularly in livestock research.
A review of available progress reports shows that IAR has assesssed a large number of forage accessions including grasses, legumes and fodder trees and shrubs at its various research stations. Perhaps the largest number of accessions ever introduced was that of oats, 9,000 entries were introduced and screened at Holleta, Sheno and Sinana research centers (Astate Haile, 1976; Lulseged G. Hiwot, 1987)
During the first decade of its operation, IAR placed more emphasis on the evaluation of temperate forage for the highlands (Lulseged Gebre Hiwot, 1987). The priority for the highlands is the fact that the Ethiopian highlands are one of zones with high livestock potential. The other rationale was to meet the increasing demand for improved forages by the small-scale dairy industry and state-run dairy farms, that are continually upgrading their dairy herd to higher exotic breeds through artificial insemination.
Major forage taxa that have been evaluated on the highlands include: Medicago, Trifolium, Melilotus, Vicia (legumes) Avena, Dactylis, Festuca, Lolium, Phalaris, Setaria (grasses); and fodder root crops such as swedes and fodder beet. These forage species were tested for yield both as pure stands and as grass/legume mixtures. Studies have also been conducted on their potential for establishment under unfavorable soil conditions such as poor drainage and low soil fertility, grazing management systems and methods for their integration into arable farming systems. Promising species identified for the highlands include Vicia dasycarpa, Avena sativa and fodder beet (Beta vulgaris) (Lulseged Gebre Hiwot and Alemu Tadesse, 1985).
Tropical forage species, imported mainly from Australia and Kenya have been tested at Bako and the surrounding stations since 1971 (Haile, Astatke, 1976). These include most of the successful
4
commercial tropical forage species: Setaria, Chloris, Sorghum, Paspalum (grasses) Centrocema, Dolichos, Glycine, Lotononis, Medicago, Macrotyloma, Desmodium, Phaseolus, and Stylosanthes (legumes), Leucaena and Sesbania (browse trees).
1.2 The Arsi Rural Development Unit (ARDU) (ex-CADU)
The Arsi Rural Development Unit (ARDU), formerly known as the Chilalo Agricultural Development Unit (CADU) was established under the Ministry of Agriculture (MOA) in 1967 at Asela and was financed jointly by the Ethiopian and Swedish governments to promote agricultural development in Chilalo Awraja (District) (ARDU, 1967). In 1975, its development program comprised: research on crop and livestock production, socioeconomic studies, extension services, and building of various infrastructures.
The Crop and Pasture Section had been one of the various research and development units of ARDU. During its active operation in the past, the unit had achieved considerable successes not only in terms of identifying productive forage cultivars suited for its mandate area (the Arsi highland) but also in getting some of the selected cultivars adopted by the subsistence farmers to the extent that seeds were produced on the farmer's field, and farmer to farmer transfer of forage seed was reported (ARDU, 1983). The success was attributed to its strong extension service coupled with the comprehensive package of livestock improvement technologies, such as provision of credits, cross-bred cattle, forage seed, veterinary facilities, market facilities and infrastructure.
The major areas of ARDU's forage research program include study of indigenous species, natural pasture improvement, and introduction and evaluation of exotic forage species and associated management systems.
Collection and evaluation of indigenous forages
ARDU has been appreciated for its pioneer work in the collection and evaluation of indigenous potential forage species, which had not received significant attention until then. Several ARDUS's expatriate scientists have undertaken agro-botanical investigations on potential forage plants. Carlson (1972) collected 39 ecotypes of six grass species including Cenchrus ciliaris (8 ecotypes), Chloris gayana (11), Phalaris arundinaceae (7), Setaria sphaceleta (1), mostly from Arsi and the surrounding areas for determination of forage yield and nutrient content. According to Carlson, considerable intra-specific variations in yield were observed for some species, and many of them had outyielded their respective exotic variety controls.
Thulin (1972) had carried out an agro-botanical investigation of leguminous species in Chilalo Awraja and come up with 90 accessions in the family Leguminosae and 300 accessions in other
5
different families along with their descriptions of specific habitats, distribution, and apparent potentials as forages.
Froman (1974; 1975) had also undertaken similar studies on native legume and grass accessions and published two illustrated guides to taxonomic determination of both legume and grass families, including short notes on their distribution, palatability, and apparent toxicity to livestock. Thus, one would speculate that it was ARDU's initial work on native forages that prompted other institutions such as ILCA and EIAR to embark on extensive collection of potential forage taxa in Ethiopia. Furthermore, ARDU’s forage crop germplasm introductions make up the bulk of elite species germplasm still circulating among research and development institutions and farmers alike.
In general, ARDU has made considerable contribution not only to forage research and development but also to the overall agricultural sector productivity in its mandate area, particularly during its first decade of active operation. Its holistic systems-oriented agricultural development packages and the strong extension services had been the salient features of its operation, which laid the foundation for crop and livestock innovations in Ethiopia. Details of forage research activities undertaken by CADU/ ARDU are available under the respective sections for genus and species.
1.3 The International Livestock Center for Africa (now, ILRI)
The International Livestock Centre for Africa (ILCA) (now ILRI) was created in 1974 as part of the network of agricultural research centers in developing countries sponsored by the Consultative Group on International Agricultural Research (CGIAR). ILCA’s mandate was, according to the Center’s report, to carry out research and to assist African governments in increasing livestock productivity thereby improving human welfare. Its headquarters was based in Addis Ababa (1970- 2004). It had two major sub-stations (Debre Berhan and Debre Zeit) and several testing/project stations in Ethiopia. The Highland Program was one of the several programs that ILCA has launched in different eco-climatic zones of tropical Africa. The cool highlands represent an eco- climate which is somewhere between temperate and tropical in character. Justifying the research focus on the highlands Gryseels and Anderson (1983) stated that “The mild climate of the central highlands favors the introduction of higher-yielding cross-bred animals and is suitable for the cultivation of forage crops, allowing productivity increases to be achieved through livestock.” To that end, the Ethiopian Highland Program was founded in 1976.
6
Having defined its emphasis area, ILCA embarked on forage and pasture research in 1976 as part of the Highland Program activities. Two principal research stations: Debre Berhan (2800 m.a.s.l.) and Debre Zeit (1860 m.a.s.l.) were founded both of which are located within the central highlands. In 1981, ILCA built a new building at Shola (2380 m.a.s.l.), northern Addis Ababa and was officially inaugurated in 1982 as its headquarters. Open sites in its compound were used as testing site and seed multiplication for temperate forages. In 1982, the Forage Legume Agronomy Group (FLAG) was created to extend the forage research activities (with emphasis on legumes) to the tropical lowland eco-climates. Two more satellite stations were opened in 1982/83 at Zwai (1700 m.a.s.l.) in the Rift Valley and at Soddo (1900 m.a.s.l.) (formerly under northern Sidama province, now under the Southern Nations, Nationalities and Peoples Region (SNNPR) where forage germplasm multiplication and agronomic evaluation had been carried out.
1.3.1. Debre Berhan station
Debre Berhan (2800 m.a.s.l.) represented the cool high plateaux of Ethiopia (2600-3000 m.a.s.l.). It receives about 1150 mm mean annual rainfall and has a mean annual temperature of 10 - 15 oC, which is suitable for evaluation of temperate forage species. At Debre Berhan, the forage research until 1981 focused on species adaptation, herbage yield, fallow land improvement for pasture production, and bottomlands improvement through surface drainage techniques to render them fit for growing of pasture and food crops (Abate Tedila, 1982). Several entries of temperate pasture and fodder species including clovers, medics and oats, some cereals, pulses, and potatoes were tested twice a year (during the small and big rainy seasons) for adaptability. Natural pasture improvement through over-sowing of legumes was attempted by the Highlands Program around Debre Berhan (Jutsi, et al, 1987) but the effort was not successful (Jutsi, et al, 1985).
1.3.2. Debre Zeit station
Debre Zeit station was founded in 1975 as a representative experimental site for the mid-altitude highland regions. Forage research was started there in 1977/78 crop year following a baseline study on the station carried out in 1975/76 (Ephrem Bekele, 1978). Many forage species both annuals and perennials grasses and legumes, fodder root crops and browse obtained from IAR and other seed centers were tested for their agronomic performance at the station. About 575 accessions of forages were screened in the period 1978-81 of which 372 were promoted for further evaluations such as yield, nutrient composition and management systems (Abate Tedla, 1981). As part of its multipurpose trees (MPT) evaluation activities in sub-Saharan Africa, ILCA had been evaluating a wide range of Sesbania germplasm both at shola (ILCA headquarters) and at Debre Zeit (ILCA, 1988). Several accessions of Sesbania sesban, S. goetzei, S. arborea, S. bispinosa, S.
7
canabina, S. formosa, S. grandiflora, S. macrantha and S. rostrata were included in the trial. These were evaluated for height increase (during establishment year) and leaf dry matter yields at different cutting frequencies. The result showed that S. sesban accessions out-yielded all the other Sesbania species grown together including the control (S. sesban, Debre Zeit Common). The authors concluded that the highest fodder yield was obtained from plants pruned once at the end of the wet season.
1.3.3. Soddo station
The Soddo forage experiment station is in the campus of the Ministry of Agriculture Training Center, formerly known as the Wolayta Agricultural Development Unit (WADU), which was contemporary to ARDU in Arsi. In 1982, The French Agricultural Development agents conducted a limited forage trial which was later handed over to the Forage Legume Agronomy Group (FLAG) of ILCA in 1984 through bilateral research partnership with the Fourth Livestock Development Program (FLDP). Since then, many humid tropical forage species were screened for adaptability to acid soils at Soddo area, which represents the sub-humid regions of eastern and central Africa. There was significantly wide genetic base in the screening program especially in the Stylosanthes and Zornia genera. Desmodium species were under-sown in coffee plantations in an aim to integrate fodder with horticultural crops, which is the dominant farming system in the region. Preliminary observations showed D. intortum to have promise as a well adapted and high yielding fodder legume with considerable shade tolerance when undersown in coffee trees on farmers’ field. Soddo station provided facilities for thesis project works for graduate students from Alemaya University, including advisory from ILCA scientists. Valuable information was generated from such thesis work like yield and feeding value of stylos (Adugna Tolera and A. N. Seid, 1994); on productivity of alfalfa on acid soils with lime amendments (Yimer Hassen and J.C. Tothill, 1994), forage potential of indigenous Neonotonia wightii (Larbi et al, 1992) and Stylosanthes fruiticosa
(Hakiza, J. et al, 1988).
1.3.4. Zwai station
Zwai station is located some five kms south of Zwai town and since its foundation in 1982, has served as the major forage seed production site of ILCA. The Zwai station is ideally located near a permanent water source for a year-round irrigation. It consists of 4.5 ha of flatland, fertile alluvial soil of sandy-loam texture with a pH range of 6.5-7.5. Access to electric power for irrigation pumps was facilitated by its location around the private and state-owned horticultural farms. Thousands of entries of tropical forage grasses, legumes and browse trees had been established in permanent small plots (4x4m) where using irrigation multiple harvest of seed was possible. The
8
warm temperature, fertile alluvial soil was ideal for quick regeneration of the various tropical grass and legume forages, including the collections from several African countries (Hanson, J. and Mengistu, S., 1991).
1.3.5. ILCA Forage Germplasm Collection and Conservation Unit
Among the various forage and pasture research activities of ILCA over the past three decades, the establishment of the forage gene bank is considered the most salient contribution to forage research and development endeavors in Africa and the world at large. Formerly the forage collections were stored in ordinary rooms, necessitating frequent regeneration of germplasm. The need for installation of a gene bank became apparent in 1982, when the germplasm acquisition grew dramatically following ILCA’s extensive field collection of forage germplasm undertaken both locally and from the various African countries with financial support of the International Board for Plant Genetic Resources (IBPGR) (Kahurananga J. and Mengistu, S. 1983; 1984). Later in the mid-1980s, the germplasm collection at ILCA was reported to have grown to about 9,166 accessions of forage species, including legumes, grasses and browse, and composed of about 75% legumes and 10% each of grasses and browse with 111 genera and 341 species represented in the collection (Hanson, J. and Lazier, J., 1988). According to the report the major part of the collection was made up of experimental lines of germplasm which were either acquired from other institutions or original collections of forages from various countries in A","Optimized indigenous forages of Ethiopia for smallholder farmer small ruminant production In Ethiopia, livestock primarily consume indigenous forages, which are traditionally provided either fresh or after undergoing various processing methods. Farmers' preferences for using these forages is being assessed,  the nutritional value evaluated and the potential for further development and commercialization of different varieties of these forages explored. The following text section comes from a specific evidence file named URL https://hdl.handle.net/10568/127474: ""Indigenous Forage Species Evaluation and Variety Development in Ethiopia: A Historical Perspective Skip to main content Communities & Collections Browse Navigate CGIAR Centers Statistics English Catal e tina Deutsch Espa ol Suomi Fran ais G idhlig Magyar Italiano Latvie u Nederlands Polski Portugu s Portugu s do Brasil Srpski (lat) Svenska T rk e Y Ti ng Vi t Log In Note: CGIAR users should log in with their Active Directory username and password. For example, if your email is j.smith@cgiar.org, you would use jsmith here. Log in New user? Click here to register. Have you forgotten your password? Home CGIAR 2030 Portfolio CGIAR 2030 research initiatives and impact platforms (2022 2024) CGIAR Initiative on Sustainable Animal Productivity Indigenous Forage Species Evaluation and Variety Development in Ethiopia: A Historical Perspective Indigenous Forage Species Evaluation and Variety Development in Ethiopia: A Historical Perspective Loading... Files Internal Document (2.05 MB, pdf) Authors Ekule, Muluken Wamatu, Jane Mengistu, Solomon Date Issued 2022-12-30 Date Online 2022-12-30 Language en Type Internal Document Review Status Access Rights Open Access Usage Rights Metadata Full item page Share Citation Muluken Ekule, Jane Wamatu, Solomon Mengistu. (30/12/2022). Indigenous Forage Species Evaluation and Variety Development in Ethiopia: A Historical Perspective. Nairobi, Kenya: International Livestock Research Institute (ILRI). Permanent link to cite or share this item https://hdl.handle.net/10568/127474 External link to download this item DOI Abstract/Description A historical view of forage research in Ethiopia with a focus on native forage species. Author ORCID identifiers Jane Wamatu https://orcid.org/0000-0003-3544-6718 Contributes to SDGs AGROVOC Keywords forage ; ethiopia ; goal 1 no poverty ; goal 3 good health and well-being ; goal 12 responsible production and consumption ; forage ; environmental health and biodiversity ; nutrition, health and food security Countries Ethiopia Regions Eastern Africa Organizations Affiliated to the Authors International Center for Agricultural Research in the Dry Areas ; Ethiopian Institute of Agricultural Research Investors/sponsors CGIAR Trust Fund CGIAR Action Areas Resilient Agrifood Systems CGIAR Impact Areas Nutrition, health and food security ; Environmental health and biodiversity CGIAR Initiatives Sustainable Animal Productivity Collections CGIAR Initiative on Sustainable Animal Productivity ICARDA Project Reports, Papers, and Documents ICARDA Publications DSpace software copyright 2002-2025 LYRASIS About Cookie settings Privacy policy Send Feedback"".

The following text section comes from a specific evidence file named URL https://cgspace.cgiar.org/bitstreams/770780bf-a63e-4ff0-b714-cbdf1eccc002/download: ""Indigenous Forages of Ethiopia
Species Evaluation and Variety Development: A Historical Perspective
Muluken Zeleke1 I Jane Wamatu1 I Solomon Mengistu2
1International Center for Agricultural Research in the Dry Areas (ICARDA)
2Consultant, Forage Specialist

November 2022
4 INITIATIVE ON Wm SI | pespnatcni CG IAR
ICARDA Science for resilient livelihoods in dry areas
The program thanks all donors and organizations which globally support its work through their contributions to the CGIAR Trust Fund
©2022
This publication is copyrighted by the International Livestock Research Institute (ILRI). It is licensed for use under the Creative Commons Attribution 4.0 International Licence. To view this licence, visit https://creativecommons.org/licenses/by/4.0. Unless otherwise noted, you are free to share (copy and redistribute the material in any medium or format), adapt (remix, transform, and build upon the material) for any purpose, even commercially, under the following condition:
@®
ATTRIBUTION. The work must be attributed, but not in any way that suggests endorsement by ILRI or the author(s).
NOTICE:
For any reuse or distribution, the licence terms of this work must be made clear to others. Any of the above conditions can be waived if permission is obtained from the copyright holder. Nothing in this licence impairs or restricts the author’s moral rights.
Fair dealing and other rights are in no way affected by the above.
The parts used must not misrepresent the meaning of the publication.
ILRI would appreciate being sent a copy of any materials in which text, photos etc. have been used.
Editing, design, and layout—ILRI Editorial and Publishing Services, Addis Ababa, Ethiopia.
Cover photo: Tifolium Fusarium/Solomon Mengistu.
Citation: Muluken, Z., Wamatu, J., Mengistu, S. 2022. Indigenous Forages in Ethiopia. Species Evaluation and Variety Development: A historical Perspective. Nairobi, Kenya: ILRI.

ii
Contents
List of Abbreviations and Acronyms ............................................................................................ v Acknowledgments ............................................................................................................................. vii Introduction ............................................................................................................................................. 1 Chapter 1: Historical Perspective of Forage Research in Ethiopia ................................. 4 1.1. The Institute of Agricultural Research (1966-1990) ................................................................. 4 1.2 The Arsi Rural Development Unit (ARDU) (ex-CADU) ............................................................... 5 1.3 The International Livestock Center for Africa (now, ILRI) .......................................................6 1.4 System of disseminating research output before and after establishment of NVRSCA .......................................................................................................................................................................... 10 Chapter II: Research and Achievements on Indigenous Legumes (Family Fabaceae) ............................................................................................................................................... 14 2.1 Legumes Received High Research Emphasis in Ethiopia .................................................... 14 2.2 Forage Legume Genetic Resources, and Germplasm Collection Activities in Ethiopia .......................................................................................................................................................................... 16 2.3 Evaluation of native annual clovers (Trifolium) for forage yield and nutritional quality .............................................................................................................................................................................. 17 2.4. Evaluation of native perennial clovers for forage yield and nutritional quality ...... 28 2.5. Evaluation of indigenous medics (genus Medicago) ............................................................... 31 2.6. Evaluation of indigenous sesbanias (genus Sesbania) .......................................................... 32 2.7. Evaluation of indigenous glycine (Neonotonia wightii) ........................................................ 45 2.8. Evaluation of indigenous stylo (Stylosanthes fruitcosa) .......................................................46 2.9. Evaluation of indigenous Rhynchosia species (genus Rhynchosia).............................. 47 2.10. Evaluation of indigenous Desmodium species (genus Desmodium) ........................49 2.11. Evaluation of a group of indigenous legume taxa in a multispecies trial at CADU (Melilotus, Mucuna, Neonotonia, Teramnus, Trifolium) .................................................................. 51 Chapter III: Research and Achievements on Indigenous Forage Grasses (Family Poaceae) ................................................................................................................................................ 52
Poaceae) ................................................................................................................................................ 52 3.1. Forage grass genetic resources and germplasm collection activities in Ethiopia. 52 3.2. Collection of indigenous forage grass germplasm ................................................................... 52 3.3. Research Activities on Grasses at Genus and Species Level ............................................... 54
Chapter IV: Gaps and Future Research Directions on Forage Research and Development ....................................................................................................................................... 72
iii
4.1. Research gaps .................................................................................................................................................. 72 4.2. Areas for Future Research Attention ................................................................................................. 72 References ............................................................................................................................................ 75 Appendices ........................................................................................................................................... 85 Appendix 1. Distribution of indigenous Trifolium species in eastern Africa ........... 85 Appendix 2. Accessions of Trifolium collected from the Ethiopian highlands. ............. 87 Appendix 3. DM yield of Ethiopian Neonotonia wightii accessions at Soddo ................. 88 Appendix 4. Revised version of the National Variety Release and Registration Guideline ................................................................................................................................................ 90
iv
List of Abbreviations and Acronyms
~
:
:
:
:
/
/
:
:
~
~
:
Acronym/ Abbreviation ArARC Areka Agricultural Research Center AxARC Axum Agricultural Research Center ARARI Amhara regional agricultural research institute BARC Bako agricultural research center BNF Biological nitrogen fixation cm Centimeter CIAT Centro Internasional Agricultura Tropical (International Center for Tropical Agriculture) CV Coefficient of variation; cultivar CSIRO Commonwealth Scientific and Industrial Research Organisation CDD Crop Development Department CP Crude protein DZARC Debre Zeit Agricultural Research Center DAP Di-ammonium phosphate DM Dry matter EIAR Ethiopian Institute of Agricultural Research EAA Ethiopian Agriculture Authority Fig. Figure FAO Food and Agriculture Organization FM Fresh matter g Gram ha Hectare HARC Holeta Agricultural Research Center HuARC HuARC Humera Agricultural Research Center HuARC Humera Agricultural Research Center CIAT International Center for Tropical Agriculture IAR Institute of Agricultural Research IBPGR International Board for Plant Genetic Resources ICARDA International Centre for Agricultural Research in the Dry Areas ILCA International Livestock Centre for Africa ILRI International livestock research institute IVDMD In-vitro dry matter digestibility kg Kilogram KARC Kulumsa Agricultural Research Center MARC Melkasa agricultural research center

~
MOA
Ministry of agriculture
m
Meter
m.a.s.l. /mm
m.a.s.l.
mm
Meters above sea level
""Millimeter
Millimeter
v
~
:
~
:
/
:
/
/
~
/

:
:
|
~
Multipurpose trees Ministry of Agriculture and Rural Development National Centre for Agricultural Research and Technology Transfer National Seed Industry Agency National Variety Release Committee Nationall Variety Release, Registration and Seed Certification Agency North; Nitrogen Oromia regional agricultural research institute Number National yield trial Pawe Agricultural Research Center Plant variety release, protection and seed quality control directorate Per cent Phosphorus Quintal (100 kg) Shire-Mytsebri Agricultural Research Center Somali region patoral agropastoral research institute South regional agricultural research institute Serial number South Southern Nations Nationalities and Peoples Region Species (plural, many species) Species (singular, one species) Swidish International Development Agencyy Synonymous Technical committee (of NVRC) Tigray RegionalAgricultural Research Institute Tonne (1000 kg) Triple superphosphate Variety Variety Verification Trial Werer Agricultural Research Center
MPT
MoARD
NCARTT
NCIC
NVRC
NVRSCA
N
ORARI
No
NYT
PARC
PVRPSQCD
%
P
q
SMARC
SoRPARI
SRARI
SN
S
SNNPR
Spp
Sp
SIDA
Syn.
TC
TARI
t
TSP
Var
VVT
WARC
vi
Acknowledgments
This work was conducted as part of the CGIAR Initiative on Sustainable Animal Productivity. CGIAR research is supported by contributions to the CGIAR Trust Fund. CGIAR is a global research partnership for a food- secure future dedicated to transforming food, land, and water systems in a climate crisis.
vii
Introduction
Agricultural research in Ethiopia began in the early 1960s. The earliest agricultural research center was the Debre Zeit Experiment Station, a constituent station of Alemaya College of Agriculture, Emperor Haile Selasie University. Almost at the same time, the national research system, IAR was established in 1966, by proclamation No 42/58 (1958 E.C.). The Swedish-Ethiopian regional agricultural development branch- the Arsi Rural Development Unit (ARDU) was founded in 1966 (SIDA, 1966), and became operational in 1972 (CADU, 1972). The CGIAR research institute, ILCA, was established in 1982 to promote livestock development in Africa. All these institutions did their part to improve livestock productivity through improving animal feed inter alia.
to improve livestock productivity through improving animal feed inter alia.
The scope of this review is limited to the topic of forage research in Ethiopia, with a focus on native Forage species. Therefore, the foregoing discussions do not go beyond simple presentation of stories of forage research processes, achievements, and gaps in the research, collected from published and unpublished literature found at various national and international research institutions.
From the research achievements of the pioneering institute CADU-ARDU, it is evident that wholistic, system-based research and development approaches were more fruitful than isolated single item-based approaches. Although sustenance could not be maintained for various reasons, there is evidence that improved forage crops developed by CADU have made their way to the farm gates of smallholder farmers in Arsi (ARDU, 1983). Additionally, CADU researchers have laid the groundwork for the fruitful approach of screening and developing varieties from indigenous material (Carlson, J., 1972; Thulin, M., 1972). Now, after half a century of research (with “staggering” achievements), benefits of focusing research efforts on native forages are vivid. Box 1.1 is a case in point.
A review of published and unpublished literature revealed that a total of 59 indigenous forage species (31 legumes and 28 grasses) have undergone evaluation for their forage value. Of these, 6 legume varieties and 9 grass varieties have been registered/released (NVRC, 2018). This number does not correspond to the exotic species that have been introduced and evaluated in the country since forage research began. Apart from a few species: Oats (Avena spp), Rhodes (Chloris gauana), Guinea grass (Panicum maximum), vetches (Vetch spp) Lucerne (Medicago sativa) desmodiums (Desmodium intortum and D. uncinatum) which remain valuable forage crops in districts of Ethiopia, other large numbers of introductions failed important selection criteria (adaptation, yield and quality). Some temperate grass species such as rye grass (Lolium spp) are destroyed by rust. Most of the previously selected and recommended oats varieties (Lulseged G. Hiwot, 1981), suffer from crown rust, although resistant varieties have been developed. Oats
1
remain the only successful annual forage grass species. The exotic clovers (Trifolium repens, T. pretense and others) cannot compete with the native clover species in terms of adaptability and herbage yield.
Box 1.1: Desho, the mysterious indigenous forage grass
Desho grass (Pennisetum glaucifolium) is an indigenous perennial grass forage variety developed from native ecotypes germplasm collected jointly by the Debre Zeit Agric Research Center (DZARC) and Areca Agricultural Research Center (AARC) of the Southern Nations Nationalities and Peoples Region (SNNPR) around Wolayta Zone. The grass is tussoky, rhizomatous, erect, up to 2 meters tall. The dense stem and foliage is glossy, so named glousifolius. Forage yield varies widely with soil fertility and moisture. Mean dry forage yield per harvest ranged 5.6 – 8.8 t/ha DM. While yearly (3 cuts) yield (under irrigation), ranged between 21.0 t/ha (Areka-DZF-590) to 24.59 t/ha (Kindukosha-DZF-591). At its best location (Wondo Genet) with fertile soil and abundant soil moisture, the mean DM yield ranged 25 – 39 t/ha (Solomon Mengistu et al, 2017; Tekalign Yirgu et al, 2017). Among the “pro-poor” forage technologies, three varieties of desho officially released by DZARC have provided hope to the smallholder farmer (Fig. 1). MoARD and NGOs have desiminated planting material almost throughout the highlands of Ethiopia. Farmers plant desho in their backyard on small plots and use the green fodder to feed lactating cows and young stock. Desho ha gained nationwide popularity. Some farmers have taken up multiplying propagation material as a business and make money by selling bunches of vegetative (stem cuttings and rhizome splits) to neigbouring farmers and even to distant areas, hundreds of kms away. The business has spread dramatically.
Veriti e cation of Desho grass (Pennisetum ‘slaucifolium) Varieties for yie ties for yield and quality under supplemental irrigation Planting Date: July 5/2008 £.C op July 12, 2016 6. Plot No.4 Treat. 1 Candidate Variety
Fig 1. Recently released indigenous grass variety of Desho (Pennisetum glaucifolium), DZF-
592
2
Various references in literature indicate that the screening and selection of forage materials carried out by most institutions does not go beyond simple agronomic and laboratory assessments. Advanced agronomic evaluations related to determination of nutrient requirements and selection of compatible species for grass-legume mixtures are generally lacking. Apart from a few exceptions, animal experimental evaluation of target species in the sense of grazing trials and feeding trials with penned-in herbivores is also missing. The limitation
has been understandably attributed to a lack of resources (finance, facilities, and expertise). Due to prevailing ignorance of the potential of native genetic forage resources and lack of conservation measures, many potential species are threatened with extinction year after year due to human practices: encroachment of cultivated crops, road construction, urbanization, unjustified land use that devastates the habitats of rare species. Already in the 1980s, warning reports about the eminent danger of extinction of the rarest and most potential native species were made available to the public (Solomon Mengistu, 1988; 2010b; Solomon M. and Alemayehu M, 2015). According to recent observations, incredibly large tracts of natural forest and forest margins, home to various endemic and near-endemic species, have been destroyed for arable farming and urbanization. One can imagine the magnitude of habitat destruction by comparing the present and near past (two decades ago) vegetation status of the Bale Mountains. In less than two decades, many rare and highly potential forage species have been lost due to clearing of the natural vegetation. In the face of these ongoing threats, it is outrageous to learn that a national ex-situ conservation practice does not yet exist.
3
Chapter 1: Historical Perspective of Forage Research in Ethiopia
1.1. The Institute of Agricultural Research (1966-1990)
Prior to its evolution into the present EIAR, the Institute of Agricultural Research (IAR) was established in the early 1960s by the Imperial Ethiopian Government as a fully-fledged national institution with a mandate to conduct agricultural research throughout Ethiopia (IAR, 1976). The Forage and Range Management Division of IAR conducted research in forage, rangelands, and animal nutrition since 1996, as reported in the earliest Research Progress Report (IAR, 1976). The earliest research stations of IAR included: Holetta, Sinana, and Adet (highland representatives), Bako, Assosa and Pawe (subhumid representatives), Melka Werer and Adami Tulu (low-altitude semiarid representatives). Of these, Holeta, Bako, Adami Tulu and Melka Werer were the oldest and well organized of all IAR stations, particularly in livestock research.
A review of available progress reports shows that IAR has assesssed a large number of forage accessions including grasses, legumes and fodder trees and shrubs at its various research stations. Perhaps the largest number of accessions ever introduced was that of oats, 9,000 entries were introduced and screened at Holleta, Sheno and Sinana research centers (Astate Haile, 1976; Lulseged G. Hiwot, 1987)
During the first decade of its operation, IAR placed more emphasis on the evaluation of temperate forage for the highlands (Lulseged Gebre Hiwot, 1987). The priority for the highlands is the fact that the Ethiopian highlands are one of zones with high livestock potential. The other rationale was to meet the increasing demand for improved forages by the small-scale dairy industry and state-run dairy farms, that are continually upgrading their dairy herd to higher exotic breeds through artificial insemination.
Major forage taxa that have been evaluated on the highlands include: Medicago, Trifolium, Melilotus, Vicia (legumes) Avena, Dactylis, Festuca, Lolium, Phalaris, Setaria (grasses); and fodder root crops such as swedes and fodder beet. These forage species were tested for yield both as pure stands and as grass/legume mixtures. Studies have also been conducted on their potential for establishment under unfavorable soil conditions such as poor drainage and low soil fertility, grazing management systems and methods for their integration into arable farming systems. Promising species identified for the highlands include Vicia dasycarpa, Avena sativa and fodder beet (Beta vulgaris) (Lulseged Gebre Hiwot and Alemu Tadesse, 1985).
Tropical forage species, imported mainly from Australia and Kenya have been tested at Bako and the surrounding stations since 1971 (Haile, Astatke, 1976). These include most of the successful
4
commercial tropical forage species: Setaria, Chloris, Sorghum, Paspalum (grasses) Centrocema, Dolichos, Glycine, Lotononis, Medicago, Macrotyloma, Desmodium, Phaseolus, and Stylosanthes (legumes), Leucaena and Sesbania (browse trees).
1.2 The Arsi Rural Development Unit (ARDU) (ex-CADU)
The Arsi Rural Development Unit (ARDU), formerly known as the Chilalo Agricultural Development Unit (CADU) was established under the Ministry of Agriculture (MOA) in 1967 at Asela and was financed jointly by the Ethiopian and Swedish governments to promote agricultural development in Chilalo Awraja (District) (ARDU, 1967). In 1975, its development program comprised: research on crop and livestock production, socioeconomic studies, extension services, and building of various infrastructures.
The Crop and Pasture Section had been one of the various research and development units of ARDU. During its active operation in the past, the unit had achieved considerable successes not only in terms of identifying productive forage cultivars suited for its mandate area (the Arsi highland) but also in getting some of the selected cultivars adopted by the subsistence farmers to the extent that seeds were produced on the farmer's field, and farmer to farmer transfer of forage seed was reported (ARDU, 1983). The success was attributed to its strong extension service coupled with the comprehensive package of livestock improvement technologies, such as provision of credits, cross-bred cattle, forage seed, veterinary facilities, market facilities and infrastructure.
The major areas of ARDU's forage research program include study of indigenous species, natural pasture improvement, and introduction and evaluation of exotic forage species and associated management systems.
Collection and evaluation of indigenous forages
ARDU has been appreciated for its pioneer work in the collection and evaluation of indigenous potential forage species, which had not received significant attention until then. Several ARDUS's expatriate scientists have undertaken agro-botanical investigations on potential forage plants. Carlson (1972) collected 39 ecotypes of six grass species including Cenchrus ciliaris (8 ecotypes), Chloris gayana (11), Phalaris arundinaceae (7), Setaria sphaceleta (1), mostly from Arsi and the surrounding areas for determination of forage yield and nutrient content. According to Carlson, considerable intra-specific variations in yield were observed for some species, and many of them had outyielded their respective exotic variety controls.
Thulin (1972) had carried out an agro-botanical investigation of leguminous species in Chilalo Awraja and come up with 90 accessions in the family Leguminosae and 300 accessions in other
5
different families along with their descriptions of specific habitats, distribution, and apparent potentials as forages.
Froman (1974; 1975) had also undertaken similar studies on native legume and grass accessions and published two illustrated guides to taxonomic determination of both legume and grass families, including short notes on their distribution, palatability, and apparent toxicity to livestock. Thus, one would speculate that it was ARDU's initial work on native forages that prompted other institutions such as ILCA and EIAR to embark on extensive collection of potential forage taxa in Ethiopia. Furthermore, ARDU’s forage crop germplasm introductions make up the bulk of elite species germplasm still circulating among research and development institutions and farmers alike.
In general, ARDU has made considerable contribution not only to forage research and development but also to the overall agricultural sector productivity in its mandate area, particularly during its first decade of active operation. Its holistic systems-oriented agricultural development packages and the strong extension services had been the salient features of its operation, which laid the foundation for crop and livestock innovations in Ethiopia. Details of forage research activities undertaken by CADU/ ARDU are available under the respective sections for genus and species.
1.3 The International Livestock Center for Africa (now, ILRI)
The International Livestock Centre for Africa (ILCA) (now ILRI) was created in 1974 as part of the network of agricultural research centers in developing countries sponsored by the Consultative Group on International Agricultural Research (CGIAR). ILCA’s mandate was, according to the Center’s report, to carry out research and to assist African governments in increasing livestock productivity thereby improving human welfare. Its headquarters was based in Addis Ababa (1970- 2004). It had two major sub-stations (Debre Berhan and Debre Zeit) and several testing/project stations in Ethiopia. The Highland Program was one of the several programs that ILCA has launched in different eco-climatic zones of tropical Africa. The cool highlands represent an eco- climate which is somewhere between temperate and tropical in character. Justifying the research focus on the highlands Gryseels and Anderson (1983) stated that “The mild climate of the central highlands favors the introduction of higher-yielding cross-bred animals and is suitable for the cultivation of forage crops, allowing productivity increases to be achieved through livestock.” To that end, the Ethiopian Highland Program was founded in 1976.
6
Having defined its emphasis area, ILCA embarked on forage and pasture research in 1976 as part of the Highland Program activities. Two principal research stations: Debre Berhan (2800 m.a.s.l.) and Debre Zeit (1860 m.a.s.l.) were founded both of which are located within the central highlands. In 1981, ILCA built a new building at Shola (2380 m.a.s.l.), northern Addis Ababa and was officially inaugurated in 1982 as its headquarters. Open sites in its compound were used as testing site and seed multiplication for temperate forages. In 1982, the Forage Legume Agronomy Group (FLAG) was created to extend the forage research activities (with emphasis on legumes) to the tropical lowland eco-climates. Two more satellite stations were opened in 1982/83 at Zwai (1700 m.a.s.l.) in the Rift Valley and at Soddo (1900 m.a.s.l.) (formerly under northern Sidama province, now under the Southern Nations, Nationalities and Peoples Region (SNNPR) where forage germplasm multiplication and agronomic evaluation had been carried out.
1.3.1. Debre Berhan station
Debre Berhan (2800 m.a.s.l.) represented the cool high plateaux of Ethiopia (2600-3000 m.a.s.l.). It receives about 1150 mm mean annual rainfall and has a mean annual temperature of 10 - 15 oC, which is suitable for evaluation of temperate forage species. At Debre Berhan, the forage research until 1981 focused on species adaptation, herbage yield, fallow land improvement for pasture production, and bottomlands improvement through surface drainage techniques to render them fit for growing of pasture and food crops (Abate Tedila, 1982). Several entries of temperate pasture and fodder species including clovers, medics and oats, some cereals, pulses, and potatoes were tested twice a year (during the small and big rainy seasons) for adaptability. Natural pasture improvement through over-sowing of legumes was attempted by the Highlands Program around Debre Berhan (Jutsi, et al, 1987) but the effort was not successful (Jutsi, et al, 1985).
1.3.2. Debre Zeit station
Debre Zeit station was founded in 1975 as a representative experimental site for the mid-altitude highland regions. Forage research was started there in 1977/78 crop year following a baseline study on the station carried out in 1975/76 (Ephrem Bekele, 1978). Many forage species both annuals and perennials grasses and legumes, fodder root crops and browse obtained from IAR and other seed centers were tested for their agronomic performance at the station. About 575 accessions of forages were screened in the period 1978-81 of which 372 were promoted for further evaluations such as yield, nutrient composition and management systems (Abate Tedla, 1981). As part of its multipurpose trees (MPT) evaluation activities in sub-Saharan Africa, ILCA had been evaluating a wide range of Sesbania germplasm both at shola (ILCA headquarters) and at Debre Zeit (ILCA, 1988). Several accessions of Sesbania sesban, S. goetzei, S. arborea, S. bispinosa, S.
7
canabina, S. formosa, S. grandiflora, S. macrantha and S. rostrata were included in the trial. These were evaluated for height increase (during establishment year) and leaf dry matter yields at different cutting frequencies. The result showed that S. sesban accessions out-yielded all the other Sesbania species grown together including the control (S. sesban, Debre Zeit Common). The authors concluded that the highest fodder yield was obtained from plants pruned once at the end of the wet season.
1.3.3. Soddo station
The Soddo forage experiment station is in the campus of the Ministry of Agriculture Training Center, formerly known as the Wolayta Agricultural Development Unit (WADU), which was contemporary to ARDU in Arsi. In 1982, The French Agricultural Development agents conducted a limited forage trial which was later handed over to the Forage Legume Agronomy Group (FLAG) of ILCA in 1984 through bilateral research partnership with the Fourth Livestock Development Program (FLDP). Since then, many humid tropical forage species were screened for adaptability to acid soils at Soddo area, which represents the sub-humid regions of eastern and central Africa. There was significantly wide genetic base in the screening program especially in the Stylosanthes and Zornia genera. Desmodium species were under-sown in coffee plantations in an aim to integrate fodder with horticultural crops, which is the dominant farming system in the region. Preliminary observations showed D. intortum to have promise as a well adapted and high yielding fodder legume with considerable shade tolerance when undersown in coffee trees on farmers’ field. Soddo station provided facilities for thesis project works for graduate students from Alemaya University, including advisory from ILCA scientists. Valuable information was generated from such thesis work like yield and feeding value of stylos (Adugna Tolera and A. N. Seid, 1994); on productivity of alfalfa on acid soils with lime amendments (Yimer Hassen and J.C. Tothill, 1994), forage potential of indigenous Neonotonia wightii (Larbi et al, 1992) and Stylosanthes fruiticosa
(Hakiza, J. et al, 1988).
1.3.4. Zwai station
Zwai station is located some five kms south of Zwai town and since its foundation in 1982, has served as the major forage seed production site of ILCA. The Zwai station is ideally located near a permanent water source for a year-round irrigation. It consists of 4.5 ha of flatland, fertile alluvial soil of sandy-loam texture with a pH range of 6.5-7.5. Access to electric power for irrigation pumps was facilitated by its location around the private and state-owned horticultural farms. Thousands of entries of tropical forage grasses, legumes and browse trees had been established in permanent small plots (4x4m) where using irrigation multiple harvest of seed was possible. The
8
warm temperature, fertile alluvial soil was ideal for quick regeneration of the various tropical grass and legume forages, including the collections from several African countries (Hanson, J. and Mengistu, S., 1991).
1.3.5. ILCA Forage Germplasm Collection and Conservation Unit
Among the various forage and pasture research activities of ILCA over the past three decades, the establishment of the forage gene bank is considered the most salient contribution to forage research and development endeavors in Africa and the world at large. Formerly the forage collections were stored in ordinary rooms, necessitating frequent regeneration of germplasm. The need for installation of a gene bank became apparent in 1982, when the germplasm acquisition grew dramatically following ILCA’s extensive field collection of forage germplasm undertaken both locally and from the various African countries with financial support of the International Board for Plant Genetic Resources (IBPGR) (Kahurananga J. and Mengistu, S. 1983; 1984). Later in the mid-1980s, the germplasm collection at ILCA was reported to have grown to about 9,166 accessions of forage species, including legumes, grasses and browse, and composed of about 75% legumes and 10% each of grasses and browse with 111 genera and 341 species represented in the collection (Hanson, J. and Lazier, J., 1988). According to the report the major part of the collection was made up of experimental lines of germplasm which were either acquired from other institutions or original collections of forages from various countries in A"
12383,Robust management practice ('ram effect') for enhanced reproductive performance of sheep for farmers in dryland areas.,"The innovation describes how sheep use a unique amalgam of behavioral, physiological and genetic mechanisms to preserve fertility under a looming scenario of warmer climate. Management of reproduction that relies on naturally based solutions is extremely important to counter the negative perception around hormone-based interventions. In Mediterranean latitudes and wider regions of non-tropical drylands, sheep do not normally ovulate during spring but exposure to a ram can induce oestrus and ovulation. This innovation promotes the use of the response of maiden Barbarine ewes in drylands to the ‘ram effect’ during springtime for improved fertility.","The following text section comes from a specific evidence file named URL https://hdl.handle.net/10568/159635: ""Response of maiden ewes to the ram effect is a robust management practice and a candidate selection trait for enhanced reproductive performance in drylands Skip to main content Communities & Collections Browse Navigate CGIAR Centers Statistics English Catal e tina Deutsch Espa ol Suomi Fran ais G idhlig Magyar Italiano Latvie u Nederlands Polski Portugu s Portugu s do Brasil Srpski (lat) Svenska T rk e Y Ti ng Vi t Log In Note: CGIAR users should log in with their Active Directory username and password. For example, if your email is j.smith@cgiar.org, you would use jsmith here. Log in New user? Click here to register. Have you forgotten your password? Home CGIAR 2030 Portfolio CGIAR 2030 research initiatives and impact platforms (2022 2024) CGIAR Initiative on Agroecology Response of maiden ewes to the ram effect is a robust management practice and a candidate selection trait for enhanced reproductive performance in drylands Response of maiden ewes to the ram effect is a robust management practice and a candidate selection trait for enhanced reproductive performance in drylands Loading... Files Journal Article (740.24 KB, pdf) Authors Ben Salem, Imene Rouatbi, Mariem Mlika, Mariem Getachew, Tesfaye Govind, Ajit Haile, Aynalem Raggem, Mohamed Lahsoumi, Ridha Rekik, Mourad Date Issued 2024-11-01 Date Online 2024-10-19 Language en Type Journal Article Review Status Peer Review Access Rights Open Access Usage Rights Metadata Full item page Share Citation Imene Ben Salem, Mariem Rouatbi, Mariem Mlika, Tesfaye Getachew, Ajit Govind, Aynalem Haile, Mohamed Raggem, Ridha Lahsoumi, Mourad Rekik. (1/11/2024). Response of maiden ewes to the ram effect is a robust management practice and a candidate selection trait for enhanced reproductive performance in drylands. animal, 18 (11). Permanent link to cite or share this item https://hdl.handle.net/10568/159635 External link to download this item DOI https://doi.org/10.1016/j.animal.2024.101332 Abstract/Description Management of reproduction that relies on naturally based solutions is extremely important to counter the negative perception around hormone-based interventions. In Mediterranean latitudes and wider regions of non-tropical drylands, sheep do not normally ovulate during spring but exposure to a ram can induce oestrus and ovulation. This study assesses the response of maiden Barbarine ewes in drylands to the ram effect during springtime and estimates the genetic parameters of this response. The study uses a database documenting, for 24 consecutive years, the response of nulliparous 18-month-old ewes when mated after stimulation by the ram effect. In addition to the oestrous and fertility database, a pedigree database was also available. Nearly half of the maiden ewes responded to the ram effect, while 24% exhibited spontaneous reproductive activity and displayed oestrus during the first 14 days following the introduction of rams. Nearly 5% of females did not exhibit oestrus, and these animals are proposed for early culling. Average annual values of Normalized Difference Vegetation Index (NDVI), reflecting vegetation cover, and the percent of maiden ewes spontaneously cycling were positively correlated (P = 0.006). Interestingly, NDVI was negatively correlated with the percentage of anoestrus females that did not respond to the ram effect but exhibited oestrus beyond the hypothetical time frame commonly used to describe it. Average fertility was 82.8% and was significantly affected by mating year, live weight at mating, and the response to the ram effect. The highest fertility (88.39%) was for females spontaneously cycling at the time of ram introduction, and the lowest (83.35%) was for females coming into oestrus beyond the time frame for a ram-induced oestrus and ovulation. Heritability from a univariate logit transformed analysis for fertility was 0.10 and the genetic correlation between fertility and the interval between ram introduction and oestrus was 0.26, suggesting that a shorter interval is associated with higher fertility. Thus, the interval between ram introduction and oestrus is a good candidate for selective breeding for high fertility of maiden ewes in drylands mated out-of-season using the ram effect. Author ORCID identifiers Tesfaye Getachew Mengistu https://orcid.org/0000-0002-0544-6314 Ajit Govind https://orcid.org/0000-0002-0656-0004 Aynalem https://orcid.org/0000-0001-5914-0487 Mourad Rekik https://orcid.org/0000-0001-7455-2017 Contributes to SDGs AGROVOC Keywords fertility ; ram effect ; heritability ; sheep ; genetic trend ; barbarine sheep Countries Tunisia Regions Northern Africa Organizations Affiliated to the Authors International Center for Agricultural Research in the Dry Areas ; Office of Livestock and Pasture Authority ; Manouba University ; Institut Sup rieur Agronomique de Chott Mariem ; Commissariat R gional au D veloppement Agricole de Siliana Investors/sponsors CGIAR Trust Fund CGIAR Action Areas Resilient Agrifood Systems ; Systems Transformation CGIAR Impact Areas Climate adaptation and mitigation ; Nutrition, health and food security ; Poverty reduction, livelihoods and jobs ; Gender equality, youth and social inclusion ; Environmental health and biodiversity CGIAR Initiatives Sustainable Animal Productivity ; Agroecology Collections CGIAR Initiative on Agroecology CGIAR Initiative on Sustainable Animal Productivity ICARDA Articles in Journals DSpace software copyright 2002-2025 LYRASIS About Cookie settings Privacy policy Send Feedback"".

The following text section comes from a specific evidence file named URL https://cgspace.cgiar.org/bitstreams/7ea75cd0-83e8-444f-90cc-105d7fcd569e/download: ""Animal 18 (2024) 101332
ELSEVIER
Contents lists available at ScienceDirect
Animal
The international journal of animal biosciences

Response of maiden ewes to the ‘ram effect’ is a robust management practice and a candidate selection trait for enhanced reproductive performance in drylands
Sra
I. Ben Salem a, M. Rouatbi b,⇑ , M. Mlika c, T. Getachew d, A. Govind e, A. Haile d, M. Raggem f, R. Lahsoumi f, M. Rekik g
a Ecole Nationale de Médecine Vétérinaire, 2020, Ariana, Sidi Thabet 2020, Université de la Manouba, Tunisia
b Laboratory of Management and Control of Animal and Environmental Resources in Semi-Arid Area, LR18AG01, Institut Supérieur Agronomique de Chott-Mariem, Université de Sousse, Tunisia
c Commissariat Régional au Développement Agricole de Siliana, 6200, Ministère de l’Agriculture, des Ressources Hydrauliques et de la Pêche, Tunisia
d International Center for Agricultural Research in the Dry Areas (ICARDA), Ethiopia
e International Center for Agricultural Research in the Dry Areas (ICARDA), Egypt
f Ofﬁce de l’Elevage et des Pâturages, 30 Av. Alain Savary, Tunis, Ministère de l’Agriculture, des Ressources Hydrauliques et de la Pêche, Tunisia g International Center for Agricultural Research in the Dry Areas (ICARDA), Tunisia
a r t i c l e
i n f o
ARTICLE INFO
a b s t r a c t
Article history: Received 19 March 2024 Revised 6 September 2024 Accepted 12 September 2024 Available online 19 September 2024
Keywords: Barbarine sheep Fertility Genetic trend Heritability Ram effect
Management of reproduction that relies on naturally based solutions is extremely important to counter the negative perception around hormone-based interventions. In Mediterranean latitudes and wider regions of non-tropical drylands, sheep do not normally ovulate during spring but exposure to a ram can induce oestrus and ovulation. This study assesses the response of maiden Barbarine ewes in drylands to the ‘ram effect’ during springtime and estimates the genetic parameters of this response. The study uses a database documenting, for 24 consecutive years, the response of nulliparous 18-month-old ewes when mated after stimulation by the ‘ram effect.’ In addition to the oestrous and fertility database, a pedi- gree database was also available. Nearly half of the maiden ewes responded to the ‘ram effect,’ while 24% exhibited spontaneous reproductive activity and displayed oestrus during the ﬁrst 14 days following the introduction of rams. Nearly 5% of females did not exhibit oestrus, and these animals are proposed for early culling. Average annual values of Normalised Difference Vegetation Index (NDVI), reﬂecting vege- tation cover, and the percent of maiden ewes spontaneously cycling were positively correlated (P = 0.006). Interestingly, NDVI was negatively correlated with the percentage of anoestrus females that did not respond to the ‘ram effect’ but exhibited oestrus beyond the hypothetical time frame commonly used to describe it. Average fertility was 82.8% and was signiﬁcantly affected by mating year, live weight at mating, and the response to the ‘ram effect.’ The highest fertility (88.39%) was for females sponta- neously cycling at the time of ram introduction, and the lowest (83.35%) was for females coming into oes- trus beyond the time frame for a ram-induced oestrus and ovulation. Heritability from a univariate logit- transformed analysis for fertility was 0.10 and the genetic correlation between fertility and the interval between ram introduction and oestrus was 0.26, suggesting that a shorter interval is associated with higher fertility. Thus, the interval between ram introduction and oestrus is a good candidate for selective breeding for high fertility of maiden ewes in drylands mated out-of-season using the ‘ram effect.’
© 2024 The Author(s). Published by Elsevier B.V. on behalf of The Animal Consortium. This is an open access article under the CC BY license (http://creativecommons.org/licenses/by/4.0/).
Implications
Reproduction is modulated by animal genetic make-up and diverse extrinsic factors. Through the analysis of response patterns
⇑ Corresponding author at: Institut Supérieur Agronomique de Chott-Mariem,
Université de Sousse, Tunisia.
of maiden ewes to stimulation by the ‘ram effect,’ current study attempted to identify what causes variation and explore the exis- tence of a genetic component to this response. This research stres- ses that male–female social interactions facilitate reproduction in maiden ewes and lead to acceptable fertility. Furthermore, despite increasing trends of temperature, fertility was not affected and even showed a positive genetic trend. Practically, dryland sheep producers could use behaviour and genetics to sustainably
E-mail address: rouatbi.myriam@yahoo.fr (M. Rouatbi).
https://doi.org/10.1016/j.animal.2024.101332
1751-7311/© 2024 The Author(s). Published by Elsevier B.V. on behalf of The Animal Consortium. This is an open access article under the CC BY license (http://creativecommons.org/licenses/by/4.0/).
I. Ben Salem, M. Rouatbi, M. Mlika et al.
improve productivity under global warming and environmental degradation.
Introduction
Sheep breeds indigenous to global drylands are known for adap- tation to pastoral environments and resilience to variations in cli- mate and shortages in resources (Ben Gara, 2000; Chedid et al., 2014). However, how much plasticity these breeds can express under accelerated trends of increased temperature, decreased pre- cipitation, and much higher frequency of extreme weather events is unpredictable. There are already signiﬁcant disruptions in water and feed availability and cyclicity, leading to mismatching with major events of the reproductive cycle of seasonal animals, includ- ing sheep (Kumar et al., 2017). Heat stress further disrupts animal physiology, depressing productivity and contributing to wider yield gaps (Rhind and McNeilly, 1986; Maurya et al., 2005; Pulina et al., 2007).
Sheep breeds with a shallow reproductive seasonality have their mating season starting in spring and through summer. This is typical of various Mediterranean and non-tropical dryland breeds, which tend to have moderate sensitivity to photoperiod changes, allowing them to time their main lambing season in autumn and the 1st months of winter (Rekik et al., 2005). To main- tain acceptable levels of reproductive performance following out- of-season mating, hormonal treatments and other techniques such as photoperiodism are widely used. Such interventions remain constrained by high cost, unavailability in many countries, and need for speciﬁc technical expertise. The ‘ram effect’ is an alterna- tive method for puberty induction and synchronisation of time of oestrus (Scaramuzzi and Martin, 2008). Its use in managing pub- erty and reproduction in yearling females is cost-effective, easily applied, and aligns with universal principles of human health (safe animal food sources without hormones), environmental health (less residues), and animal welfare (freedom to express normal behaviour). The ‘ram effect’ is commonly used, contributing to the success of reproduction out-of-season, in spring.
The implementation of the ‘ram effect’ is well-known, well-studied, and described in several countries, but continues to stimulate research because of complexity of the underlying neu- roendocrine mechanisms (Fabre-Nys et al., 2016). The major factor responsible for variability in the response of ewes to rams is ewes’ ‘depth of anoestrus’ (Marshall, 1903; Lindsay and Signoret, 1980; Oussaid et al., 1993). The Barbarine breed is a good representative of fat-tailed breeds in drylands. The traditional mating season is spring, during which 25-40% of adult ewes ovulate and exhibit oestrus, while the natural breeding season - when most ewes are sexually active - is mid-July to late February (Khaldi, 1989; Lassoued and Khaldi, 1995) (Fig. S1). Several papers have assessed the Barbarine response to the ‘ram effect’ (Khaldi, 1988; Lassoued and Khaldi, 1990) in an attempt to understand the underlying physiological mechanisms (Lassoued et al., 1997; Lassoued, 1998) and investigate its genetic mechanisms in adult, multiparous ewes (Maatoug-Ouzini et al., 2013). However, there is a gap concerning maiden ewes, representing 20-30% of flock composition and usu- ally with inherently lower reproductive performance than adults. Further to the large environmental effects on reproductive perfor- mance of maiden sheep, which need a more comprehensive assess- ment under a variable, erratic dryland ecosystem, genetics could greatly assist sheep holders in drylands to develop measures for adapting to global warming and climate change. However, accu- rately quantifying factors of variation requires large amounts of data. Therefore, this study investigated the response of Barbarine maiden ewes to the ‘ram effect’ under typical out-of-season man- agement of reproduction. We hypothesise that, over out-
agement of reproduction. We hypothesise that, over years, out-
2
Animal 18 (2024) 101332
of-season reproductive management of these ewes based on the ‘ram effect’ would lead to genetic progress on fertility throughout their reproductive career. As such, a comprehensive database cov- ering 26 consecutive mating years was analysed to evaluate phe- notypic patterns of response to the ‘ram effect,’ identify sources of variation, and explore potential genetic parameters for breeding initiatives.
Material and methods
Study location, animals and breeding practices
The data were collected over 26 years (1993-2016) by the Office de I’Elevage et des Paturages from its Jebibina-Saouef breed- ing farm located in Central Tunisia. The farm belongs to the Saouef subdistrict where the mean annual temperature is 18.1 °C and annual rainfall is 366 mm (Climate data.org, 2023). Temperature and precipitation were recorded here for 40 years, including the 26 years of the study period (Fig. 1). Long-term dynamics of Nor- malised Difference Vegetation Index (NDVI) were gathered from satellite missions Advanced Very High-Resolution Radiometer (AVHRR) (Fig. 1) and annual NDVI values were considered.
The animals were of the fat-tailed Barbarine breed (Atti and Bocquier, 1999; Ben Salem et al., 2011). The farm has nine Bar- barine ﬂocks, each comprising 250–300 ewes. The ﬂocks were housed outdoors year-round and grazed on natural and improved rangeland. In addition to grazing, the animals received supple- ments of hay (0.5–1 kg/head/day) and concentrates (200–300 g/h ead/day) during mating, late gestation, and beginning of lactation. Flocks were annually vaccinated against foot and mouth disease, brucellosis, and sheep pox and regularly received preventive antiparasitic treatments. Annually, breeding male lambs were selected at age 6 months on their growth performances using a Best Linear Predictor index. This index was also used for the selec- tion of replacement ewe lambs. Selected ewe lambs were kept as replacement and reared in complete isolation from rams starting from age 6 months postweaning. At age 18 months, immediately before they were ﬁrst mated, 40–50 of the maiden ewes were rein- troduced in each ﬂock. All ﬂocks were mated in spring every year, with rams introduced to all ﬂocks on the same day between 20 April and 10 May. On average, six rams were used for every 100 ewes, and ewes in all ﬂocks were totally isolated from rams for at least 6 weeks before joining. As a general practice, shepherd assistance is required to lift the tail at the time of copulation. This allows a full record of oestrus occurrences (twice a day) for each mating combination. As some rams can lift the fat tail without any help and mate and as in the studied farm, pedigree data are systematically recorded, the rams are usually separated from the females at night to prevent any uncontrolled mating events. All ewes were weighed prior to mating season, constantly exposed
to natural photoperiod, and received no hormonal treatment.
Data and statistical analysis
Description of performance and pedigree databases
The database aggregates a total of 5 245 maiden ewe records concerning their ﬁrst mating and includes the following informa- tion: maiden ewe identiﬁcation, year of mating (1993–2016), ﬂock (nine ﬂocks), live weight at mating (kg), age (months), occurrence and date of oestrus events, lambing date, and litter size at lambing.
Based on available information, the interval between ram intro- duction and occurrence of oestrus was calculated. Frequencies of females with relation to the interval between ram introduction and oestrous are presented in Fig. 2. To differentiate between the different clusters of oestrus responses, we analysed the data based
I. Ben Salem, M. Rouatbi, M. Mlika et al.
Animal 18 (2024) 101332
Temp [oC] 1990 2010 2030 Year _709 c E E00 500 a 5 400 zZ £300 estees 27 26.5 26 S255 B25 8 245 24 23.5 23 1970 1980 1990 2000 2010 2020 2030 Year 05 D ‘=e NDVI_AVHRR [GIMMS3g] (8km) 1990 2000 Year 2010 2020
Fig. 1. Minimum (A) and maximum (B) temperatures, (C) annual precipitation, and (D) long-term NDVI (Normalised Difference Vegetation Index) gathered from the satellite missions AVHRR (The Advanced Very High-Resolution Radiometer) in the sheep study area.
—_——_ Cyre 15-28 days Number of maiden ewes pss 7s ne Cylate > 29 days A719 2 9 2S 27 29 31 3998-97 39 4 AS AS AT AS ST 89 HS ST 59 G1 GSS GT GS TY 79-75 TT 79 Bt BS OS OF BD Interval ram's introduction-estrus (days)
Fig. 2. Oestrus distribution of Barbarine maiden ewes during spring, out-of-season joining. Abbreviations: Cyspon = Spontaneous cyclicity; Cyre = Cyclicity after ram effect; Cylate = late Cyclicity.
on the typical response of anoestrus female sheep to the ‘ram effect’ according to Martin et al. (1986), Walkden-Brown et al. (1999), Álvarez and Zarco (2001), Rosa and Bryant (2002), and Ungerfeld et al. (2004). The extracted information was adapted according to the classiﬁcation of Maatoug-Ouzini et al. (2013), who analysed the oestrus response of adult Barbarine sheep to the ‘ram effect.’ We produced the following clusters of behavioural oestrus response of the ewes when mated in spring using the ‘ram effect’:
ovulated when stimulated with rams, with a short life span for the resulting corpus luteum (4–6 days), followed by a sec- ond silent ovulation with corpus luteum of normal life span, and overt oestrus only displayed at the third ovulation (days 23–28).
- Maiden ewes displaying oestrus 29 days or later after ram intro- duction (designated Cylate for late cyclicity) corresponds to females initiating a cyclic ovarian and oestrus activity not con- sequent to the ‘ram effect’.
- Maiden ewes displaying oestrus during days 1–14 after ram introduction (designated Cyspon for spontaneous cyclicity) cor- responding to females spontaneously cycling at the start of the mating season and were not females that would respond to the ‘ram effect.’ Maatoug-Ouzini et al. (2013) considered sponta- neously cycling ewes as those exhibiting oestrus during days 1–17 after ram introduction. To avoid overlap with ewes responding to the ‘ram effect,’ we limited the time interval to days 1–14, possibly slightly underestimating the number of females in this cluster.
- Maiden ewes that fail to show oestrus during the entire mating season (designated Cynull for no cyclicity). This cluster does not appear in Fig. 2.
In addition to oestrus response, fertility at spring mating of mai- den ewes aged 18 months and litter size were traits of interest. Fer- tility was coded 1 or 0 for maiden ewes that did or failed to lamb in autumn, respectively, and litter size was coded 1 or 2 if the female gave birth to a single or twins, respectively.
- Maiden ewes displaying oestrus during days 15–28 after ram introduction (designated Cyre for cyclicity after ram effect). This is females in anoestrus at the time of ram introduction and displaying oestrus induced by the ‘ram effect.’ This cluster had two physiologically distinct sub-clusters: the ﬁrst regrouped the females that silently ovulated in response to ram introduction followed by an overt ovulation one oestrus cycle later (days 15–22); and the second sub-cluster silently
Table 1
Pedigree structure of the Barbarine sheep used in the genetic analysis.
Item Oestrus response and fertility Litter size No of animals 7 604 6 823 No of records 4 966 4 139 No of sires 603 582 No of dams 2 651 2 378
3
I. Ben Salem, M. Rouatbi, M. Mlika et al.
The pedigree database included the following information: mai- den ewe identiﬁcation, production year, ﬂock, and identiﬁcation of sire and dam. Total number of animals involved in analysis, ewes with records, number of dams, and number of sires used in genetic analysis for traits are summarised in Table 1.
Analysis of non-genetic effects
Multinomial regression analysis was employed using the ‘multinom’ function from the ‘nnet’ package in R software (R Core Team, 2023) to examine the relationship between oestrus response: Cyre (used as reference), Cylate, Cyspon, and Cynull and the non-genetic factors of variation. Model ﬁxed effects were year (levels 1993–2016) and ﬂock (levels 1–9); weight was a covariate to determine any signiﬁcant associations between inde- pendent variables (year, ﬂock, and weight) and categories of oes- trus response.
Binomial regression analysis was conducted using GLM func- tion from the base R package for binary logistic regression to inves- tigate the effects of independent variables on fertility and litter size. Model ﬁxed effects were year (1993–2016), ﬂock (1–9), and oestrus response (Cyspon, Cyre, and Cylate). Cynull level was not valid in litter size and fertility analysis, as there was no litter size record for Cynull and all were not fertile by default. Weight was a covariate to determine whether independent variables had a sig- niﬁcant inﬂuence on fertility and litter size as well as to estimate the odds ratio (OR) for different categories within the oestrus response and ﬁxed effect levels.
The multinomial regression model for oestrus response:
logit[P(Cynull), P(Cylate), P(Cyspon)]
¼ b0 þ b1year þ b2flock þ b3weight
where logit[P(Cynull), P(Cylate), P(Cyspon)] represents probabilities of Cynull, Cylate, and Cyspon categories; b0, b1, b2, and b3 are the intercept and regression coefﬁcients estimated for the effects; and year and ﬂock are ﬁxed effects and weight is a covariate.
Binomial regression for fertility and litter size traits:
logit[P(non — fertile)] = BO + Blyear + B2flock
þ b3oestrus response þ b4weight
logit[P(single)] = BO + Blyear + B2flock + B3oestrus response
þ b4weight
where logit[P(non-fertile)] and logit[P(single)] represent the log odds of the non-fertile oestrus response and single birth type cate- gory, respectively; b0, b1, b2, b3, and b4 are the intercept and regression coefﬁcients estimated for the respective effects; and year, ﬂock, and oestrus response are ﬁxed effects and weight (as continuous variable) is a covariate. Pearson correlations were used to assess the relationship between the annual percentages of the different responses to the ‘ram effect’ and NDVI.
Genetic analysis
Variance components were estimated for all traits using the average information (DMU AI) restricted maximum likelihood algorithm based on mixed linear models in the DMU software package (Madsen and Jensen, 2013). A generalised linear mixed model binary model with logit link function was ﬁtted for binary fertility, and reversible jump Markov chain Monte Carlo model with Bayesian Markov Chain Monte Carlo was ﬁtted for oestrus response.
The logit model for binary fertility trait:
logitðpÞ ¼ Xb þ Z1a þ Wc þ e
4
Animal 18 (2024) 101332
The model for oestrus response and litter size at ﬁrst lambing:
y ¼ Xb þ Z1a þ Wc þ e
where y is a vector of response variable for oestrus response and lit- ter size at ﬁrst lambing; p is probability of success for fertility; b is a vector of ﬁxed effects of year (1993–2016) and ﬂock (1–9); a is a vector of additive animal genetic effects; c is a vector of covariate effects; e is a vector of residual effects; and X , Z1, and W are inci- dence matrices relating the observations to the ﬁxed, additive genetic and covariate effects, respectively. BW of ewes (21– 41.9 kg) at ﬁrst lambing were ﬁtted as covariate effects.
logit(p) = In{p/(1 — p)]
The logit function maps the probability of success of being fertile, with range 0–1, to a scale ranging from negative to positive inﬁnity.
To assess genetic trends, linear regression analysis was per- formed using the ‘lm()’ function from R and plotted using ggplot2 package (R Core Team, 2023). For each trait, individual estimated breeding values were linearly regressed on year, to quantify the relationship between genetic values and year, giving insights into the genetic progress of traits over time.
Results
Reproductive performance
Oestrus response to the ‘ram effect’ and sources of variation
Mean performances of maiden ewes and frequencies of the four oestrus responses are shown in Table 2. Table 3 presents the esti- mates, SEs, ORs, and P-values of logistic regression models for oes- trus response, fertility, and litter size. Some data were harvested from basic descriptive and multinomial analyses and are not shown in tables or ﬁgures.
Nearly half of maiden ewes showed a ‘ram effect’ either with normal or short cycle (Cyre; 50.45%). These ewes were hypotheti- cally some of those in anoestrus at ram introduction (Cyre + Cyla te + Cynull), representing 76% of the total joined females. Approx- imately, 24% of maiden ewes exhibited oestrus during the ﬁrst 14 days after introducing rams (Cyspon) and only 4.4% failed to show oestrus during their ﬁrst mating season (Cynull) (Table 2).
The intercepts were all highly significant (P < 0.0001), indicating a strong association between intercepts and respective oestrus responses. For the Cyspon response, the intercept was —2.94 + 0. 329, with OR of 0.05. In the absence of the weight, year, and flock variables, the odds of Cyspon response were significantly lower (P < 0.05) compared to the reference category. For Cylate response, the estimated intercept was 1.16 + 0.317, with OR of 3.18. The odds of Cylate response were significantly higher (P < 0.05) compared to
Table 2
Mean performances of Barbarine maiden ewes and frequencies (%) of the observed oestrus responses.
Trait Mean (min–max) Age of the maiden ewe at mating (days) 564.85 [479–727] Live weight at mating (kg) 39.52 [21–60] Interval start mating ﬁrst oestrus (days) 23.60 [0–99] Oestrus response Number of observations and Frequency (%) Cyspon 1 257 (23.97) Cyre 2 646 (50.45) Cylate 1 111 (21.18) Cynull 231 (4.40)
Abbreviations: Cyspon = Spontaneous cyclicity; Cyre = Cyclicity after ram effect; Cylate = late Cyclicity, Cynull = no cyclic activity.
I. Ben Salem, M. Rouatbi, M. Mlika et al.
Animal 18 (2024) 101332
Table 3
Logistic regression results for oestrus response, fertility and litter size of Barbarine maiden ewes.
Class Estimate + SE Odds ratio P-value Oestrus response Cyspon Intercept —2.94 + 0.329 0.05 <0.0001 Weight 0.04 + 0.008 1.04 <0.0001 Year —1.03 + 0.355 to 2.47 + 0.195 0.36 to 11.77 <0.05 with 15 of the year Flock —1.26 + 0.194 to 0.11 + 0.145 0.8 to 1.12 <0.05 for 2, 3,4 and 8 Cylate Intercept 1.16 + 0.317 3.18 <0.001 Weight —0.07 + 0.008 0.94 <0.001 Year 1994 to 2016 —0.44 + 0.48 to 4.23 + 0.414 0.64 to 68.60 <0.05 with 17 of the year Flock 2 to 9 —0.23 + 0.168 to 0.68 + 0.179 0.79 to 1.97 <0.05 for 2, 3, 4, 8 and 9 Cynull Intercept —4.97 + 0.782 0.01 <0.0001 Weight 0.02 + 0.019 1.02 0.21 Year —1.83 + 1.071 to 4.3 + 0.515 0.16 to 73.7 <0.05 with 7 of the year Flock 2 to 9 —1.25 + 0.644 to 0.29 + 0.394 0.28 to 1.34 >0.05 Fertility (non-fertile) Intercept —1.97 + 0.555 0.25 <0.05 Weight 0.02 + 0.012 1.03 <0.05 Year 1994 to 2016 —15,.52 + 220.654 to 1.11 + 0.207 <0.001 to 3.04 <0.05 except 2007 and 2011 Flock 2 to 9 —0.5 + 0.19 to 0.53 + 0.198 0.60 to 1.70 >0.05 except flock 2 and 5 Cyspon —0.08 + 0.12 0.92 >0.05 Cylate 0.54 + 0.113 1.71 <0.001 Litter size (single) Intercept 2.92 + 0.908 18.59 0.001 Weight 0.01 + 0.019 1.01 0.488 Year 1994 to 2016 —1.01 + 0.379 to 14.67 + 527.903 0.36 to > 999 >0.05 except 1994 and 2002 Flock 2 to 9 —0.49 + 0.297 to 0.50 + 0.371 0.61 to 1.6 >0.05 Cyspon —0.56 + 0.179 0.57 0.002 Cylate —0.40 + 0.182 0.67 0.03
<0.05 except 2007 and 2011
>0.05 except 1994 and 2002
Abbreviations: Cyspon = Maiden ewes showing spontaneous cycling at ram introduction; Cyre = Maiden ewes responding to the ram effect; Cylate = Maiden ewes with a late oestrus response; Cynull = Maiden ewes not exhibiting oestrus. Cyre set as reference for oestrus response category; Twin set as reference for litter size and fertile set as reference for fertility trait. Year 1993 and ﬂock 1 set as reference.
the reference category. For Cynull response, the estimated inter- cept was —4.97 + 0.782, with OR of 0.01. The Cynull response was significantly lower (P < 0.05) compared to the reference cate- gory (Table 3).
Multinomial regression analysis revealed a signiﬁcant effect of weight on oestrus response (P < 0.05), suggesting that weight was associated with changes in oestrus. Speciﬁcally, increased weight was associated with higher odds of Cyspon response. Thus, individuals of higher weight were more likely to exhibit Cyspon response than those of lower weight. Conversely, individuals of higher weight had a reduced likelihood of Cylate response than individuals of lower weight. However, weight did not signiﬁcantly impact the odds of Cynull response (Table 3).
The inﬂuence of different years on Cyspon, Cylate, and Cynull responses exhibited variability, with ranges of ORs of 0.36–11.77, 0.64–68.60, and 0.16–73.7, respectively, all compared to reference year 1993. Thus, likelihood of these phenotypic categories, com- pared to the reference, signiﬁcantly ﬂuctuated with years. Speciﬁ- cally, the highest percentage of maiden ewes spontaneously cycling at the time of ram introduction was in 2004 (68.91%), while the highest percentage of ewes responding to the ‘ram effect’ was in 1993 (71.60%). Considering the meteorological data, mean pre- cipitation during 1992 and 2003 (i.e. in the seasons immediately preceding the above ﬁndings) was highest of the study years (548 and 639 mm, respectively). Pearson correlations revealed that average annual values of NDVI and the annual percent of maiden ewes in Cyspon category were positively correlated (P = 0.006), while Pearson correlation between the % Cylate and NDVI was neg- ative and signiﬁcant (P = 0.006).
The inﬂuence of ﬂock on Cyspon and Cylate responses varied among ﬂocks. The ORs ranged between 0.8–1.12 for Cyspon and 0.79–1.97 for Cylate, compared to the reference ﬂock (ﬂock 1),
indicating that odds of these oestrus responses slightly decreased or increased with the speciﬁc ﬂock. Notably, the effect was signif- icant in ﬂocks 2–4 and 8 for Cyspon, and ﬂocks 2–4, 8, and 9 for Cylate (both P < 0.05). Conversely, no ﬂock signiﬁcantly affected Cynull response (P > 0.05; Table 3).
Maiden ewes’ fertility and sources of variation
Average fertility of Barbarine maiden ewes in the ﬂocks was 82.84% (4345/5245). There were no relationships between annual variations in fertility and the trend for increasing average temper- atures in the study area (Fig. 1).
For sources of variation in fertility (Table 3), the intercept for the non-fertile category was —1.97 and significant (P < 0.05), with OR of 0.25 (P < 0.05), indicating significantly lower odds of being non-fertile compared to the reference category. The weight vari- able had a coefficient of 0.02 + 0.012 kg, with OR of 1.03 (P < 0.05), indicating that for every unit increase in weight, the odds of being non-fertile increased by a factor of 1.03. Overall, mai- den ewes with moderate to high live weights at mating yielded higher fertilities compared to lighter or much heavier females. The year variable had a range of coefficients from —15.52 to 1.11. Most years were significant (P < 0.05), except 2007 and 2011. The highest fertility rate was 91.85% in 1998, and the lowest was 47.98% in 2005. Most flock categories were not significant (P > 0.05), except for flocks 2 and 5. The Cyspon response had a coefficient of —0.08 + 0.120, with OR of 0.92; this response had P < 0.001, indicating a strong association with fertility. The nega- tive coefficient suggested lower odds of being non-fertile for indi- viduals with Cyspon response compared to the reference category. The Cylate response had a coefficient of 0.54 + 0.113, with OR of 1.71; this response had P < 0.001, indicating a strong association with fertility. The positive coefficient suggested higher odds of
5
I. Ben Salem, M. Rouatbi, M. Mlika et al.
Animal 18 (2024) 101332
Table 4
Estimates of genetic variance and heritability of Barbarine sheep reproductive traits when stimulated by the ‘ram effect’.
Trait Op Oa Correlation Interval between rams’ introduction and oestrus occurrence _Litter size Fertility 1.18 0.118 0.10 0.26"" —0.007 Interval between rams’ introduction and oestrus occurrence 0.57 0.017. (0.03 0.007 Litter size 0.06 0.003 0.05
Abbreviations : rp = phenotypic variance; ra = genetic variance; h2= heritability.
* signiﬁcant at P = 0.05.
being non-fertile for individuals with Cylate response compared to the reference category (Table 3). In summary, by default, fertility was 0 for ewes in Cynull class, with the highest fertility (88.39%) for Cyspon females and the lowest (83.35%) for Cylate.
Litter size and sources of variation
Overall, the frequency of ewes with single litter size was 94.89%, and of ewes with twins was 5.09%. Litter size at birth was 1.05 ± 0.09.
The weight variable had a coefficient of 0.01 (SE = 0.019), with OR of 1.01. However, weight was not significant (P > 0.05), indicat- ing no association with litter size. The year variable had a range of coefficients from —1.01 to 14.67. Compared to the reference year 1993, most years were not significant (P > 0.05), except 1994 and 2002. No flock categories were significant (P > 0.05; Table 3).
Genetic parameters and trends
Variances, heritability estimates, and genetic correlations among studied traits are given in Table 4. The variance estimates for the interval separating oestrus from joining, fertility, and litter size were 1.18, 0.57, and 0.06, respectively. The heritability esti- mate from a univariate logit-transformed analysis for fertility was 0.10, indicating that genetic factors accounted for 10% of fertil- ity variation. Heritability estimates for litter size and the interval between ram introduction and oestrus were 0.03 and 0.05, respec- tively, thus genetic factors accounted for only 3 and 5% of variation in these traits (Table 4). Genetic correlation between fertility and the interval between ram introduction and oestrus was 0.26 (P < 0.05), indicating a positive relationship. However, no signiﬁ- cant correlations were observed between the other traits (P > 0.05). Genetic progress for the three studied traits showed a positive trend for fertility (P = 0.07), a signiﬁcant declining pattern for interval between ram introduction and oestrus (P = 0.05), and non-signiﬁcant for litter size (Fig. 3).
Fertity = -0 55 + 0.00028 * Year, P = 0.07 Days to oestrus = 0.28 + 0.00014 * Year; P= 0.05 { Trait ® Days to oestrus & Fertty + Litter size Estimated breeding value Year
Discussion
This study revealed that maiden Barbarine ewes were not totally sexually inactive during spring anoestrus months. Similar patterns were reported by De Lucas and Garcia (1991) for maiden Merino Rambouillet ewes in Mexico. However, comparisons should be considered cautiously because of age differences in what is des- ignated as nulliparous females. Capacity of sheep for out-of-season sexual activity was demonstrated in Barbarine (Tunisia; Maatoug- Ouzini et al., 2013), Mérinos d’Arles (France; Hanocq et al., 1999) and Chios ewes (Greece; Avdi et al., 2003) - these correspond to Mediterranean latitudes where the ‘ram effect’ proved an efficient management practice to trigger out-of-season female reproductive activity (Lassoued, 1998). In our study, spontaneous cyclicity (24%) and response to ‘ram effect’ of non—cyclic maiden ewes (50.45%) were lower than for multiparous Barbarine ewes (28 and 86%, respectively; Maatoug-Ouzini et al., 2013). Lower sensitivity of the hypothalamus-pituitary axis to the increase of oestrogen is a major cause of delaying oestrus onset in yearling ewes (Whyman, 1978). However, when utilising the ‘ram effect","Robust management practice ('ram effect') for enhanced reproductive performance of sheep for farmers in dryland areas. The innovation describes how sheep use a unique amalgam of behavioral, physiological and genetic mechanisms to preserve fertility under a looming scenario of warmer climate. Management of reproduction that relies on naturally based solutions is extremely important to counter the negative perception around hormone-based interventions. In Mediterranean latitudes and wider regions of non-tropical drylands, sheep do not normally ovulate during spring but exposure to a ram can induce oestrus and ovulation. This innovation promotes the use of the response of maiden Barbarine ewes in drylands to the ‘ram effect’ during springtime for improved fertility. The following text section comes from a specific evidence file named URL https://hdl.handle.net/10568/159635: ""Response of maiden ewes to the ram effect is a robust management practice and a candidate selection trait for enhanced reproductive performance in drylands Skip to main content Communities & Collections Browse Navigate CGIAR Centers Statistics English Catal e tina Deutsch Espa ol Suomi Fran ais G idhlig Magyar Italiano Latvie u Nederlands Polski Portugu s Portugu s do Brasil Srpski (lat) Svenska T rk e Y Ti ng Vi t Log In Note: CGIAR users should log in with their Active Directory username and password. For example, if your email is j.smith@cgiar.org, you would use jsmith here. Log in New user? Click here to register. Have you forgotten your password? Home CGIAR 2030 Portfolio CGIAR 2030 research initiatives and impact platforms (2022 2024) CGIAR Initiative on Agroecology Response of maiden ewes to the ram effect is a robust management practice and a candidate selection trait for enhanced reproductive performance in drylands Response of maiden ewes to the ram effect is a robust management practice and a candidate selection trait for enhanced reproductive performance in drylands Loading... Files Journal Article (740.24 KB, pdf) Authors Ben Salem, Imene Rouatbi, Mariem Mlika, Mariem Getachew, Tesfaye Govind, Ajit Haile, Aynalem Raggem, Mohamed Lahsoumi, Ridha Rekik, Mourad Date Issued 2024-11-01 Date Online 2024-10-19 Language en Type Journal Article Review Status Peer Review Access Rights Open Access Usage Rights Metadata Full item page Share Citation Imene Ben Salem, Mariem Rouatbi, Mariem Mlika, Tesfaye Getachew, Ajit Govind, Aynalem Haile, Mohamed Raggem, Ridha Lahsoumi, Mourad Rekik. (1/11/2024). Response of maiden ewes to the ram effect is a robust management practice and a candidate selection trait for enhanced reproductive performance in drylands. animal, 18 (11). Permanent link to cite or share this item https://hdl.handle.net/10568/159635 External link to download this item DOI https://doi.org/10.1016/j.animal.2024.101332 Abstract/Description Management of reproduction that relies on naturally based solutions is extremely important to counter the negative perception around hormone-based interventions. In Mediterranean latitudes and wider regions of non-tropical drylands, sheep do not normally ovulate during spring but exposure to a ram can induce oestrus and ovulation. This study assesses the response of maiden Barbarine ewes in drylands to the ram effect during springtime and estimates the genetic parameters of this response. The study uses a database documenting, for 24 consecutive years, the response of nulliparous 18-month-old ewes when mated after stimulation by the ram effect. In addition to the oestrous and fertility database, a pedigree database was also available. Nearly half of the maiden ewes responded to the ram effect, while 24% exhibited spontaneous reproductive activity and displayed oestrus during the first 14 days following the introduction of rams. Nearly 5% of females did not exhibit oestrus, and these animals are proposed for early culling. Average annual values of Normalized Difference Vegetation Index (NDVI), reflecting vegetation cover, and the percent of maiden ewes spontaneously cycling were positively correlated (P = 0.006). Interestingly, NDVI was negatively correlated with the percentage of anoestrus females that did not respond to the ram effect but exhibited oestrus beyond the hypothetical time frame commonly used to describe it. Average fertility was 82.8% and was significantly affected by mating year, live weight at mating, and the response to the ram effect. The highest fertility (88.39%) was for females spontaneously cycling at the time of ram introduction, and the lowest (83.35%) was for females coming into oestrus beyond the time frame for a ram-induced oestrus and ovulation. Heritability from a univariate logit transformed analysis for fertility was 0.10 and the genetic correlation between fertility and the interval between ram introduction and oestrus was 0.26, suggesting that a shorter interval is associated with higher fertility. Thus, the interval between ram introduction and oestrus is a good candidate for selective breeding for high fertility of maiden ewes in drylands mated out-of-season using the ram effect. Author ORCID identifiers Tesfaye Getachew Mengistu https://orcid.org/0000-0002-0544-6314 Ajit Govind https://orcid.org/0000-0002-0656-0004 Aynalem https://orcid.org/0000-0001-5914-0487 Mourad Rekik https://orcid.org/0000-0001-7455-2017 Contributes to SDGs AGROVOC Keywords fertility ; ram effect ; heritability ; sheep ; genetic trend ; barbarine sheep Countries Tunisia Regions Northern Africa Organizations Affiliated to the Authors International Center for Agricultural Research in the Dry Areas ; Office of Livestock and Pasture Authority ; Manouba University ; Institut Sup rieur Agronomique de Chott Mariem ; Commissariat R gional au D veloppement Agricole de Siliana Investors/sponsors CGIAR Trust Fund CGIAR Action Areas Resilient Agrifood Systems ; Systems Transformation CGIAR Impact Areas Climate adaptation and mitigation ; Nutrition, health and food security ; Poverty reduction, livelihoods and jobs ; Gender equality, youth and social inclusion ; Environmental health and biodiversity CGIAR Initiatives Sustainable Animal Productivity ; Agroecology Collections CGIAR Initiative on Agroecology CGIAR Initiative on Sustainable Animal Productivity ICARDA Articles in Journals DSpace software copyright 2002-2025 LYRASIS About Cookie settings Privacy policy Send Feedback"".

The following text section comes from a specific evidence file named URL https://cgspace.cgiar.org/bitstreams/7ea75cd0-83e8-444f-90cc-105d7fcd569e/download: ""Animal 18 (2024) 101332
ELSEVIER
Contents lists available at ScienceDirect
Animal
The international journal of animal biosciences

Response of maiden ewes to the ‘ram effect’ is a robust management practice and a candidate selection trait for enhanced reproductive performance in drylands
Sra
I. Ben Salem a, M. Rouatbi b,⇑ , M. Mlika c, T. Getachew d, A. Govind e, A. Haile d, M. Raggem f, R. Lahsoumi f, M. Rekik g
a Ecole Nationale de Médecine Vétérinaire, 2020, Ariana, Sidi Thabet 2020, Université de la Manouba, Tunisia
b Laboratory of Management and Control of Animal and Environmental Resources in Semi-Arid Area, LR18AG01, Institut Supérieur Agronomique de Chott-Mariem, Université de Sousse, Tunisia
c Commissariat Régional au Développement Agricole de Siliana, 6200, Ministère de l’Agriculture, des Ressources Hydrauliques et de la Pêche, Tunisia
d International Center for Agricultural Research in the Dry Areas (ICARDA), Ethiopia
e International Center for Agricultural Research in the Dry Areas (ICARDA), Egypt
f Ofﬁce de l’Elevage et des Pâturages, 30 Av. Alain Savary, Tunis, Ministère de l’Agriculture, des Ressources Hydrauliques et de la Pêche, Tunisia g International Center for Agricultural Research in the Dry Areas (ICARDA), Tunisia
a r t i c l e
i n f o
ARTICLE INFO
a b s t r a c t
Article history: Received 19 March 2024 Revised 6 September 2024 Accepted 12 September 2024 Available online 19 September 2024
Keywords: Barbarine sheep Fertility Genetic trend Heritability Ram effect
Management of reproduction that relies on naturally based solutions is extremely important to counter the negative perception around hormone-based interventions. In Mediterranean latitudes and wider regions of non-tropical drylands, sheep do not normally ovulate during spring but exposure to a ram can induce oestrus and ovulation. This study assesses the response of maiden Barbarine ewes in drylands to the ‘ram effect’ during springtime and estimates the genetic parameters of this response. The study uses a database documenting, for 24 consecutive years, the response of nulliparous 18-month-old ewes when mated after stimulation by the ‘ram effect.’ In addition to the oestrous and fertility database, a pedi- gree database was also available. Nearly half of the maiden ewes responded to the ‘ram effect,’ while 24% exhibited spontaneous reproductive activity and displayed oestrus during the ﬁrst 14 days following the introduction of rams. Nearly 5% of females did not exhibit oestrus, and these animals are proposed for early culling. Average annual values of Normalised Difference Vegetation Index (NDVI), reﬂecting vege- tation cover, and the percent of maiden ewes spontaneously cycling were positively correlated (P = 0.006). Interestingly, NDVI was negatively correlated with the percentage of anoestrus females that did not respond to the ‘ram effect’ but exhibited oestrus beyond the hypothetical time frame commonly used to describe it. Average fertility was 82.8% and was signiﬁcantly affected by mating year, live weight at mating, and the response to the ‘ram effect.’ The highest fertility (88.39%) was for females sponta- neously cycling at the time of ram introduction, and the lowest (83.35%) was for females coming into oes- trus beyond the time frame for a ram-induced oestrus and ovulation. Heritability from a univariate logit- transformed analysis for fertility was 0.10 and the genetic correlation between fertility and the interval between ram introduction and oestrus was 0.26, suggesting that a shorter interval is associated with higher fertility. Thus, the interval between ram introduction and oestrus is a good candidate for selective breeding for high fertility of maiden ewes in drylands mated out-of-season using the ‘ram effect.’
© 2024 The Author(s). Published by Elsevier B.V. on behalf of The Animal Consortium. This is an open access article under the CC BY license (http://creativecommons.org/licenses/by/4.0/).
Implications
Reproduction is modulated by animal genetic make-up and diverse extrinsic factors. Through the analysis of response patterns
⇑ Corresponding author at: Institut Supérieur Agronomique de Chott-Mariem,
Université de Sousse, Tunisia.
of maiden ewes to stimulation by the ‘ram effect,’ current study attempted to identify what causes variation and explore the exis- tence of a genetic component to this response. This research stres- ses that male–female social interactions facilitate reproduction in maiden ewes and lead to acceptable fertility. Furthermore, despite increasing trends of temperature, fertility was not affected and even showed a positive genetic trend. Practically, dryland sheep producers could use behaviour and genetics to sustainably
E-mail address: rouatbi.myriam@yahoo.fr (M. Rouatbi).
https://doi.org/10.1016/j.animal.2024.101332
1751-7311/© 2024 The Author(s). Published by Elsevier B.V. on behalf of The Animal Consortium. This is an open access article under the CC BY license (http://creativecommons.org/licenses/by/4.0/).
I. Ben Salem, M. Rouatbi, M. Mlika et al.
improve productivity under global warming and environmental degradation.
Introduction
Sheep breeds indigenous to global drylands are known for adap- tation to pastoral environments and resilience to variations in cli- mate and shortages in resources (Ben Gara, 2000; Chedid et al., 2014). However, how much plasticity these breeds can express under accelerated trends of increased temperature, decreased pre- cipitation, and much higher frequency of extreme weather events is unpredictable. There are already signiﬁcant disruptions in water and feed availability and cyclicity, leading to mismatching with major events of the reproductive cycle of seasonal animals, includ- ing sheep (Kumar et al., 2017). Heat stress further disrupts animal physiology, depressing productivity and contributing to wider yield gaps (Rhind and McNeilly, 1986; Maurya et al., 2005; Pulina et al., 2007).
Sheep breeds with a shallow reproductive seasonality have their mating season starting in spring and through summer. This is typical of various Mediterranean and non-tropical dryland breeds, which tend to have moderate sensitivity to photoperiod changes, allowing them to time their main lambing season in autumn and the 1st months of winter (Rekik et al., 2005). To main- tain acceptable levels of reproductive performance following out- of-season mating, hormonal treatments and other techniques such as photoperiodism are widely used. Such interventions remain constrained by high cost, unavailability in many countries, and need for speciﬁc technical expertise. The ‘ram effect’ is an alterna- tive method for puberty induction and synchronisation of time of oestrus (Scaramuzzi and Martin, 2008). Its use in managing pub- erty and reproduction in yearling females is cost-effective, easily applied, and aligns with universal principles of human health (safe animal food sources without hormones), environmental health (less residues), and animal welfare (freedom to express normal behaviour). The ‘ram effect’ is commonly used, contributing to the success of reproduction out-of-season, in spring.
The implementation of the ‘ram effect’ is well-known, well-studied, and described in several countries, but continues to stimulate research because of complexity of the underlying neu- roendocrine mechanisms (Fabre-Nys et al., 2016). The major factor responsible for variability in the response of ewes to rams is ewes’ ‘depth of anoestrus’ (Marshall, 1903; Lindsay and Signoret, 1980; Oussaid et al., 1993). The Barbarine breed is a good representative of fat-tailed breeds in drylands. The traditional mating season is spring, during which 25-40% of adult ewes ovulate and exhibit oestrus, while the natural breeding season - when most ewes are sexually active - is mid-July to late February (Khaldi, 1989; Lassoued and Khaldi, 1995) (Fig. S1). Several papers have assessed the Barbarine response to the ‘ram effect’ (Khaldi, 1988; Lassoued and Khaldi, 1990) in an attempt to understand the underlying physiological mechanisms (Lassoued et al., 1997; Lassoued, 1998) and investigate its genetic mechanisms in adult, multiparous ewes (Maatoug-Ouzini et al., 2013). However, there is a gap concerning maiden ewes, representing 20-30% of flock composition and usu- ally with inherently lower reproductive performance than adults. Further to the large environmental effects on reproductive perfor- mance of maiden sheep, which need a more comprehensive assess- ment under a variable, erratic dryland ecosystem, genetics could greatly assist sheep holders in drylands to develop measures for adapting to global warming and climate change. However, accu- rately quantifying factors of variation requires large amounts of data. Therefore, this study investigated the response of Barbarine maiden ewes to the ‘ram effect’ under typical out-of-season man- agement of reproduction. We hypothesise that, over out-
agement of reproduction. We hypothesise that, over years, out-
2
Animal 18 (2024) 101332
of-season reproductive management of these ewes based on the ‘ram effect’ would lead to genetic progress on fertility throughout their reproductive career. As such, a comprehensive database cov- ering 26 consecutive mating years was analysed to evaluate phe- notypic patterns of response to the ‘ram effect,’ identify sources of variation, and explore potential genetic parameters for breeding initiatives.
Material and methods
Study location, animals and breeding practices
The data were collected over 26 years (1993-2016) by the Office de I’Elevage et des Paturages from its Jebibina-Saouef breed- ing farm located in Central Tunisia. The farm belongs to the Saouef subdistrict where the mean annual temperature is 18.1 °C and annual rainfall is 366 mm (Climate data.org, 2023). Temperature and precipitation were recorded here for 40 years, including the 26 years of the study period (Fig. 1). Long-term dynamics of Nor- malised Difference Vegetation Index (NDVI) were gathered from satellite missions Advanced Very High-Resolution Radiometer (AVHRR) (Fig. 1) and annual NDVI values were considered.
The animals were of the fat-tailed Barbarine breed (Atti and Bocquier, 1999; Ben Salem et al., 2011). The farm has nine Bar- barine ﬂocks, each comprising 250–300 ewes. The ﬂocks were housed outdoors year-round and grazed on natural and improved rangeland. In addition to grazing, the animals received supple- ments of hay (0.5–1 kg/head/day) and concentrates (200–300 g/h ead/day) during mating, late gestation, and beginning of lactation. Flocks were annually vaccinated against foot and mouth disease, brucellosis, and sheep pox and regularly received preventive antiparasitic treatments. Annually, breeding male lambs were selected at age 6 months on their growth performances using a Best Linear Predictor index. This index was also used for the selec- tion of replacement ewe lambs. Selected ewe lambs were kept as replacement and reared in complete isolation from rams starting from age 6 months postweaning. At age 18 months, immediately before they were ﬁrst mated, 40–50 of the maiden ewes were rein- troduced in each ﬂock. All ﬂocks were mated in spring every year, with rams introduced to all ﬂocks on the same day between 20 April and 10 May. On average, six rams were used for every 100 ewes, and ewes in all ﬂocks were totally isolated from rams for at least 6 weeks before joining. As a general practice, shepherd assistance is required to lift the tail at the time of copulation. This allows a full record of oestrus occurrences (twice a day) for each mating combination. As some rams can lift the fat tail without any help and mate and as in the studied farm, pedigree data are systematically recorded, the rams are usually separated from the females at night to prevent any uncontrolled mating events. All ewes were weighed prior to mating season, constantly exposed
to natural photoperiod, and received no hormonal treatment.
Data and statistical analysis
Description of performance and pedigree databases
The database aggregates a total of 5 245 maiden ewe records concerning their ﬁrst mating and includes the following informa- tion: maiden ewe identiﬁcation, year of mating (1993–2016), ﬂock (nine ﬂocks), live weight at mating (kg), age (months), occurrence and date of oestrus events, lambing date, and litter size at lambing.
Based on available information, the interval between ram intro- duction and occurrence of oestrus was calculated. Frequencies of females with relation to the interval between ram introduction and oestrous are presented in Fig. 2. To differentiate between the different clusters of oestrus responses, we analysed the data based
I. Ben Salem, M. Rouatbi, M. Mlika et al.
Animal 18 (2024) 101332
Temp [oC] 1990 2010 2030 Year _709 c E E00 500 a 5 400 zZ £300 estees 27 26.5 26 S255 B25 8 245 24 23.5 23 1970 1980 1990 2000 2010 2020 2030 Year 05 D ‘=e NDVI_AVHRR [GIMMS3g] (8km) 1990 2000 Year 2010 2020
Fig. 1. Minimum (A) and maximum (B) temperatures, (C) annual precipitation, and (D) long-term NDVI (Normalised Difference Vegetation Index) gathered from the satellite missions AVHRR (The Advanced Very High-Resolution Radiometer) in the sheep study area.
—_——_ Cyre 15-28 days Number of maiden ewes pss 7s ne Cylate > 29 days A719 2 9 2S 27 29 31 3998-97 39 4 AS AS AT AS ST 89 HS ST 59 G1 GSS GT GS TY 79-75 TT 79 Bt BS OS OF BD Interval ram's introduction-estrus (days)
Fig. 2. Oestrus distribution of Barbarine maiden ewes during spring, out-of-season joining. Abbreviations: Cyspon = Spontaneous cyclicity; Cyre = Cyclicity after ram effect; Cylate = late Cyclicity.
on the typical response of anoestrus female sheep to the ‘ram effect’ according to Martin et al. (1986), Walkden-Brown et al. (1999), Álvarez and Zarco (2001), Rosa and Bryant (2002), and Ungerfeld et al. (2004). The extracted information was adapted according to the classiﬁcation of Maatoug-Ouzini et al. (2013), who analysed the oestrus response of adult Barbarine sheep to the ‘ram effect.’ We produced the following clusters of behavioural oestrus response of the ewes when mated in spring using the ‘ram effect’:
ovulated when stimulated with rams, with a short life span for the resulting corpus luteum (4–6 days), followed by a sec- ond silent ovulation with corpus luteum of normal life span, and overt oestrus only displayed at the third ovulation (days 23–28).
- Maiden ewes displaying oestrus 29 days or later after ram intro- duction (designated Cylate for late cyclicity) corresponds to females initiating a cyclic ovarian and oestrus activity not con- sequent to the ‘ram effect’.
- Maiden ewes displaying oestrus during days 1–14 after ram introduction (designated Cyspon for spontaneous cyclicity) cor- responding to females spontaneously cycling at the start of the mating season and were not females that would respond to the ‘ram effect.’ Maatoug-Ouzini et al. (2013) considered sponta- neously cycling ewes as those exhibiting oestrus during days 1–17 after ram introduction. To avoid overlap with ewes responding to the ‘ram effect,’ we limited the time interval to days 1–14, possibly slightly underestimating the number of females in this cluster.
- Maiden ewes that fail to show oestrus during the entire mating season (designated Cynull for no cyclicity). This cluster does not appear in Fig. 2.
In addition to oestrus response, fertility at spring mating of mai- den ewes aged 18 months and litter size were traits of interest. Fer- tility was coded 1 or 0 for maiden ewes that did or failed to lamb in autumn, respectively, and litter size was coded 1 or 2 if the female gave birth to a single or twins, respectively.
- Maiden ewes displaying oestrus during days 15–28 after ram introduction (designated Cyre for cyclicity after ram effect). This is females in anoestrus at the time of ram introduction and displaying oestrus induced by the ‘ram effect.’ This cluster had two physiologically distinct sub-clusters: the ﬁrst regrouped the females that silently ovulated in response to ram introduction followed by an overt ovulation one oestrus cycle later (days 15–22); and the second sub-cluster silently
Table 1
Pedigree structure of the Barbarine sheep used in the genetic analysis.
Item Oestrus response and fertility Litter size No of animals 7 604 6 823 No of records 4 966 4 139 No of sires 603 582 No of dams 2 651 2 378
3
I. Ben Salem, M. Rouatbi, M. Mlika et al.
The pedigree database included the following information: mai- den ewe identiﬁcation, production year, ﬂock, and identiﬁcation of sire and dam. Total number of animals involved in analysis, ewes with records, number of dams, and number of sires used in genetic analysis for traits are summarised in Table 1.
Analysis of non-genetic effects
Multinomial regression analysis was employed using the ‘multinom’ function from the ‘nnet’ package in R software (R Core Team, 2023) to examine the relationship between oestrus response: Cyre (used as reference), Cylate, Cyspon, and Cynull and the non-genetic factors of variation. Model ﬁxed effects were year (levels 1993–2016) and ﬂock (levels 1–9); weight was a covariate to determine any signiﬁcant associations between inde- pendent variables (year, ﬂock, and weight) and categories of oes- trus response.
Binomial regression analysis was conducted using GLM func- tion from the base R package for binary logistic regression to inves- tigate the effects of independent variables on fertility and litter size. Model ﬁxed effects were year (1993–2016), ﬂock (1–9), and oestrus response (Cyspon, Cyre, and Cylate). Cynull level was not valid in litter size and fertility analysis, as there was no litter size record for Cynull and all were not fertile by default. Weight was a covariate to determine whether independent variables had a sig- niﬁcant inﬂuence on fertility and litter size as well as to estimate the odds ratio (OR) for different categories within the oestrus response and ﬁxed effect levels.
The multinomial regression model for oestrus response:
logit[P(Cynull), P(Cylate), P(Cyspon)]
¼ b0 þ b1year þ b2flock þ b3weight
where logit[P(Cynull), P(Cylate), P(Cyspon)] represents probabilities of Cynull, Cylate, and Cyspon categories; b0, b1, b2, and b3 are the intercept and regression coefﬁcients estimated for the effects; and year and ﬂock are ﬁxed effects and weight is a covariate.
Binomial regression for fertility and litter size traits:
logit[P(non — fertile)] = BO + Blyear + B2flock
þ b3oestrus response þ b4weight
logit[P(single)] = BO + Blyear + B2flock + B3oestrus response
þ b4weight
where logit[P(non-fertile)] and logit[P(single)] represent the log odds of the non-fertile oestrus response and single birth type cate- gory, respectively; b0, b1, b2, b3, and b4 are the intercept and regression coefﬁcients estimated for the respective effects; and year, ﬂock, and oestrus response are ﬁxed effects and weight (as continuous variable) is a covariate. Pearson correlations were used to assess the relationship between the annual percentages of the different responses to the ‘ram effect’ and NDVI.
Genetic analysis
Variance components were estimated for all traits using the average information (DMU AI) restricted maximum likelihood algorithm based on mixed linear models in the DMU software package (Madsen and Jensen, 2013). A generalised linear mixed model binary model with logit link function was ﬁtted for binary fertility, and reversible jump Markov chain Monte Carlo model with Bayesian Markov Chain Monte Carlo was ﬁtted for oestrus response.
The logit model for binary fertility trait:
logitðpÞ ¼ Xb þ Z1a þ Wc þ e
4
Animal 18 (2024) 101332
The model for oestrus response and litter size at ﬁrst lambing:
y ¼ Xb þ Z1a þ Wc þ e
where y is a vector of response variable for oestrus response and lit- ter size at ﬁrst lambing; p is probability of success for fertility; b is a vector of ﬁxed effects of year (1993–2016) and ﬂock (1–9); a is a vector of additive animal genetic effects; c is a vector of covariate effects; e is a vector of residual effects; and X , Z1, and W are inci- dence matrices relating the observations to the ﬁxed, additive genetic and covariate effects, respectively. BW of ewes (21– 41.9 kg) at ﬁrst lambing were ﬁtted as covariate effects.
logit(p) = In{p/(1 — p)]
The logit function maps the probability of success of being fertile, with range 0–1, to a scale ranging from negative to positive inﬁnity.
To assess genetic trends, linear regression analysis was per- formed using the ‘lm()’ function from R and plotted using ggplot2 package (R Core Team, 2023). For each trait, individual estimated breeding values were linearly regressed on year, to quantify the relationship between genetic values and year, giving insights into the genetic progress of traits over time.
Results
Reproductive performance
Oestrus response to the ‘ram effect’ and sources of variation
Mean performances of maiden ewes and frequencies of the four oestrus responses are shown in Table 2. Table 3 presents the esti- mates, SEs, ORs, and P-values of logistic regression models for oes- trus response, fertility, and litter size. Some data were harvested from basic descriptive and multinomial analyses and are not shown in tables or ﬁgures.
Nearly half of maiden ewes showed a ‘ram effect’ either with normal or short cycle (Cyre; 50.45%). These ewes were hypotheti- cally some of those in anoestrus at ram introduction (Cyre + Cyla te + Cynull), representing 76% of the total joined females. Approx- imately, 24% of maiden ewes exhibited oestrus during the ﬁrst 14 days after introducing rams (Cyspon) and only 4.4% failed to show oestrus during their ﬁrst mating season (Cynull) (Table 2).
The intercepts were all highly significant (P < 0.0001), indicating a strong association between intercepts and respective oestrus responses. For the Cyspon response, the intercept was —2.94 + 0. 329, with OR of 0.05. In the absence of the weight, year, and flock variables, the odds of Cyspon response were significantly lower (P < 0.05) compared to the reference category. For Cylate response, the estimated intercept was 1.16 + 0.317, with OR of 3.18. The odds of Cylate response were significantly higher (P < 0.05) compared to
Table 2
Mean performances of Barbarine maiden ewes and frequencies (%) of the observed oestrus responses.
Trait Mean (min–max) Age of the maiden ewe at mating (days) 564.85 [479–727] Live weight at mating (kg) 39.52 [21–60] Interval start mating ﬁrst oestrus (days) 23.60 [0–99] Oestrus response Number of observations and Frequency (%) Cyspon 1 257 (23.97) Cyre 2 646 (50.45) Cylate 1 111 (21.18) Cynull 231 (4.40)
Abbreviations: Cyspon = Spontaneous cyclicity; Cyre = Cyclicity after ram effect; Cylate = late Cyclicity, Cynull = no cyclic activity.
I. Ben Salem, M. Rouatbi, M. Mlika et al.
Animal 18 (2024) 101332
Table 3
Logistic regression results for oestrus response, fertility and litter size of Barbarine maiden ewes.
Class Estimate + SE Odds ratio P-value Oestrus response Cyspon Intercept —2.94 + 0.329 0.05 <0.0001 Weight 0.04 + 0.008 1.04 <0.0001 Year —1.03 + 0.355 to 2.47 + 0.195 0.36 to 11.77 <0.05 with 15 of the year Flock —1.26 + 0.194 to 0.11 + 0.145 0.8 to 1.12 <0.05 for 2, 3,4 and 8 Cylate Intercept 1.16 + 0.317 3.18 <0.001 Weight —0.07 + 0.008 0.94 <0.001 Year 1994 to 2016 —0.44 + 0.48 to 4.23 + 0.414 0.64 to 68.60 <0.05 with 17 of the year Flock 2 to 9 —0.23 + 0.168 to 0.68 + 0.179 0.79 to 1.97 <0.05 for 2, 3, 4, 8 and 9 Cynull Intercept —4.97 + 0.782 0.01 <0.0001 Weight 0.02 + 0.019 1.02 0.21 Year —1.83 + 1.071 to 4.3 + 0.515 0.16 to 73.7 <0.05 with 7 of the year Flock 2 to 9 —1.25 + 0.644 to 0.29 + 0.394 0.28 to 1.34 >0.05 Fertility (non-fertile) Intercept —1.97 + 0.555 0.25 <0.05 Weight 0.02 + 0.012 1.03 <0.05 Year 1994 to 2016 —15,.52 + 220.654 to 1.11 + 0.207 <0.001 to 3.04 <0.05 except 2007 and 2011 Flock 2 to 9 —0.5 + 0.19 to 0.53 + 0.198 0.60 to 1.70 >0.05 except flock 2 and 5 Cyspon —0.08 + 0.12 0.92 >0.05 Cylate 0.54 + 0.113 1.71 <0.001 Litter size (single) Intercept 2.92 + 0.908 18.59 0.001 Weight 0.01 + 0.019 1.01 0.488 Year 1994 to 2016 —1.01 + 0.379 to 14.67 + 527.903 0.36 to > 999 >0.05 except 1994 and 2002 Flock 2 to 9 —0.49 + 0.297 to 0.50 + 0.371 0.61 to 1.6 >0.05 Cyspon —0.56 + 0.179 0.57 0.002 Cylate —0.40 + 0.182 0.67 0.03
<0.05 except 2007 and 2011
>0.05 except 1994 and 2002
Abbreviations: Cyspon = Maiden ewes showing spontaneous cycling at ram introduction; Cyre = Maiden ewes responding to the ram effect; Cylate = Maiden ewes with a late oestrus response; Cynull = Maiden ewes not exhibiting oestrus. Cyre set as reference for oestrus response category; Twin set as reference for litter size and fertile set as reference for fertility trait. Year 1993 and ﬂock 1 set as reference.
the reference category. For Cynull response, the estimated inter- cept was —4.97 + 0.782, with OR of 0.01. The Cynull response was significantly lower (P < 0.05) compared to the reference cate- gory (Table 3).
Multinomial regression analysis revealed a signiﬁcant effect of weight on oestrus response (P < 0.05), suggesting that weight was associated with changes in oestrus. Speciﬁcally, increased weight was associated with higher odds of Cyspon response. Thus, individuals of higher weight were more likely to exhibit Cyspon response than those of lower weight. Conversely, individuals of higher weight had a reduced likelihood of Cylate response than individuals of lower weight. However, weight did not signiﬁcantly impact the odds of Cynull response (Table 3).
The inﬂuence of different years on Cyspon, Cylate, and Cynull responses exhibited variability, with ranges of ORs of 0.36–11.77, 0.64–68.60, and 0.16–73.7, respectively, all compared to reference year 1993. Thus, likelihood of these phenotypic categories, com- pared to the reference, signiﬁcantly ﬂuctuated with years. Speciﬁ- cally, the highest percentage of maiden ewes spontaneously cycling at the time of ram introduction was in 2004 (68.91%), while the highest percentage of ewes responding to the ‘ram effect’ was in 1993 (71.60%). Considering the meteorological data, mean pre- cipitation during 1992 and 2003 (i.e. in the seasons immediately preceding the above ﬁndings) was highest of the study years (548 and 639 mm, respectively). Pearson correlations revealed that average annual values of NDVI and the annual percent of maiden ewes in Cyspon category were positively correlated (P = 0.006), while Pearson correlation between the % Cylate and NDVI was neg- ative and signiﬁcant (P = 0.006).
The inﬂuence of ﬂock on Cyspon and Cylate responses varied among ﬂocks. The ORs ranged between 0.8–1.12 for Cyspon and 0.79–1.97 for Cylate, compared to the reference ﬂock (ﬂock 1),
indicating that odds of these oestrus responses slightly decreased or increased with the speciﬁc ﬂock. Notably, the effect was signif- icant in ﬂocks 2–4 and 8 for Cyspon, and ﬂocks 2–4, 8, and 9 for Cylate (both P < 0.05). Conversely, no ﬂock signiﬁcantly affected Cynull response (P > 0.05; Table 3).
Maiden ewes’ fertility and sources of variation
Average fertility of Barbarine maiden ewes in the ﬂocks was 82.84% (4345/5245). There were no relationships between annual variations in fertility and the trend for increasing average temper- atures in the study area (Fig. 1).
For sources of variation in fertility (Table 3), the intercept for the non-fertile category was —1.97 and significant (P < 0.05), with OR of 0.25 (P < 0.05), indicating significantly lower odds of being non-fertile compared to the reference category. The weight vari- able had a coefficient of 0.02 + 0.012 kg, with OR of 1.03 (P < 0.05), indicating that for every unit increase in weight, the odds of being non-fertile increased by a factor of 1.03. Overall, mai- den ewes with moderate to high live weights at mating yielded higher fertilities compared to lighter or much heavier females. The year variable had a range of coefficients from —15.52 to 1.11. Most years were significant (P < 0.05), except 2007 and 2011. The highest fertility rate was 91.85% in 1998, and the lowest was 47.98% in 2005. Most flock categories were not significant (P > 0.05), except for flocks 2 and 5. The Cyspon response had a coefficient of —0.08 + 0.120, with OR of 0.92; this response had P < 0.001, indicating a strong association with fertility. The nega- tive coefficient suggested lower odds of being non-fertile for indi- viduals with Cyspon response compared to the reference category. The Cylate response had a coefficient of 0.54 + 0.113, with OR of 1.71; this response had P < 0.001, indicating a strong association with fertility. The positive coefficient suggested higher odds of
5
I. Ben Salem, M. Rouatbi, M. Mlika et al.
Animal 18 (2024) 101332
Table 4
Estimates of genetic variance and heritability of Barbarine sheep reproductive traits when stimulated by the ‘ram effect’.
Trait Op Oa Correlation Interval between rams’ introduction and oestrus occurrence _Litter size Fertility 1.18 0.118 0.10 0.26"" —0.007 Interval between rams’ introduction and oestrus occurrence 0.57 0.017. (0.03 0.007 Litter size 0.06 0.003 0.05
Abbreviations : rp = phenotypic variance; ra = genetic variance; h2= heritability.
* signiﬁcant at P = 0.05.
being non-fertile for individuals with Cylate response compared to the reference category (Table 3). In summary, by default, fertility was 0 for ewes in Cynull class, with the highest fertility (88.39%) for Cyspon females and the lowest (83.35%) for Cylate.
Litter size and sources of variation
Overall, the frequency of ewes with single litter size was 94.89%, and of ewes with twins was 5.09%. Litter size at birth was 1.05 ± 0.09.
The weight variable had a coefficient of 0.01 (SE = 0.019), with OR of 1.01. However, weight was not significant (P > 0.05), indicat- ing no association with litter size. The year variable had a range of coefficients from —1.01 to 14.67. Compared to the reference year 1993, most years were not significant (P > 0.05), except 1994 and 2002. No flock categories were significant (P > 0.05; Table 3).
Genetic parameters and trends
Variances, heritability estimates, and genetic correlations among studied traits are given in Table 4. The variance estimates for the interval separating oestrus from joining, fertility, and litter size were 1.18, 0.57, and 0.06, respectively. The heritability esti- mate from a univariate logit-transformed analysis for fertility was 0.10, indicating that genetic factors accounted for 10% of fertil- ity variation. Heritability estimates for litter size and the interval between ram introduction and oestrus were 0.03 and 0.05, respec- tively, thus genetic factors accounted for only 3 and 5% of variation in these traits (Table 4). Genetic correlation between fertility and the interval between ram introduction and oestrus was 0.26 (P < 0.05), indicating a positive relationship. However, no signiﬁ- cant correlations were observed between the other traits (P > 0.05). Genetic progress for the three studied traits showed a positive trend for fertility (P = 0.07), a signiﬁcant declining pattern for interval between ram introduction and oestrus (P = 0.05), and non-signiﬁcant for litter size (Fig. 3).
Fertity = -0 55 + 0.00028 * Year, P = 0.07 Days to oestrus = 0.28 + 0.00014 * Year; P= 0.05 { Trait ® Days to oestrus & Fertty + Litter size Estimated breeding value Year
Discussion
This study revealed that maiden Barbarine ewes were not totally sexually inactive during spring anoestrus months. Similar patterns were reported by De Lucas and Garcia (1991) for maiden Merino Rambouillet ewes in Mexico. However, comparisons should be considered cautiously because of age differences in what is des- ignated as nulliparous females. Capacity of sheep for out-of-season sexual activity was demonstrated in Barbarine (Tunisia; Maatoug- Ouzini et al., 2013), Mérinos d’Arles (France; Hanocq et al., 1999) and Chios ewes (Greece; Avdi et al., 2003) - these correspond to Mediterranean latitudes where the ‘ram effect’ proved an efficient management practice to trigger out-of-season female reproductive activity (Lassoued, 1998). In our study, spontaneous cyclicity (24%) and response to ‘ram effect’ of non—cyclic maiden ewes (50.45%) were lower than for multiparous Barbarine ewes (28 and 86%, respectively; Maatoug-Ouzini et al., 2013). Lower sensitivity of the hypothalamus-pituitary axis to the increase of oestrogen is a major cause of delaying oestrus onset in yearling ewes (Whyman, 1978). However, when utilising the ‘ram effect"
12429,Climate smart breeding practices for sustainable sheep and goat production in pastoral systems,"Enhancing sheep and goat productivity and returns from livestock enterprises in pastoral systems is vital to the communities whose livelihoods depend on their animals. However, realizing enhanced productivity and increased returns from small ruminant enterprises requires a combination of local livestock keepers’ knowledge, contemporary approaches to genetic improvement and husbandry that curtail Green house Gas emission and improve resilience alongside proactive market systems that facilitate diffusion of innovations and deliver value to value chain actors._x000D_
The innovation: Upgrading the small ruminant value chain through community-based entrepreneurship ecosystems to integrate and strengthen linkages among actors in the sheep and goat value chain and enhance their technical capacity and entrepreneurial skills to become viable business partners, thus creating a sustainable ecosystem.","The following text section comes from a specific evidence file named URL https://hdl.handle.net/10568/144093: ""Adapting an entrepreneurial ecosystem approach for climate-smart small ruminant production in pastoral communities Skip to main content Communities & Collections Browse Navigate CGIAR Centers Statistics English Catal e tina Deutsch Espa ol Suomi Fran ais G idhlig Magyar Italiano Latvie u Nederlands Polski Portugu s Portugu s do Brasil Srpski (lat) Svenska T rk e Y Ti ng Vi t Log In Note: CGIAR users should log in with their Active Directory username and password. For example, if your email is j.smith@cgiar.org, you would use jsmith here. Log in New user? Click here to register. Have you forgotten your password? Home CGIAR research centers International Livestock Research Institute (ILRI) ILRI Research Themes ILRI Livestock Genetics, Nutrition and Feed Resources theme ILRI livestock genetics program (2017-2024) ILRI livestock genetics program outputs Adapting an entrepreneurial ecosystem approach for climate-smart small ruminant production in pastoral communities Adapting an entrepreneurial ecosystem approach for climate-smart small ruminant production in pastoral communities Loading... Files Presentation (2.23 MB, pdf) Authors Ojango, Julie M.K. Sila, Winfred Oyieng, Edwin Rao, E.J.O. Date Issued 2024-05-21 Date Online Language en Type Presentation Review Status Access Rights Open Access Usage Rights Metadata Full item page Share Citation Ojango, J.M., Sila, W., Oyieng, E. and Rao, J.E. 2024. Adapting an entrepreneurial ecosystem approach for climate-smart small ruminant production in pastoral communities. Presented at the FAO & AU-IBAR Meeting of African Regional National Coordinators for the Management of Animal Genetic Resources: Third Report on the State of the World s Animal Genetic Resources for Food and Agriculture (SoW-AnGR3), Naivasha, Kenya, 21-23 May 2024. Nairobi, Kenya: ILRI. Permanent link to cite or share this item https://hdl.handle.net/10568/144093 External link to download this item DOI Abstract/Description Author ORCID identifiers Ojango J.M.K. https://orcid.org/0000-0003-0224-5370 Edwin Oyieng https://orcid.org/0000-0002-5004-2060 AGROVOC Keywords climate smart agriculture ; animal production ; animal breeding ; genetics ; small ruminants ; pastoralism Subjects ANIMAL BREEDING ; ANIMAL PRODUCTION ; CLIMATE CHANGE ; PASTORALISM ; SMALL RUMINANTS Regions Africa Organizations Affiliated to the Authors International Livestock Research Institute Collections ILRI livestock genetics program outputs ILRI presentations DSpace software copyright 2002-2025 LYRASIS About Cookie settings Privacy policy Send Feedback"".

The following text section comes from a specific evidence file named URL https://cgspace.cgiar.org/bitstreams/857c909b-c468-4030-b32e-591fd0f68792/download: ""1 
Adapting an Entrepreneurial Ecosystem Approach for Climate-Smart Small Ruminant Production in Pastoral Communities
Better lives and a better planet through livestock
Julie M. Ojango, W. Sila, E. Oyieng and J.E. RAO Livestock Genetics Program, International Livestock Research Institute, Nairobi, Kenya
FAO & AU-IBAR Meeting of African Regional National Coordinators for the Management of Animal Genetic Resources
Naivasha, Kenya.
yy SF CGIAR me FO RCH TE 2024
21st -23rd May 2024
2
Sheep and Goats in Africa
Arica hosts 33% of the world’s sheep, 42% of the world’s goats (FAOSTAT 2024)
NUMBE R O F SHE E P
NUMBER OF GOATS
250,000,000
250,000,000  200,000,000  150,000,000  100,000,000  50,000,000  0  2 0 0 0  2 0 0 5  2 0 1 0  2 0 1 5  2 0 1 9  2 0 2 2 
200,000,000
150,000,000  100,000,000  50,000,000  0  2 0 0 0  2 0 0 5  2 0 1 0  2 0 1 5  2 0 1 9  2 0 2 2 

Southern Africa
Eastern Africa
Central Africa
Western Africa
Northern Africa
a CGIAR Sy 2024
——
The challenge
➢ Changing climatic conditions have resulted in an increased frequency and severity of droughts in ASAL
eg. Drought of 2020-2023 was devastating (Kenya 2.6 million animals died)
➢ Pastoralist communities living in ASAL are in a constant state of ”recovery from previous drought” (structural poverty)
➢ Restricted mobility, desertification, loss of species diversity
➢ Limited infrastructure to support interventions
3 
I hd AG
ILRI INTERNATIONAL LIVESTOCK RESEARCH INSTITUTE 2024 <P CGIAR
…The challenge
➢ Populations are growing alongside a growing market demand for products
➢ Mortality of livestock results in loss of species and breed diversity, & reduces resilience within species
➢ Sheep and goats are valued by all pastoral communities- but there are limited technologies that integrate productivity & resilience across populations
➢ Limited alternative investments for ASAL occupied by pastoralists
Key SDG’s targeted
—— _ LL
Improve nutrition by doubling affordable access to quality animal-source foods

Women’s economic empowerment through 100% increase in control over livestock assets

Reduction in negative impact of livestock on the environment

Increase in value of livestock resources and rangelands in LMICs
ILRI INTERNATIONAL LIVESTOCK RESEARCH INSTITUTE 2024 a CGIAR
4
Research and information gaps
• Imperfect information on existing livestock to guide strategic intervention decisions (information asymmetry)
• There are gaps in the Evidence-base to support early warning & response mechanisms
• Options for integration of indigenous knowledge systems, social networks, and alternative technology interventions
• Existing unique genes in populations and possible pathways for their selection
• Appropriate programs and strategies to drive change in environments where external inputs are limiting
5 
ILRI INTERNATIONAL a CGIAR LIVESTOCK RESEARCH INSTITUTE 2024
6 
Question: How can genetics impact livelihoods under changing climatic conditions?
❖ Understand Characteristics of existing diversity, losses and needs related to different livestock across communities
❖ Promote behavior change and reorient producer mindsets to Entrepreneurship in livestock production
❖ Foster Trust and Collaboration across actors in different nodes of the small ruminant value chain
❖ Build and develop capacity for supportive ecosystems to create and improve productivity while maintaining diversity in livestock resources
ILRI FO IN nerocn mi 2024 wb
6
Defining an Entrepreneurial Ecosystem
/
Entrepreneurs: Individuals who create and run new businesses,   driving innovation and economic growth  Ecosystem: a community that interacts with each other in a   specific area  Entrepreneurial Ecosystem  a set of interdependent actors and factors coordinated   in such a way that they enable productive   entrepreneurship  
specific area
entrepreneurship




ILRI INTERNATIONAL LIVESTOCK RESEARCH INSTITUTE 2024 a CGIAR
7
Reconnaissance and Mapping
• Review literature on target areas  • Develop profiles of target areas,   environments and communities  • Secure Buy-in from area administration  Ref: Module 1: Core Innovation Groups for Livestock   Improvement -Digital module  https://hdl.handle.net/10568/108904 , https://srm.ilri.o  rg 
rg
\
Core Innovation Groups for Livestockimprovement START COURSE Pace ig

ILRI INTERNATIONAL LIVESTOCK RESEARCH INSTITUTE Sy 2024 <P CGIAR
8
Rapid Assessment to Characterize Select Value-Chain Nodes
Pastoral Livestock Producer   Groups (PLPG)  Input and Service   Livestock Offtakers  Providers 
9
— a
ILRI INTERNATIONAL a CGIAR LIVESTOCK RESEARCH INSTITUTE 2024
Operationalize the Entrepreneurship Ecosystem
✓ Socialize Actors on the principles of entrepreneurship ecosystem
✓ Facilitate ” siness to siness” for s for actors to interact
✓ Develop the capacity of actors in each node of the ecosystem to embed services and practices for “ siness” de elop ent
ILR INTERNATIONAL INSTITUTE 2024 oie CGIAR
10 
Entrepreneurial Ecosystem at 3 nodes of the Value-Chain

Livestock  Input and Service   Providers  Pastoral Livestock Producer   Groups (PLPG)  $  Actor Partnerships  Payment for services   offered to PLPG  Livestock  Livestock Offtakers 
11
ILRI INTERNATIONAL LIVESTOCK RESEARCH INSTITUTE oy 2024 SP CGIAR
Develop Impact pathway for each Node example: Pastoral Livestock Producer Groups
BEST PRACTICES FOR SELECTIVE BREEDING FOR IMPROVED LIVESTOCK in D> Innovative strategies for increasing Identification and Livestock producers Farmers engaged in _largeted training tor productivity of livestock through recruitment of farmers for organized in Core Innovation co-learning activities through livestock producers on selective breeding Core Innovation Groups Groups Innovation plattorms: selective breeding Farmers using best livestock management practices i r Strategic off-take of Fi dele. Farmers implementin, Strategic 0} traits and identity selective mating to livestock tor sale desirable animals for fix desired traits in improved growth and livestock population resilience Farmers multiplying G Farmers using reference Increased number of improved livestock sires in an organized livestock keepers selling in their flocks mating plan quality livestock of Increased numbers of more productive and resilient livestock in the farmers’ flocks
12 
ILRI INTERNATIONAL LIVESTOCK RESEARCH INSTITUTE 2024 we CGIAR
ILRI 8
13 
13
Community Innovation Groups
(CIG)
• Focus on the most   valuable assets in   communities  • Integrate indigenous   knowledge and values in   planned interventions  • Expand networks for   services and market   opportunities for animal   offtake  • Ensure Farmer to farmer   learning, and introduce   options for stratification   in livestock production   systems 

ay
14 
Gender inclusion is critical from the outset
➢ We need to understand socio-cultural interactions between communities and their different livestock
➢ Men and women have differential roles as keepers of locally adapted livestock breeds
✓Gender asset disparities related to livestock result from social norms, market conditions and government policies
➢ Generate evidence on the opportunities livestock related interventions could offer women, men and the youth
➢ Identify value chain segments where women and youth are found and enhance their value

de CGIAR INTERNATIONAL FO LIVESTOCK RESEARCH INSTITUTE 2024
15
Adapt technologies and practices to accelerate genetic gains
gains opK Collect Open Data 500K+ g , 7 = ORK | ean aiee = About this app >
Breeding management practices ✓ Mating management in flocks ✓ Feeding practices ✓ Disease control measures
Data capture using ICT tools ✓ Develop breeding platforms to systematically improve and deliver desired genetics ✓ promote innovative phenotyping systems/ technologies
SNP technologies to determine Breed composition ✓ promote best genotypes for the different production systems
ILRI CGIAR
y =
Option to amplify delivery of preferred Genetics with the Surrogate Sire breeding approach
Donor ‘elite’ buck  Spermatogonial stem   cell (SSC) culture  SSC transplantation into an   unlimited number of NANOS2   Productive &   resilient offspring   in communities  knockout recipient males 

Distributed as living AI straws, heat detectors & inseminators
ILRI INTERNATIONAL LIVESTOCK RESEARCH INSTITUTE 2024 ie Sie CGIAR
16
Partnerships and Investments
▪ Pastoral livestock community leaders  ▪ National and county-level stakeholders  ▪ Private sector partners providing services in   communities  ▪ Organizations providing relief for vulnerable   communities  
✓ Develop possible credit products and   streams to finance investments 
17
rilareegiss dk Module 3 Act tee ES}
\ ILRI LL INTERNATIONAL Sie LIVESTOCK RESEARCH INSTITUTE 2024 CGIAR
Concluding Remarks
Engaging pastoral communities through gender- inclusive groups enables faster acceptance and adoption of new practices
Regular capacity development and community engagement is critical for sustained change in behaviour and practices
New technologies and practices need to be adapted and contextualized to help accelerate change in pastoral systems
INTERNATIONAL LIVESTOCK RESEARCH INSTITUTE 2024 a CGIAR
18 
Acknowledgement
We acknowledge the pastoral livestock-keeping communities in Kenya
This work is implemented as part of the CGIAR program on Livestock Climate and Systems Resilience, implemented by the International Livestock Research Institute

ILKI
INTERNATIONAL LIVESTOCK RESEARCH INSTITUTE
we
CGIAR
The International Livestock Research Institute (ILRI) is a non-profit institution helping people in low- and middle-income countries to improve their lives, livelinoods and lands through the animals that remain the backbone of small-scale agriculture and enterprise across the developing world. ILRI belongs to CGIAR, a global research-for-development partnership working for a food-secure future. ILRI’s funders, through the CGIAR Trust Fund, and its many partners make ILRI’s work possible and its mission a reality. Australian animal scientist and Nobel Laureate Peter Doherty serves as ILRI’s patron. You are free to use and share this material under the Creative Commons Attribution 4.0 International Licence @@.
better lives through livestock
ilri.org""","Climate smart breeding practices for sustainable sheep and goat production in pastoral systems Enhancing sheep and goat productivity and returns from livestock enterprises in pastoral systems is vital to the communities whose livelihoods depend on their animals. However, realizing enhanced productivity and increased returns from small ruminant enterprises requires a combination of local livestock keepers’ knowledge, contemporary approaches to genetic improvement and husbandry that curtail Green house Gas emission and improve resilience alongside proactive market systems that facilitate diffusion of innovations and deliver value to value chain actors._x000D_
The innovation: Upgrading the small ruminant value chain through community-based entrepreneurship ecosystems to integrate and strengthen linkages among actors in the sheep and goat value chain and enhance their technical capacity and entrepreneurial skills to become viable business partners, thus creating a sustainable ecosystem. The following text section comes from a specific evidence file named URL https://hdl.handle.net/10568/144093: ""Adapting an entrepreneurial ecosystem approach for climate-smart small ruminant production in pastoral communities Skip to main content Communities & Collections Browse Navigate CGIAR Centers Statistics English Catal e tina Deutsch Espa ol Suomi Fran ais G idhlig Magyar Italiano Latvie u Nederlands Polski Portugu s Portugu s do Brasil Srpski (lat) Svenska T rk e Y Ti ng Vi t Log In Note: CGIAR users should log in with their Active Directory username and password. For example, if your email is j.smith@cgiar.org, you would use jsmith here. Log in New user? Click here to register. Have you forgotten your password? Home CGIAR research centers International Livestock Research Institute (ILRI) ILRI Research Themes ILRI Livestock Genetics, Nutrition and Feed Resources theme ILRI livestock genetics program (2017-2024) ILRI livestock genetics program outputs Adapting an entrepreneurial ecosystem approach for climate-smart small ruminant production in pastoral communities Adapting an entrepreneurial ecosystem approach for climate-smart small ruminant production in pastoral communities Loading... Files Presentation (2.23 MB, pdf) Authors Ojango, Julie M.K. Sila, Winfred Oyieng, Edwin Rao, E.J.O. Date Issued 2024-05-21 Date Online Language en Type Presentation Review Status Access Rights Open Access Usage Rights Metadata Full item page Share Citation Ojango, J.M., Sila, W., Oyieng, E. and Rao, J.E. 2024. Adapting an entrepreneurial ecosystem approach for climate-smart small ruminant production in pastoral communities. Presented at the FAO & AU-IBAR Meeting of African Regional National Coordinators for the Management of Animal Genetic Resources: Third Report on the State of the World s Animal Genetic Resources for Food and Agriculture (SoW-AnGR3), Naivasha, Kenya, 21-23 May 2024. Nairobi, Kenya: ILRI. Permanent link to cite or share this item https://hdl.handle.net/10568/144093 External link to download this item DOI Abstract/Description Author ORCID identifiers Ojango J.M.K. https://orcid.org/0000-0003-0224-5370 Edwin Oyieng https://orcid.org/0000-0002-5004-2060 AGROVOC Keywords climate smart agriculture ; animal production ; animal breeding ; genetics ; small ruminants ; pastoralism Subjects ANIMAL BREEDING ; ANIMAL PRODUCTION ; CLIMATE CHANGE ; PASTORALISM ; SMALL RUMINANTS Regions Africa Organizations Affiliated to the Authors International Livestock Research Institute Collections ILRI livestock genetics program outputs ILRI presentations DSpace software copyright 2002-2025 LYRASIS About Cookie settings Privacy policy Send Feedback"".

The following text section comes from a specific evidence file named URL https://cgspace.cgiar.org/bitstreams/857c909b-c468-4030-b32e-591fd0f68792/download: ""1 
Adapting an Entrepreneurial Ecosystem Approach for Climate-Smart Small Ruminant Production in Pastoral Communities
Better lives and a better planet through livestock
Julie M. Ojango, W. Sila, E. Oyieng and J.E. RAO Livestock Genetics Program, International Livestock Research Institute, Nairobi, Kenya
FAO & AU-IBAR Meeting of African Regional National Coordinators for the Management of Animal Genetic Resources
Naivasha, Kenya.
yy SF CGIAR me FO RCH TE 2024
21st -23rd May 2024
2
Sheep and Goats in Africa
Arica hosts 33% of the world’s sheep, 42% of the world’s goats (FAOSTAT 2024)
NUMBE R O F SHE E P
NUMBER OF GOATS
250,000,000
250,000,000  200,000,000  150,000,000  100,000,000  50,000,000  0  2 0 0 0  2 0 0 5  2 0 1 0  2 0 1 5  2 0 1 9  2 0 2 2 
200,000,000
150,000,000  100,000,000  50,000,000  0  2 0 0 0  2 0 0 5  2 0 1 0  2 0 1 5  2 0 1 9  2 0 2 2 

Southern Africa
Eastern Africa
Central Africa
Western Africa
Northern Africa
a CGIAR Sy 2024
——
The challenge
➢ Changing climatic conditions have resulted in an increased frequency and severity of droughts in ASAL
eg. Drought of 2020-2023 was devastating (Kenya 2.6 million animals died)
➢ Pastoralist communities living in ASAL are in a constant state of ”recovery from previous drought” (structural poverty)
➢ Restricted mobility, desertification, loss of species diversity
➢ Limited infrastructure to support interventions
3 
I hd AG
ILRI INTERNATIONAL LIVESTOCK RESEARCH INSTITUTE 2024 <P CGIAR
…The challenge
➢ Populations are growing alongside a growing market demand for products
➢ Mortality of livestock results in loss of species and breed diversity, & reduces resilience within species
➢ Sheep and goats are valued by all pastoral communities- but there are limited technologies that integrate productivity & resilience across populations
➢ Limited alternative investments for ASAL occupied by pastoralists
Key SDG’s targeted
—— _ LL
Improve nutrition by doubling affordable access to quality animal-source foods

Women’s economic empowerment through 100% increase in control over livestock assets

Reduction in negative impact of livestock on the environment

Increase in value of livestock resources and rangelands in LMICs
ILRI INTERNATIONAL LIVESTOCK RESEARCH INSTITUTE 2024 a CGIAR
4
Research and information gaps
• Imperfect information on existing livestock to guide strategic intervention decisions (information asymmetry)
• There are gaps in the Evidence-base to support early warning & response mechanisms
• Options for integration of indigenous knowledge systems, social networks, and alternative technology interventions
• Existing unique genes in populations and possible pathways for their selection
• Appropriate programs and strategies to drive change in environments where external inputs are limiting
5 
ILRI INTERNATIONAL a CGIAR LIVESTOCK RESEARCH INSTITUTE 2024
6 
Question: How can genetics impact livelihoods under changing climatic conditions?
❖ Understand Characteristics of existing diversity, losses and needs related to different livestock across communities
❖ Promote behavior change and reorient producer mindsets to Entrepreneurship in livestock production
❖ Foster Trust and Collaboration across actors in different nodes of the small ruminant value chain
❖ Build and develop capacity for supportive ecosystems to create and improve productivity while maintaining diversity in livestock resources
ILRI FO IN nerocn mi 2024 wb
6
Defining an Entrepreneurial Ecosystem
/
Entrepreneurs: Individuals who create and run new businesses,   driving innovation and economic growth  Ecosystem: a community that interacts with each other in a   specific area  Entrepreneurial Ecosystem  a set of interdependent actors and factors coordinated   in such a way that they enable productive   entrepreneurship  
specific area
entrepreneurship




ILRI INTERNATIONAL LIVESTOCK RESEARCH INSTITUTE 2024 a CGIAR
7
Reconnaissance and Mapping
• Review literature on target areas  • Develop profiles of target areas,   environments and communities  • Secure Buy-in from area administration  Ref: Module 1: Core Innovation Groups for Livestock   Improvement -Digital module  https://hdl.handle.net/10568/108904 , https://srm.ilri.o  rg 
rg
\
Core Innovation Groups for Livestockimprovement START COURSE Pace ig

ILRI INTERNATIONAL LIVESTOCK RESEARCH INSTITUTE Sy 2024 <P CGIAR
8
Rapid Assessment to Characterize Select Value-Chain Nodes
Pastoral Livestock Producer   Groups (PLPG)  Input and Service   Livestock Offtakers  Providers 
9
— a
ILRI INTERNATIONAL a CGIAR LIVESTOCK RESEARCH INSTITUTE 2024
Operationalize the Entrepreneurship Ecosystem
✓ Socialize Actors on the principles of entrepreneurship ecosystem
✓ Facilitate ” siness to siness” for s for actors to interact
✓ Develop the capacity of actors in each node of the ecosystem to embed services and practices for “ siness” de elop ent
ILR INTERNATIONAL INSTITUTE 2024 oie CGIAR
10 
Entrepreneurial Ecosystem at 3 nodes of the Value-Chain

Livestock  Input and Service   Providers  Pastoral Livestock Producer   Groups (PLPG)  $  Actor Partnerships  Payment for services   offered to PLPG  Livestock  Livestock Offtakers 
11
ILRI INTERNATIONAL LIVESTOCK RESEARCH INSTITUTE oy 2024 SP CGIAR
Develop Impact pathway for each Node example: Pastoral Livestock Producer Groups
BEST PRACTICES FOR SELECTIVE BREEDING FOR IMPROVED LIVESTOCK in D> Innovative strategies for increasing Identification and Livestock producers Farmers engaged in _largeted training tor productivity of livestock through recruitment of farmers for organized in Core Innovation co-learning activities through livestock producers on selective breeding Core Innovation Groups Groups Innovation plattorms: selective breeding Farmers using best livestock management practices i r Strategic off-take of Fi dele. Farmers implementin, Strategic 0} traits and identity selective mating to livestock tor sale desirable animals for fix desired traits in improved growth and livestock population resilience Farmers multiplying G Farmers using reference Increased number of improved livestock sires in an organized livestock keepers selling in their flocks mating plan quality livestock of Increased numbers of more productive and resilient livestock in the farmers’ flocks
12 
ILRI INTERNATIONAL LIVESTOCK RESEARCH INSTITUTE 2024 we CGIAR
ILRI 8
13 
13
Community Innovation Groups
(CIG)
• Focus on the most   valuable assets in   communities  • Integrate indigenous   knowledge and values in   planned interventions  • Expand networks for   services and market   opportunities for animal   offtake  • Ensure Farmer to farmer   learning, and introduce   options for stratification   in livestock production   systems 

ay
14 
Gender inclusion is critical from the outset
➢ We need to understand socio-cultural interactions between communities and their different livestock
➢ Men and women have differential roles as keepers of locally adapted livestock breeds
✓Gender asset disparities related to livestock result from social norms, market conditions and government policies
➢ Generate evidence on the opportunities livestock related interventions could offer women, men and the youth
➢ Identify value chain segments where women and youth are found and enhance their value

de CGIAR INTERNATIONAL FO LIVESTOCK RESEARCH INSTITUTE 2024
15
Adapt technologies and practices to accelerate genetic gains
gains opK Collect Open Data 500K+ g , 7 = ORK | ean aiee = About this app >
Breeding management practices ✓ Mating management in flocks ✓ Feeding practices ✓ Disease control measures
Data capture using ICT tools ✓ Develop breeding platforms to systematically improve and deliver desired genetics ✓ promote innovative phenotyping systems/ technologies
SNP technologies to determine Breed composition ✓ promote best genotypes for the different production systems
ILRI CGIAR
y =
Option to amplify delivery of preferred Genetics with the Surrogate Sire breeding approach
Donor ‘elite’ buck  Spermatogonial stem   cell (SSC) culture  SSC transplantation into an   unlimited number of NANOS2   Productive &   resilient offspring   in communities  knockout recipient males 

Distributed as living AI straws, heat detectors & inseminators
ILRI INTERNATIONAL LIVESTOCK RESEARCH INSTITUTE 2024 ie Sie CGIAR
16
Partnerships and Investments
▪ Pastoral livestock community leaders  ▪ National and county-level stakeholders  ▪ Private sector partners providing services in   communities  ▪ Organizations providing relief for vulnerable   communities  
✓ Develop possible credit products and   streams to finance investments 
17
rilareegiss dk Module 3 Act tee ES}
\ ILRI LL INTERNATIONAL Sie LIVESTOCK RESEARCH INSTITUTE 2024 CGIAR
Concluding Remarks
Engaging pastoral communities through gender- inclusive groups enables faster acceptance and adoption of new practices
Regular capacity development and community engagement is critical for sustained change in behaviour and practices
New technologies and practices need to be adapted and contextualized to help accelerate change in pastoral systems
INTERNATIONAL LIVESTOCK RESEARCH INSTITUTE 2024 a CGIAR
18 
Acknowledgement
We acknowledge the pastoral livestock-keeping communities in Kenya
This work is implemented as part of the CGIAR program on Livestock Climate and Systems Resilience, implemented by the International Livestock Research Institute

ILKI
INTERNATIONAL LIVESTOCK RESEARCH INSTITUTE
we
CGIAR
The International Livestock Research Institute (ILRI) is a non-profit institution helping people in low- and middle-income countries to improve their lives, livelinoods and lands through the animals that remain the backbone of small-scale agriculture and enterprise across the developing world. ILRI belongs to CGIAR, a global research-for-development partnership working for a food-secure future. ILRI’s funders, through the CGIAR Trust Fund, and its many partners make ILRI’s work possible and its mission a reality. Australian animal scientist and Nobel Laureate Peter Doherty serves as ILRI’s patron. You are free to use and share this material under the Creative Commons Attribution 4.0 International Licence @@.
better lives through livestock
ilri.org"""
12624,The World’s First Seawater Irrigation Rice Salinity Screening Facility,Developed the world's first salinity screening facility using the seawater irrigation. The rationale behind this is to mimic the farmers' real situation for more target-oriented sailnity tolerant varieties for coastal ecologies for Asia and ESA.  Set to transform rice climate resilience in saline ecosystems and identified 130  superior salinity-tolerant germplasm outperforming significantly better than the existing varieties.,"The following text section comes from a specific evidence file named URL https://bit.ly/3SQiJiP: ""Posted on Aug 14, 2024 Reinventing salt-tolerant rice breeding on ground zero Home News & Events News Dr. Hussain and his team established an innovative method of germplasm screening in a farmer's field at Infanta, a rice-growing municipality in the Philippine province of Quezon. (Photo: IRRI) Salinity is an agricultural problem that significantly affects rice production and is spreading in fields across the world. Poor irrigation practices, insufficient irrigation water during cropping seasons with low rainfall, high evaporation, increasing saline groundwater levels, and saltwater intrusion in coastal areas are among the significant causes of salinity. Salinity cuts rice production by 30 50%. Because this growing environmental crisis plagues the world's largest rice-producing and exporting countries, such as Vietnam, Thailand, Bangladesh, and India, it threatens the future of agri-food systems that feed billions of people. But millions of smallholder rice farmers living along the coastal areas of Asia and Africa are already feeling the brunt of this ever-spreading scourge. A vast and lasting damage Salinity inflicts long-lasting damage that affects generations of farmers. In October 1999, a tropical depression in the Andaman Sea gradually developed into a superstorm, the Paradip Cyclone, barrelling towards India. It became the most severe weather system to strike Odisha in the 20th century. For most, the damages caused by the cyclone are only a memory. The floods have receded, ruins have been rebuilt, and lives so violently interrupted have resumed. However, more than two decades later, rice farmers in the state's coastal region along the Bay of Bengal continue living with the cyclone's aftermath. Recently developed germplasm that exhibits tolerance to high-salinity levels using cutting-edge breeding techniques and a novel method of seawater irrigation for screening. (Photo: IRRI) Waseem Hussain, who leads the Global Rice Salinity and Flooding Breeding Program at the International Rice Research Institute (IRRI), visited the area recently and spoke with the rice farmers. ""They told us that they used to grow rice in every field before 1999,"" Dr. Hussain said. ""But the cyclone converted their farms into salt lands, and they said that they could not grow anything since. The salinity level goes very high during the dry season because it doesn't rain here."" De-salting the earth There are several ways to manage salinity in the soil, but most are costly and beyond the reach of poor rice farmers. Developing salt-tolerant crop varieties is the most economical solution because it entails less resource use and is both practical and socially acceptable. Rice is more susceptible to salinity than other crops, and breeders worldwide have been working to develop varieties that can grow in afflicted soils. IRRI has accomplished much in this regard over the past 40 years, and various countries have released salt-tolerant rice varieties originating from IRRI's germplasm. Genetic history fails to repeat itself One of the most impactful milestones in rice breeding occurred in 1991 when researchers discovered the SUB1 gene from an unheralded Indian landrace designated FR13A (FR stands for ""flood resistant""). The SUB1 gene, which enables rice to survive underwater for 14 days, has been introduced into several popular and high-yielding varieties for the millions of poor farmers in flood-prone areas worldwide that are rendered useless for rice production during the rainy season. In 2015, one of these varieties, Swarna-Sub1, was hailed as a significant innovation for helping rice farmers in flood-prone areas of India. The milestone gene for developing salt-tolerant rice is Saltol. The gene confers salinity tolerance, particularly during the seedling stage. Like SUB1, breeders have incorporated the Saltol gene into various rice varieties. However, a single gene like Saltol cannot provide a reasonable salinity tolerance and can grow in farmers' fields like SUB1 varieties. ""We sent salt-tolerant germplasm materials to Bangladesh and India for testing,"" Dr. Hussain said. ""In 2021, I visited some of the sites on farmers' fields in Bangladesh to see how the materials are performing. To my surprise, all of the materials were completely dead. None survived. I went to the other location, and the same thing happened. They were supposed to be salt-tolerant but didn't survive under those conditions in coastal belts. "" One thing that caught Dr Hussain's attention during his visit to Odisha was the rice plants growing in small pockets. But they were farmers' landraces. He asked the farmers about the released varieties by public institutes. They said they don't grow or survive here, or if they grew, they produced very low yields. ""It was pretty shocking to hear this from the farmers,"" Dr. Hussain said. ""If we continue breeding salt-tolerant rice in the same manner we have been doing for the past 40 years, we will have the same story."" Manufactured stress vs. real-world stress IRRI researchers developed screening techniques for rice salt tolerance conducted in a phytotron, a type of greenhouse where the temperature and relative humidity can be manipulated to minimize environmental interactions. The plants are screened at the seedling, vegetative, and reproductive stages. They are placed in styrofoam floats inside a plastic box containing a carefully formulated saline nutrient solution. The saline nutrient solution is carefully prepared, every ingredient precisely measured, and strictly maintained to ensure uniformity. Unlike the environment inside a phytotron, nature rules the real world. There are no knobs and switches to bend its forces to desired settings. IRRI breeders used artificial salts in salinity screening experiments under managed conditions. Artificial salts do not mimic the real condition of salinity stress in the farmer's field. ""Conditions in farmers' fields are very dynamic and complex,"" Dr. Hussain explained. ""The salinity level is highly unpredictable. Sometimes it will be low. Sometimes it will be high. When it rains, the level of salinity decreases. When it doesn't rain, the salinity level goes up. ""Salinity can come at any time. It's not within the control of the farmers. It can happen at any stage of crop growth. Under experimental conditions, the plants are given very short treatment periods, for one or two weeks, and then evaluated to see how they responded."" ""An idea struck in my mind that to develop salt-tolerant rice varieties that can grow in these fields, we have to match the conditions in the fields,"" said Dr. Hussain. ""Controlled or managed experiments do not reflect the true story of the farmers' fields."" That's where Dr. Hussain and his team came up with the idea of establishing screening plots where the plants can experience the harsh realities of coastal environments. Ground zero for salt-tolerant rice breeding About 132 kilometers east of Manila, the Municipality of Infanta in Quezon Province, Philippines, is known for its traditional Filipino distilled palm liquor, lambanog. Its eastern border is coastal, touching Polilo Strait, and it has numerous seaside resorts. According to the Department of Agriculture, rice is cultivated in the municipality, where the average harvest is 2,932 kilograms per hectare. Infanta's climate rains throughout the year, with a pronounced rainy season from November to April. However, it is no stranger to natural calamities, particularly typhoons that form thousands of kilometers away in the heart of the Pacific Ocean. In 2004, Infanta suffered a fate similar to Odisha five years earlier. The town was heavily affected by four successive weather systems: two tropical depressions and two typhoons. These triggered flooding, landslides, and storm surges. Storm surges are the bane of coastal agricultural lands. Strong winds push seawater further inland, blighting the soil. The 2020 National Mapping, Characterization and Coastal Areas Affected by Salinity Development of Spatial Database for the Coastal Areas Affected by Salinity by the Bureau of Soils and Water Management reports that Infanta's coastal areas vary from non-saline to severely saline with more than 5,300 hectares exhibit moderately saline soil. From the perspective of salt-tolerant rice breeding, Infanta is ground zero. Dr. Hussain and his team set out to transform rice breeding using a radical approach that has never been done before. Reinventing conventional wisdom Although it seems counterintuitive, countless published scientific works using the standard screening protocol helped shape Dr. Hussain's revisionist approach to salt-tolerant rice breeding. He and his team reviewed the literature at IRRI and globally and found tremendous amounts of published research on various rice genes associated with salt tolerance. ""Breeders have acquired an understanding of the biological mechanisms inside plants, Dr. Hussain said. ""But whatever genes identified through ideal-conditions screening or greenhouse experiments have 0% translation in the field."" So, Dr. Hussain and his team abandoned the established protocol of subjecting plants to short salinity periods and classified them as tolerant if they did not die. They set up the experimental site 200 meters from the coast, where seawater inundates the field during high tides. During low tides, they use a pump to draw water from the sea to irrigate the plants. Their inventive screening method subjected thousands of rice germplasm from previous breeding efforts at IRRI to salinity treatments not at a particular stage but throughout their life cycle up to the harvesting stage. ""IRRI researchers have done a tremendous job of creating salt-tolerant germplasm from the International Rice Genebank,"" Dr. Hussain said. ""I think that is our biggest advantage. The germplasm was already there. The only thing to do was to put them in real conditions and identify the best salinity-tolerant genotypes. It is like finding a needle in a haystack. A genotype refers to an organism s complete set of genes, which, in combination with environmental factors, determine its appearance and behavior. ""It took us over three years to optimize their innovative screening experiment protocol in Infanta because it's not easy to do it in the field,"" he said. ""But we have a very robust screening facility there now. When we want to identify salt-tolerant rice plants, we screen them in Infanta."" Scientific heresy or the protocol of the future? This kind of out-of-the-box thinking made other breeders shake their heads in disbelief. Challenging any dogma will always elicit blowback and comes with a price for those with dissenting standpoints. But irrigating rice with seawater? ""We were told our approach is very wrong,"" Dr. Hussain said. ""We received much criticism from people telling us we cannot grow rice in the seawater because we will kill the plants. Rice is not halophyte (salt-tolerant), and it is impossible to grow rice in seawater. But our aim was not to grow the rice in seawater. We were trying to identify which genotype would respond with appropriate tolerance when we put them under real saline stress. We use the plants that endure in our breeding program to develop new varieties."" The first lines the team identified and created new germplasm through crossing are in the testing stage of ongoing trials in India and Bangladesh. ""I think they will perform,"" Dr Husain said. In three or four years, I expect suitable salt-tolerant varieties for coastal ecologies of Asia and Africa emanating from our newly identified germplasm at infanta. But the real test will begin in farmers' fields."" References: Screening rice for salinity tolerance https://www.researchgate.net/publication/281497630_Screening_rice_for_sa... 2020 National Mapping, Characterization and Coastal Areas Affected by Salinity Development of Spatial Database for the Coastal Areas Affected by Salinity http://bswm.da.gov.ph/wp-content/uploads/Salinity-2020-Technical-Report-..."".

The following text section comes from a specific evidence file named URL https://www.irri.org/news-and-events/news/reinventing-salt-tolerant-rice-breeding-ground-zero: ""Posted on Aug 14, 2024 Reinventing salt-tolerant rice breeding on ground zero Home News & Events News Dr. Hussain and his team established an innovative method of germplasm screening in a farmer's field at Infanta, a rice-growing municipality in the Philippine province of Quezon. (Photo: IRRI) Salinity is an agricultural problem that significantly affects rice production and is spreading in fields across the world. Poor irrigation practices, insufficient irrigation water during cropping seasons with low rainfall, high evaporation, increasing saline groundwater levels, and saltwater intrusion in coastal areas are among the significant causes of salinity. Salinity cuts rice production by 30 50%. Because this growing environmental crisis plagues the world's largest rice-producing and exporting countries, such as Vietnam, Thailand, Bangladesh, and India, it threatens the future of agri-food systems that feed billions of people. But millions of smallholder rice farmers living along the coastal areas of Asia and Africa are already feeling the brunt of this ever-spreading scourge. A vast and lasting damage Salinity inflicts long-lasting damage that affects generations of farmers. In October 1999, a tropical depression in the Andaman Sea gradually developed into a superstorm, the Paradip Cyclone, barrelling towards India. It became the most severe weather system to strike Odisha in the 20th century. For most, the damages caused by the cyclone are only a memory. The floods have receded, ruins have been rebuilt, and lives so violently interrupted have resumed. However, more than two decades later, rice farmers in the state's coastal region along the Bay of Bengal continue living with the cyclone's aftermath. Recently developed germplasm that exhibits tolerance to high-salinity levels using cutting-edge breeding techniques and a novel method of seawater irrigation for screening. (Photo: IRRI) Waseem Hussain, who leads the Global Rice Salinity and Flooding Breeding Program at the International Rice Research Institute (IRRI), visited the area recently and spoke with the rice farmers. ""They told us that they used to grow rice in every field before 1999,"" Dr. Hussain said. ""But the cyclone converted their farms into salt lands, and they said that they could not grow anything since. The salinity level goes very high during the dry season because it doesn't rain here."" De-salting the earth There are several ways to manage salinity in the soil, but most are costly and beyond the reach of poor rice farmers. Developing salt-tolerant crop varieties is the most economical solution because it entails less resource use and is both practical and socially acceptable. Rice is more susceptible to salinity than other crops, and breeders worldwide have been working to develop varieties that can grow in afflicted soils. IRRI has accomplished much in this regard over the past 40 years, and various countries have released salt-tolerant rice varieties originating from IRRI's germplasm. Genetic history fails to repeat itself One of the most impactful milestones in rice breeding occurred in 1991 when researchers discovered the SUB1 gene from an unheralded Indian landrace designated FR13A (FR stands for ""flood resistant""). The SUB1 gene, which enables rice to survive underwater for 14 days, has been introduced into several popular and high-yielding varieties for the millions of poor farmers in flood-prone areas worldwide that are rendered useless for rice production during the rainy season. In 2015, one of these varieties, Swarna-Sub1, was hailed as a significant innovation for helping rice farmers in flood-prone areas of India. The milestone gene for developing salt-tolerant rice is Saltol. The gene confers salinity tolerance, particularly during the seedling stage. Like SUB1, breeders have incorporated the Saltol gene into various rice varieties. However, a single gene like Saltol cannot provide a reasonable salinity tolerance and can grow in farmers' fields like SUB1 varieties. ""We sent salt-tolerant germplasm materials to Bangladesh and India for testing,"" Dr. Hussain said. ""In 2021, I visited some of the sites on farmers' fields in Bangladesh to see how the materials are performing. To my surprise, all of the materials were completely dead. None survived. I went to the other location, and the same thing happened. They were supposed to be salt-tolerant but didn't survive under those conditions in coastal belts. "" One thing that caught Dr Hussain's attention during his visit to Odisha was the rice plants growing in small pockets. But they were farmers' landraces. He asked the farmers about the released varieties by public institutes. They said they don't grow or survive here, or if they grew, they produced very low yields. ""It was pretty shocking to hear this from the farmers,"" Dr. Hussain said. ""If we continue breeding salt-tolerant rice in the same manner we have been doing for the past 40 years, we will have the same story."" Manufactured stress vs. real-world stress IRRI researchers developed screening techniques for rice salt tolerance conducted in a phytotron, a type of greenhouse where the temperature and relative humidity can be manipulated to minimize environmental interactions. The plants are screened at the seedling, vegetative, and reproductive stages. They are placed in styrofoam floats inside a plastic box containing a carefully formulated saline nutrient solution. The saline nutrient solution is carefully prepared, every ingredient precisely measured, and strictly maintained to ensure uniformity. Unlike the environment inside a phytotron, nature rules the real world. There are no knobs and switches to bend its forces to desired settings. IRRI breeders used artificial salts in salinity screening experiments under managed conditions. Artificial salts do not mimic the real condition of salinity stress in the farmer's field. ""Conditions in farmers' fields are very dynamic and complex,"" Dr. Hussain explained. ""The salinity level is highly unpredictable. Sometimes it will be low. Sometimes it will be high. When it rains, the level of salinity decreases. When it doesn't rain, the salinity level goes up. ""Salinity can come at any time. It's not within the control of the farmers. It can happen at any stage of crop growth. Under experimental conditions, the plants are given very short treatment periods, for one or two weeks, and then evaluated to see how they responded."" ""An idea struck in my mind that to develop salt-tolerant rice varieties that can grow in these fields, we have to match the conditions in the fields,"" said Dr. Hussain. ""Controlled or managed experiments do not reflect the true story of the farmers' fields."" That's where Dr. Hussain and his team came up with the idea of establishing screening plots where the plants can experience the harsh realities of coastal environments. Ground zero for salt-tolerant rice breeding About 132 kilometers east of Manila, the Municipality of Infanta in Quezon Province, Philippines, is known for its traditional Filipino distilled palm liquor, lambanog. Its eastern border is coastal, touching Polilo Strait, and it has numerous seaside resorts. According to the Department of Agriculture, rice is cultivated in the municipality, where the average harvest is 2,932 kilograms per hectare. Infanta's climate rains throughout the year, with a pronounced rainy season from November to April. However, it is no stranger to natural calamities, particularly typhoons that form thousands of kilometers away in the heart of the Pacific Ocean. In 2004, Infanta suffered a fate similar to Odisha five years earlier. The town was heavily affected by four successive weather systems: two tropical depressions and two typhoons. These triggered flooding, landslides, and storm surges. Storm surges are the bane of coastal agricultural lands. Strong winds push seawater further inland, blighting the soil. The 2020 National Mapping, Characterization and Coastal Areas Affected by Salinity Development of Spatial Database for the Coastal Areas Affected by Salinity by the Bureau of Soils and Water Management reports that Infanta's coastal areas vary from non-saline to severely saline with more than 5,300 hectares exhibit moderately saline soil. From the perspective of salt-tolerant rice breeding, Infanta is ground zero. Dr. Hussain and his team set out to transform rice breeding using a radical approach that has never been done before. Reinventing conventional wisdom Although it seems counterintuitive, countless published scientific works using the standard screening protocol helped shape Dr. Hussain's revisionist approach to salt-tolerant rice breeding. He and his team reviewed the literature at IRRI and globally and found tremendous amounts of published research on various rice genes associated with salt tolerance. ""Breeders have acquired an understanding of the biological mechanisms inside plants, Dr. Hussain said. ""But whatever genes identified through ideal-conditions screening or greenhouse experiments have 0% translation in the field."" So, Dr. Hussain and his team abandoned the established protocol of subjecting plants to short salinity periods and classified them as tolerant if they did not die. They set up the experimental site 200 meters from the coast, where seawater inundates the field during high tides. During low tides, they use a pump to draw water from the sea to irrigate the plants. Their inventive screening method subjected thousands of rice germplasm from previous breeding efforts at IRRI to salinity treatments not at a particular stage but throughout their life cycle up to the harvesting stage. ""IRRI researchers have done a tremendous job of creating salt-tolerant germplasm from the International Rice Genebank,"" Dr. Hussain said. ""I think that is our biggest advantage. The germplasm was already there. The only thing to do was to put them in real conditions and identify the best salinity-tolerant genotypes. It is like finding a needle in a haystack. A genotype refers to an organism s complete set of genes, which, in combination with environmental factors, determine its appearance and behavior. ""It took us over three years to optimize their innovative screening experiment protocol in Infanta because it's not easy to do it in the field,"" he said. ""But we have a very robust screening facility there now. When we want to identify salt-tolerant rice plants, we screen them in Infanta."" Scientific heresy or the protocol of the future? This kind of out-of-the-box thinking made other breeders shake their heads in disbelief. Challenging any dogma will always elicit blowback and comes with a price for those with dissenting standpoints. But irrigating rice with seawater? ""We were told our approach is very wrong,"" Dr. Hussain said. ""We received much criticism from people telling us we cannot grow rice in the seawater because we will kill the plants. Rice is not halophyte (salt-tolerant), and it is impossible to grow rice in seawater. But our aim was not to grow the rice in seawater. We were trying to identify which genotype would respond with appropriate tolerance when we put them under real saline stress. We use the plants that endure in our breeding program to develop new varieties."" The first lines the team identified and created new germplasm through crossing are in the testing stage of ongoing trials in India and Bangladesh. ""I think they will perform,"" Dr Husain said. In three or four years, I expect suitable salt-tolerant varieties for coastal ecologies of Asia and Africa emanating from our newly identified germplasm at infanta. But the real test will begin in farmers' fields."" References: Screening rice for salinity tolerance https://www.researchgate.net/publication/281497630_Screening_rice_for_sa... 2020 National Mapping, Characterization and Coastal Areas Affected by Salinity Development of Spatial Database for the Coastal Areas Affected by Salinity http://bswm.da.gov.ph/wp-content/uploads/Salinity-2020-Technical-Report-...""","The World’s First Seawater Irrigation Rice Salinity Screening Facility Developed the world's first salinity screening facility using the seawater irrigation. The rationale behind this is to mimic the farmers' real situation for more target-oriented sailnity tolerant varieties for coastal ecologies for Asia and ESA.  Set to transform rice climate resilience in saline ecosystems and identified 130  superior salinity-tolerant germplasm outperforming significantly better than the existing varieties. The following text section comes from a specific evidence file named URL https://bit.ly/3SQiJiP: ""Posted on Aug 14, 2024 Reinventing salt-tolerant rice breeding on ground zero Home News & Events News Dr. Hussain and his team established an innovative method of germplasm screening in a farmer's field at Infanta, a rice-growing municipality in the Philippine province of Quezon. (Photo: IRRI) Salinity is an agricultural problem that significantly affects rice production and is spreading in fields across the world. Poor irrigation practices, insufficient irrigation water during cropping seasons with low rainfall, high evaporation, increasing saline groundwater levels, and saltwater intrusion in coastal areas are among the significant causes of salinity. Salinity cuts rice production by 30 50%. Because this growing environmental crisis plagues the world's largest rice-producing and exporting countries, such as Vietnam, Thailand, Bangladesh, and India, it threatens the future of agri-food systems that feed billions of people. But millions of smallholder rice farmers living along the coastal areas of Asia and Africa are already feeling the brunt of this ever-spreading scourge. A vast and lasting damage Salinity inflicts long-lasting damage that affects generations of farmers. In October 1999, a tropical depression in the Andaman Sea gradually developed into a superstorm, the Paradip Cyclone, barrelling towards India. It became the most severe weather system to strike Odisha in the 20th century. For most, the damages caused by the cyclone are only a memory. The floods have receded, ruins have been rebuilt, and lives so violently interrupted have resumed. However, more than two decades later, rice farmers in the state's coastal region along the Bay of Bengal continue living with the cyclone's aftermath. Recently developed germplasm that exhibits tolerance to high-salinity levels using cutting-edge breeding techniques and a novel method of seawater irrigation for screening. (Photo: IRRI) Waseem Hussain, who leads the Global Rice Salinity and Flooding Breeding Program at the International Rice Research Institute (IRRI), visited the area recently and spoke with the rice farmers. ""They told us that they used to grow rice in every field before 1999,"" Dr. Hussain said. ""But the cyclone converted their farms into salt lands, and they said that they could not grow anything since. The salinity level goes very high during the dry season because it doesn't rain here."" De-salting the earth There are several ways to manage salinity in the soil, but most are costly and beyond the reach of poor rice farmers. Developing salt-tolerant crop varieties is the most economical solution because it entails less resource use and is both practical and socially acceptable. Rice is more susceptible to salinity than other crops, and breeders worldwide have been working to develop varieties that can grow in afflicted soils. IRRI has accomplished much in this regard over the past 40 years, and various countries have released salt-tolerant rice varieties originating from IRRI's germplasm. Genetic history fails to repeat itself One of the most impactful milestones in rice breeding occurred in 1991 when researchers discovered the SUB1 gene from an unheralded Indian landrace designated FR13A (FR stands for ""flood resistant""). The SUB1 gene, which enables rice to survive underwater for 14 days, has been introduced into several popular and high-yielding varieties for the millions of poor farmers in flood-prone areas worldwide that are rendered useless for rice production during the rainy season. In 2015, one of these varieties, Swarna-Sub1, was hailed as a significant innovation for helping rice farmers in flood-prone areas of India. The milestone gene for developing salt-tolerant rice is Saltol. The gene confers salinity tolerance, particularly during the seedling stage. Like SUB1, breeders have incorporated the Saltol gene into various rice varieties. However, a single gene like Saltol cannot provide a reasonable salinity tolerance and can grow in farmers' fields like SUB1 varieties. ""We sent salt-tolerant germplasm materials to Bangladesh and India for testing,"" Dr. Hussain said. ""In 2021, I visited some of the sites on farmers' fields in Bangladesh to see how the materials are performing. To my surprise, all of the materials were completely dead. None survived. I went to the other location, and the same thing happened. They were supposed to be salt-tolerant but didn't survive under those conditions in coastal belts. "" One thing that caught Dr Hussain's attention during his visit to Odisha was the rice plants growing in small pockets. But they were farmers' landraces. He asked the farmers about the released varieties by public institutes. They said they don't grow or survive here, or if they grew, they produced very low yields. ""It was pretty shocking to hear this from the farmers,"" Dr. Hussain said. ""If we continue breeding salt-tolerant rice in the same manner we have been doing for the past 40 years, we will have the same story."" Manufactured stress vs. real-world stress IRRI researchers developed screening techniques for rice salt tolerance conducted in a phytotron, a type of greenhouse where the temperature and relative humidity can be manipulated to minimize environmental interactions. The plants are screened at the seedling, vegetative, and reproductive stages. They are placed in styrofoam floats inside a plastic box containing a carefully formulated saline nutrient solution. The saline nutrient solution is carefully prepared, every ingredient precisely measured, and strictly maintained to ensure uniformity. Unlike the environment inside a phytotron, nature rules the real world. There are no knobs and switches to bend its forces to desired settings. IRRI breeders used artificial salts in salinity screening experiments under managed conditions. Artificial salts do not mimic the real condition of salinity stress in the farmer's field. ""Conditions in farmers' fields are very dynamic and complex,"" Dr. Hussain explained. ""The salinity level is highly unpredictable. Sometimes it will be low. Sometimes it will be high. When it rains, the level of salinity decreases. When it doesn't rain, the salinity level goes up. ""Salinity can come at any time. It's not within the control of the farmers. It can happen at any stage of crop growth. Under experimental conditions, the plants are given very short treatment periods, for one or two weeks, and then evaluated to see how they responded."" ""An idea struck in my mind that to develop salt-tolerant rice varieties that can grow in these fields, we have to match the conditions in the fields,"" said Dr. Hussain. ""Controlled or managed experiments do not reflect the true story of the farmers' fields."" That's where Dr. Hussain and his team came up with the idea of establishing screening plots where the plants can experience the harsh realities of coastal environments. Ground zero for salt-tolerant rice breeding About 132 kilometers east of Manila, the Municipality of Infanta in Quezon Province, Philippines, is known for its traditional Filipino distilled palm liquor, lambanog. Its eastern border is coastal, touching Polilo Strait, and it has numerous seaside resorts. According to the Department of Agriculture, rice is cultivated in the municipality, where the average harvest is 2,932 kilograms per hectare. Infanta's climate rains throughout the year, with a pronounced rainy season from November to April. However, it is no stranger to natural calamities, particularly typhoons that form thousands of kilometers away in the heart of the Pacific Ocean. In 2004, Infanta suffered a fate similar to Odisha five years earlier. The town was heavily affected by four successive weather systems: two tropical depressions and two typhoons. These triggered flooding, landslides, and storm surges. Storm surges are the bane of coastal agricultural lands. Strong winds push seawater further inland, blighting the soil. The 2020 National Mapping, Characterization and Coastal Areas Affected by Salinity Development of Spatial Database for the Coastal Areas Affected by Salinity by the Bureau of Soils and Water Management reports that Infanta's coastal areas vary from non-saline to severely saline with more than 5,300 hectares exhibit moderately saline soil. From the perspective of salt-tolerant rice breeding, Infanta is ground zero. Dr. Hussain and his team set out to transform rice breeding using a radical approach that has never been done before. Reinventing conventional wisdom Although it seems counterintuitive, countless published scientific works using the standard screening protocol helped shape Dr. Hussain's revisionist approach to salt-tolerant rice breeding. He and his team reviewed the literature at IRRI and globally and found tremendous amounts of published research on various rice genes associated with salt tolerance. ""Breeders have acquired an understanding of the biological mechanisms inside plants, Dr. Hussain said. ""But whatever genes identified through ideal-conditions screening or greenhouse experiments have 0% translation in the field."" So, Dr. Hussain and his team abandoned the established protocol of subjecting plants to short salinity periods and classified them as tolerant if they did not die. They set up the experimental site 200 meters from the coast, where seawater inundates the field during high tides. During low tides, they use a pump to draw water from the sea to irrigate the plants. Their inventive screening method subjected thousands of rice germplasm from previous breeding efforts at IRRI to salinity treatments not at a particular stage but throughout their life cycle up to the harvesting stage. ""IRRI researchers have done a tremendous job of creating salt-tolerant germplasm from the International Rice Genebank,"" Dr. Hussain said. ""I think that is our biggest advantage. The germplasm was already there. The only thing to do was to put them in real conditions and identify the best salinity-tolerant genotypes. It is like finding a needle in a haystack. A genotype refers to an organism s complete set of genes, which, in combination with environmental factors, determine its appearance and behavior. ""It took us over three years to optimize their innovative screening experiment protocol in Infanta because it's not easy to do it in the field,"" he said. ""But we have a very robust screening facility there now. When we want to identify salt-tolerant rice plants, we screen them in Infanta."" Scientific heresy or the protocol of the future? This kind of out-of-the-box thinking made other breeders shake their heads in disbelief. Challenging any dogma will always elicit blowback and comes with a price for those with dissenting standpoints. But irrigating rice with seawater? ""We were told our approach is very wrong,"" Dr. Hussain said. ""We received much criticism from people telling us we cannot grow rice in the seawater because we will kill the plants. Rice is not halophyte (salt-tolerant), and it is impossible to grow rice in seawater. But our aim was not to grow the rice in seawater. We were trying to identify which genotype would respond with appropriate tolerance when we put them under real saline stress. We use the plants that endure in our breeding program to develop new varieties."" The first lines the team identified and created new germplasm through crossing are in the testing stage of ongoing trials in India and Bangladesh. ""I think they will perform,"" Dr Husain said. In three or four years, I expect suitable salt-tolerant varieties for coastal ecologies of Asia and Africa emanating from our newly identified germplasm at infanta. But the real test will begin in farmers' fields."" References: Screening rice for salinity tolerance https://www.researchgate.net/publication/281497630_Screening_rice_for_sa... 2020 National Mapping, Characterization and Coastal Areas Affected by Salinity Development of Spatial Database for the Coastal Areas Affected by Salinity http://bswm.da.gov.ph/wp-content/uploads/Salinity-2020-Technical-Report-..."".

The following text section comes from a specific evidence file named URL https://www.irri.org/news-and-events/news/reinventing-salt-tolerant-rice-breeding-ground-zero: ""Posted on Aug 14, 2024 Reinventing salt-tolerant rice breeding on ground zero Home News & Events News Dr. Hussain and his team established an innovative method of germplasm screening in a farmer's field at Infanta, a rice-growing municipality in the Philippine province of Quezon. (Photo: IRRI) Salinity is an agricultural problem that significantly affects rice production and is spreading in fields across the world. Poor irrigation practices, insufficient irrigation water during cropping seasons with low rainfall, high evaporation, increasing saline groundwater levels, and saltwater intrusion in coastal areas are among the significant causes of salinity. Salinity cuts rice production by 30 50%. Because this growing environmental crisis plagues the world's largest rice-producing and exporting countries, such as Vietnam, Thailand, Bangladesh, and India, it threatens the future of agri-food systems that feed billions of people. But millions of smallholder rice farmers living along the coastal areas of Asia and Africa are already feeling the brunt of this ever-spreading scourge. A vast and lasting damage Salinity inflicts long-lasting damage that affects generations of farmers. In October 1999, a tropical depression in the Andaman Sea gradually developed into a superstorm, the Paradip Cyclone, barrelling towards India. It became the most severe weather system to strike Odisha in the 20th century. For most, the damages caused by the cyclone are only a memory. The floods have receded, ruins have been rebuilt, and lives so violently interrupted have resumed. However, more than two decades later, rice farmers in the state's coastal region along the Bay of Bengal continue living with the cyclone's aftermath. Recently developed germplasm that exhibits tolerance to high-salinity levels using cutting-edge breeding techniques and a novel method of seawater irrigation for screening. (Photo: IRRI) Waseem Hussain, who leads the Global Rice Salinity and Flooding Breeding Program at the International Rice Research Institute (IRRI), visited the area recently and spoke with the rice farmers. ""They told us that they used to grow rice in every field before 1999,"" Dr. Hussain said. ""But the cyclone converted their farms into salt lands, and they said that they could not grow anything since. The salinity level goes very high during the dry season because it doesn't rain here."" De-salting the earth There are several ways to manage salinity in the soil, but most are costly and beyond the reach of poor rice farmers. Developing salt-tolerant crop varieties is the most economical solution because it entails less resource use and is both practical and socially acceptable. Rice is more susceptible to salinity than other crops, and breeders worldwide have been working to develop varieties that can grow in afflicted soils. IRRI has accomplished much in this regard over the past 40 years, and various countries have released salt-tolerant rice varieties originating from IRRI's germplasm. Genetic history fails to repeat itself One of the most impactful milestones in rice breeding occurred in 1991 when researchers discovered the SUB1 gene from an unheralded Indian landrace designated FR13A (FR stands for ""flood resistant""). The SUB1 gene, which enables rice to survive underwater for 14 days, has been introduced into several popular and high-yielding varieties for the millions of poor farmers in flood-prone areas worldwide that are rendered useless for rice production during the rainy season. In 2015, one of these varieties, Swarna-Sub1, was hailed as a significant innovation for helping rice farmers in flood-prone areas of India. The milestone gene for developing salt-tolerant rice is Saltol. The gene confers salinity tolerance, particularly during the seedling stage. Like SUB1, breeders have incorporated the Saltol gene into various rice varieties. However, a single gene like Saltol cannot provide a reasonable salinity tolerance and can grow in farmers' fields like SUB1 varieties. ""We sent salt-tolerant germplasm materials to Bangladesh and India for testing,"" Dr. Hussain said. ""In 2021, I visited some of the sites on farmers' fields in Bangladesh to see how the materials are performing. To my surprise, all of the materials were completely dead. None survived. I went to the other location, and the same thing happened. They were supposed to be salt-tolerant but didn't survive under those conditions in coastal belts. "" One thing that caught Dr Hussain's attention during his visit to Odisha was the rice plants growing in small pockets. But they were farmers' landraces. He asked the farmers about the released varieties by public institutes. They said they don't grow or survive here, or if they grew, they produced very low yields. ""It was pretty shocking to hear this from the farmers,"" Dr. Hussain said. ""If we continue breeding salt-tolerant rice in the same manner we have been doing for the past 40 years, we will have the same story."" Manufactured stress vs. real-world stress IRRI researchers developed screening techniques for rice salt tolerance conducted in a phytotron, a type of greenhouse where the temperature and relative humidity can be manipulated to minimize environmental interactions. The plants are screened at the seedling, vegetative, and reproductive stages. They are placed in styrofoam floats inside a plastic box containing a carefully formulated saline nutrient solution. The saline nutrient solution is carefully prepared, every ingredient precisely measured, and strictly maintained to ensure uniformity. Unlike the environment inside a phytotron, nature rules the real world. There are no knobs and switches to bend its forces to desired settings. IRRI breeders used artificial salts in salinity screening experiments under managed conditions. Artificial salts do not mimic the real condition of salinity stress in the farmer's field. ""Conditions in farmers' fields are very dynamic and complex,"" Dr. Hussain explained. ""The salinity level is highly unpredictable. Sometimes it will be low. Sometimes it will be high. When it rains, the level of salinity decreases. When it doesn't rain, the salinity level goes up. ""Salinity can come at any time. It's not within the control of the farmers. It can happen at any stage of crop growth. Under experimental conditions, the plants are given very short treatment periods, for one or two weeks, and then evaluated to see how they responded."" ""An idea struck in my mind that to develop salt-tolerant rice varieties that can grow in these fields, we have to match the conditions in the fields,"" said Dr. Hussain. ""Controlled or managed experiments do not reflect the true story of the farmers' fields."" That's where Dr. Hussain and his team came up with the idea of establishing screening plots where the plants can experience the harsh realities of coastal environments. Ground zero for salt-tolerant rice breeding About 132 kilometers east of Manila, the Municipality of Infanta in Quezon Province, Philippines, is known for its traditional Filipino distilled palm liquor, lambanog. Its eastern border is coastal, touching Polilo Strait, and it has numerous seaside resorts. According to the Department of Agriculture, rice is cultivated in the municipality, where the average harvest is 2,932 kilograms per hectare. Infanta's climate rains throughout the year, with a pronounced rainy season from November to April. However, it is no stranger to natural calamities, particularly typhoons that form thousands of kilometers away in the heart of the Pacific Ocean. In 2004, Infanta suffered a fate similar to Odisha five years earlier. The town was heavily affected by four successive weather systems: two tropical depressions and two typhoons. These triggered flooding, landslides, and storm surges. Storm surges are the bane of coastal agricultural lands. Strong winds push seawater further inland, blighting the soil. The 2020 National Mapping, Characterization and Coastal Areas Affected by Salinity Development of Spatial Database for the Coastal Areas Affected by Salinity by the Bureau of Soils and Water Management reports that Infanta's coastal areas vary from non-saline to severely saline with more than 5,300 hectares exhibit moderately saline soil. From the perspective of salt-tolerant rice breeding, Infanta is ground zero. Dr. Hussain and his team set out to transform rice breeding using a radical approach that has never been done before. Reinventing conventional wisdom Although it seems counterintuitive, countless published scientific works using the standard screening protocol helped shape Dr. Hussain's revisionist approach to salt-tolerant rice breeding. He and his team reviewed the literature at IRRI and globally and found tremendous amounts of published research on various rice genes associated with salt tolerance. ""Breeders have acquired an understanding of the biological mechanisms inside plants, Dr. Hussain said. ""But whatever genes identified through ideal-conditions screening or greenhouse experiments have 0% translation in the field."" So, Dr. Hussain and his team abandoned the established protocol of subjecting plants to short salinity periods and classified them as tolerant if they did not die. They set up the experimental site 200 meters from the coast, where seawater inundates the field during high tides. During low tides, they use a pump to draw water from the sea to irrigate the plants. Their inventive screening method subjected thousands of rice germplasm from previous breeding efforts at IRRI to salinity treatments not at a particular stage but throughout their life cycle up to the harvesting stage. ""IRRI researchers have done a tremendous job of creating salt-tolerant germplasm from the International Rice Genebank,"" Dr. Hussain said. ""I think that is our biggest advantage. The germplasm was already there. The only thing to do was to put them in real conditions and identify the best salinity-tolerant genotypes. It is like finding a needle in a haystack. A genotype refers to an organism s complete set of genes, which, in combination with environmental factors, determine its appearance and behavior. ""It took us over three years to optimize their innovative screening experiment protocol in Infanta because it's not easy to do it in the field,"" he said. ""But we have a very robust screening facility there now. When we want to identify salt-tolerant rice plants, we screen them in Infanta."" Scientific heresy or the protocol of the future? This kind of out-of-the-box thinking made other breeders shake their heads in disbelief. Challenging any dogma will always elicit blowback and comes with a price for those with dissenting standpoints. But irrigating rice with seawater? ""We were told our approach is very wrong,"" Dr. Hussain said. ""We received much criticism from people telling us we cannot grow rice in the seawater because we will kill the plants. Rice is not halophyte (salt-tolerant), and it is impossible to grow rice in seawater. But our aim was not to grow the rice in seawater. We were trying to identify which genotype would respond with appropriate tolerance when we put them under real saline stress. We use the plants that endure in our breeding program to develop new varieties."" The first lines the team identified and created new germplasm through crossing are in the testing stage of ongoing trials in India and Bangladesh. ""I think they will perform,"" Dr Husain said. In three or four years, I expect suitable salt-tolerant varieties for coastal ecologies of Asia and Africa emanating from our newly identified germplasm at infanta. But the real test will begin in farmers' fields."" References: Screening rice for salinity tolerance https://www.researchgate.net/publication/281497630_Screening_rice_for_sa... 2020 National Mapping, Characterization and Coastal Areas Affected by Salinity Development of Spatial Database for the Coastal Areas Affected by Salinity http://bswm.da.gov.ph/wp-content/uploads/Salinity-2020-Technical-Report-..."""
13495,Development and validation of quality assurance and quality control molecular markers for common bean,This innovation seeks to develop a set of DNA markers based on subtle differences in the DNA sequences of common bean varieties for the quick and accurate discrimination of common bean seeds that look similar when observed with the naked eye,"The following text section comes from a specific evidence file named URL https://bmcplantbiol.biomedcentral.com/articles/10.1186/s12870-023-04609-w#citeas: ""CoreSNP: an efficient pipeline for core marker profile selection from genome-wide SNP datasets in crops Download PDF Download PDF Research Open access Published: 21 November 2023 CoreSNP: an efficient pipeline for core marker profile selection from genome-wide SNP datasets in crops Tingyu Dou1 na1, Chunchao Wang1 na1, Yanling Ma1, Zhaoyan Chen1, Jing Zhang1 & Ganggang Guo1 BMC Plant Biology volume 23, Article number: 580 (2023) Cite this article 2315 Accesses 5 Citations Metrics details Abstract Background DNA marker profiles play a crucial role in the identification and registration of germplasm, as well as in the distinctness, uniformity, and stability (DUS) testing of new plant variety protection. However, selecting minimal marker sets from large-scale SNP dataset can be challenging to distinguish a maximum number of samples. Results: Here, we developed the CoreSNP pipeline using a divide and conquer strategy and a greedy algorithm. The pipeline offers adjustable parameters to guarantee the distinction of each sample pair with at least two markers. Additionally, it allows datasets with missing loci as input. The pipeline was tested in barley, soybean, wheat, rice and maize. A few dozen of core SNPs were efficiently selected in different crops with SNP array, GBS, and WGS dataset, which can differentiate thousands of individual samples. The core SNPs were distributed across all chromosomes, exhibiting lower pairwise linkage disequilibrium (LD) and higher polymorphism information content (PIC) and minor allele frequencies (MAF). It was shown that both the genetic diversity of the population and the characteristics of the original dataset can significantly influence the number of core markers. In addition, the core SNPs capture a certain level of the original population structure. Conclusions CoreSNP is an efficiency way of core marker sets selection based on Genome-wide SNP datasets of crops. Combined with low-density SNP chip or genotyping technologies, it can be a cost-effective way to simplify and expedite the evaluation of genetic resources and differentiate different crop varieties. This tool is expected to have great application prospects in the rapid comparison of germplasm and intellectual property protection of new varieties. Peer Review reports Background Accurate identification and registration of germplasm resources are essential for plant conservation efforts [1,2,3]. Traditional identification methods based on morphological or agronomical traits can be time-consuming due to the influence of environmental factors on most phenotypes [4]. Genetic molecular markers have been recommended by the International Union for the Protection of New Varieties of Plants (UPOV) as a more reliable and efficient approach for variety and cultivar identification, in addition to morphological characteristics [5,6,7]. With the increasing number of germplasm collections stored in genebanks, effective characterization and management have become major challenges [8]. In the USDA Soybean Germplasm Collection, it was discovered that over 30% of wild accessions and 23% of cultivated accessions were redundant, as their similarity exceeded 99.9% [9]. Similarly, an analysis of genetic profiles in the German ex situ gene bank revealed that approximately 33% of the 22,626 collections of barley (Hordeum vulgare L.) were potential duplicates [10]. By selecting a comprehensive core set of molecular markers, germplasm collections can be rapidly assessed and characterized. Assigning a unique molecular passport profile to each accession enables researchers to easily track and manage the collections, reducing duplication and facilitating targeted utilization [11]. Furthermore, core marker sets play a vital role in protecting new plant varieties. Due to the increasing number of crop varieties being released onto the market, the limited genetic diversity and close similarity among elite parental lines lead to fewer morphological differences that can be utilized for variety identification in modern breeding programs [12]. The preselected small set of markers can be cost-effectively utilized for DUS testing, identification of essential derived varieties (EDVs) and the verification of seed authenticity and purity. This benefits breeders by protecting their intellectual property rights [13,14,15]. Among various types of molecular markers, single nucleotide polymorphisms (SNPs) have gained significant importance due to their high reproducibility, locus specificity, and wide distribution throughout the genome [16]. The continuous advancements in high-throughput sequencing technology have facilitated the generation of a large number of SNPs. Through various genotyping platforms, researchers can obtain millions of SNPs that cover the entire genome, resulting in SNP sets with diverse characteristics [17,18,19]. The reduction of SNP density and the development of low-density SNP genotyping panels have gained prominence due to its cost-effectiveness, enabling the identification of large-scale germplasm and the assessment of their relatedness. A variety of genotyping methods and technologies, such as Taqman genotyping assays [20], Kompetitive allele-specific PCR (KASP) [21, 22], Amplification refractory mutation system PCR (ARMS-PCR) [23], as well as low density SNP chips [24] have been extensively used in genotyping specific SNPs of interest. Selecting the fewest and most representative SNPs from vast amounts of information that contain redundant data has become a concern for researchers.Currently, various methods for selecting core SNPs selection have been adopted in various crop species for variety identification and DNA fingerprinting [25,26,27,28]. In soybean, Liu et al. divided 4044 SNPs into 24 panels with varying numbers of SNPs based on polymorphic information content (PIC) values. A core set panel of 20 SNPs was selected to construct molecular IDs for 138 released soybean cultivars, resulting in the fewest number of indistinguishable pairs of accessions [29]. Using a combination of polymorphisms and principal component analysis, Li et al. selected 60 core SNPs distributed across all chromosomes to provide sufficient genetic information for 166 representative inbred lines of Chinese cabbage from a pool of 1167 SNPs [30]. However, these studies did not consider the discriminatory power of combinations of SNPs, and the manual screening process used in these studies may not be sufficient to meet the increasing demand for selecting core SNPs from large-scale sequenced data. Automated methods based on computer programming have also been proposed to improve the efficiency of selecting core SNPs. These methods aim to construct relatively small marker sets capable of distinguishing a wide range of varieties. Hiroshi et al. (2013) employed an exhaustive method to develop MinimalMarker software for identifying minimal marker sets. They constructed a pairwise comparison matrix by calculating the number of differential alleles between each pair of varieties and consistently selected the marker with the highest discrimination to form the minimal set [31]. This algorithm was subsequently used for core SNP selection in the identification of pepper [32] and cucumber varieties [33]. In their study on rice, Yuan et al. introduced a method called conditional random selection (CRS) to specifically distinguish between EDV and non-EDV varieties [34]. The method follows a divide and conquer strategy, where specific haplotypes are initially constructed using randomly selected SNPs. Redundant SNPs were then eliminated by systematically shielding one SNP at a time while checking whether the remaining SNPs could still distinguish all varieties. Through this approach, the researchers selected a set of 390 SNPs that could distinguish between 3,024 rice varieties. Despite the progress made in selecting core SNPs, these studies are relatively time-consuming and not user-friendly, especially when dealing with data that contain missing loci. Here, we propose CoreSNP, a novel and customized pipeline for developing minimal core SNPs. This pipeline can largely reduce the number of SNPs essential for identifying different varieties from large-scale genotyping data. Based on publicly available genotype datasets, the pipeline has been proven to be robust in different crops and across various sequencing platforms. Materials and methods Description of the coreSNP pipeline A greedy search algorithm was applied to the core SNP selection and the specific workflow of the pipeline is summarized in Fig. 1. To provide a clear illustration of the selection process, we took the dataset with 8 individuals and 8 markers as an example with a schematic diagram (Fig. 2). In the initial step, missing SNPs were imputed by major homozygous SNP genotype. The Shannon index was calculated for each SNP was subsequently calculated for each SNP in the dataset, and the SNP with the highest value was randomly selected as the first solution. The pipeline then proceeded by iteratively analyzing the remaining SNPs in the dataset and constructing the haplotypes using the selected SNPs. Next, the SNP that maximized the Shannon entropy index was selected as the second solution and accordingly removed from the dataset correspondingly. The iterative process continues until no additional SNPs can be added. During this procedure, a crucial step involvesassessing whether the newly selected SNP contributes to an increase in the number of observed haplotypes before calculating the Shannon index. If not, the SNP is skipped, thereby expediting the pipeline. As depicted in Fig. 2, SNPs such as Marker7 and Marker8 were used as examples. In this step, we exclude SNPs without polymorphisms and nearby SNPs linked to the selected core SNPs. Consequently, at each selection step, the process achieved the local optimal solution to maximize sample differentiation and haplotype diversity. After employing major allele imputation, the haplotypes without any missing values were outputted, and the chosen SNPs were designated as the primary core markers. Recognizing that missing sites could potentially result from sequencing errors, we retrieved haplotypes with missing loci based on the positions of imputed values. Subsequently, the pipeline identified pairs of haplotypes with differences caused by imputed missing data. Through an iterative process, SNPs with the highest frequency were selected and added to the primary list. Eventually, the final core sets were generated after achieving complete differentiation across all sample pairs (Fig. 2). In this study, additional command options were introduced to configure the running parameters, thereby enhancing the applicability of the pipeline. Users can define input files using the -v option and customize which markers should be included or excluded using the -i and -e options, respectively. Since some SNP combinations (haplotypes) have close Shannon index values, the -x option was provided to allow users to specify the number of candidate SNP combinations to be selected in each round. This option provides users with more feasible solutions for downstream analysis. Furthermore, core SNPs were randomly and independently selected each round, and users have the flexibility to define the number of repetitions using the -c option. The -m option allows users to specify that at least two markers are required to effectively discriminate between every pair of varieties. This criterion can indeed mitigate potential errors or noise introduced by the raw sequencing data, thereby enhancing the reliability and robustness of the results (Table S1). Genotype dataset collection To validate the CoreSNP pipeline, we collected the public SNP genotype dataset of barley, soybean, wheat, rice, and maize from widely studied plant databases or research studies (Table S2). The SNP data were obtained from different genotyping and sequencing platforms, including SNP microarray, high-throughput genotyping by sequencing (GBS), and whole-genome sequencing (WGS). For the barley analysis, genotypic information of 1,000 accessions was downloaded from the Germinate Barley SNP Platforms [35]. The collection of 1,000 genotypes is a representative subset of the global 22,626 barley accessions from the German Federal ex situ GenBank. By integrating our unpublished data, we curated a dataset consisting of 1081 barley accessions with 42,520 SNPs genotyped by the 50 K iSelect SNP Array, referred to as BarleyI. Additionally, we obtained a GBS SNP matrix of 1,297 barley accessions from the IPK data repository, referred to as BarleyII [10]. We merged two different datasets by using a shared sample set of 1081 barley accessions. The resulting combined dataset, designated Barley I & II, contains a total of 185,508 SNPs. The soybean dataset comprises 817 soybean accessions with 158,959 SNPs, including 77 parental lines, 169 nonparental lines, and 571 progenies. Genotyping was performed using the ZDX1 array genotyping platform [36]. The wheat genotypic dataset consists of 178,803 SNPs and includes genotypic information for 271 Chinese wheat landraces that were genotyped using the 660 K wheat SNP array [37]. We extracted genotypic information from 453 high-coverage rice accessions obtained from the 3,000 Rice Genome Project [38]. The maize genotypic dataset includes genotype information from 1,210 maize lines based on whole-genome sequencing data, comprising approximately 83 million raw SNPs. The data were downloaded from the maize HapMapV3 study [39]. Data preprocessing Heterozygous sites were treated as missing data and processed using BCFtools version 1.10.2 [40]. Genotype imputation of missing sites was performed using FILLIN with default parameters [41]. Sample and SNP filtration as well as LD-based SNP pruning were performed using PLINK version 1.90 [42]. Polymorphism analysis In this study, the Shannon indices [43] and PIC values [44] were calculated using the following formulas. $$H = - \sum _{i = 1}^n{P_i}ln\left( {{P_i}} \right)$$ (1) where H is the diversity index, n is the population size and Pi is the frequency of the combined haplotypes. $$PIC = 1 - \sum _{i = 1}^n{P_i}^2$$ (2) $$PIC = 1 - \sum _{i = 1}^n{P_i}^2 - \sum _{i = 1}^{n - 1}\sum _{j = i + 1}^n2{P_i}^2{P_j}^2$$ (3) where n is the population size and Pi and Pj are the frequencies of two SNP alleles among all samples. Equation 2 suggests the simplified formula, while Eq. 3 suggests the full formula for PIC calculation. Genetic diversity analysis Allele counts and frequencies and IBS information were calculated by PLINK version 1.90 [42]. LD estimation was measured as parameter r2 with a maximum distance of 10 Mb using PopLDdecay version 3.40 [45]. A Mantel test for correlation between distance matrices was performed using an in-house python script [46]. Principal component analysis (PCA) of the barley samples was performed using EIGENSOFT/smartPCA software version 6.1.4 [47]. All figures were generated using R software version 4.1.2 using the packages ggplot [48] and RIdeogram [49]. Data availability The CoreSNP pipeline was developed using the Python programming language and accepts compressed Variant Call Format (VCF) files or uncompressed VCF files as input. The cost-free program is readily executed from the command line, relying on specific dependencies, such as Python (version 3.6 or higher), Numpy and PLINK 1.9. Both the source code and the essential dependencies are accessible on GitHub (https://github.com/admy55/CoreSNP) or Gitee (https://gitee.com/admy55/CoreSNP). Results Performance test of the CoreSNP pipeline Initially, imputation and filtration were performed on the raw dataset. Samples with a genotype missing rate of 0.5 and SNPs with a missing rate of 0.2 were removed. The final datasets used for testing the pipeline are shown in Table S2. Using default parameters, the pipeline successfully differentiated 1081 barley samples using 21 core SNPs, 1297 barley samples using 32 core SNPs, a merged dataset of 1081 barley samples using 19 SNPs, 800 soybean varieties using 52 SNPs, 271 wheat varieties using 24 SNPs, 453 rice accessions using 18 SNP markers, and 1206 maize varieties using 60 SNPs (Fig. 3, Table S2). The data represent the minimum set of markers obtained after running the pipeline ten times (Other results are not shown). We compared CoreSNP with a Random Selection (RS) method using the Barley I & II dataset to evaluate their performance in selecting core SNPs. In the RS process, two markers were randomly selected from the long and short arms of each chromosome, forming a combination of 28 SNPs with aMAF greater than 0.3 (RS1) and MAF greater than 0.4 (RS2). After 20 iterations of selection, the randomly selected 28 SNPs from RS1 and RS2 identified accessions ranging from 977 to 1061. Through saturation curve analysis, we found that the CoreSNP approach exhibited significantly higher efficiency in SNP selection than the RS method, as it efficiently identified the same number of germplasms with a smaller set of selected SNPs (Fig. S1). Characteristics of the core SNPs selected from different datasets To assess the utility of the core SNPs, we calculated the genetic diversity parameters, including MAF and PIC, as indicators of the markers discriminatory ability. Values closer to 0.5 for MAF and 0.375 (depending on the formula) for PIC of biallelic markers indicate better discriminatory properties. The results showed that more than 70% of the core SNPs had an MAF greater than 0.3 and PIC greater than 0.35, except for the soybean dataset (Fig. S2). In the case of the soybean and maize datasets, there are 6 and 8 markers, respectively, with a minor allele frequency (MAF) below 0.1. These markers were specifically chosen to distinguish individuals with high genetic similarity. Notably, all markers selected from the Barley I & II dataset exhibited MAF values greater than 0.3 and PIC values greater than 0.35, except for two markers located on chromosome 1 H and chromosome 5 H, which displayed MAF values of 0.23 and 0.19, respectively. The 24 core markers were cover 13 chromosomes in the wheat genome, and in addition to these, the selected markers are distributed across nearly every chromosome in the genome. The majority of the core SNPs were not located in close proximity to each other, suggesting a lower LD distance between them (Supplementary Data 2). Genetic diversity analysis of the test datasets Significant variations were noted in the count of the ultimate core sets during the evaluation of the CoreSNP pipeline across different datasets. To investigate the drivers underlying these disparities, we assessed several factors, encompassing MAF, missing rate, linkage disequilibrium decay distance (LDD), and identity by state (IBS) information utilizing the test dataset (Fig. 4). No specific regularity was observed in the distribution of MAF or missing rate in soybean experiments (Fig. 4A-B). However, the soybean dataset exhibited a slower LD decay and consisted of 817 individuals, including both parental populations and their descendants (Fig. 4C). Finally, 52 markers capable of differentiating 800 samples were selected. In contrast, the maize dataset with a faster LD decay exhibited a higher missing rate and rare genetic variations. Approximately 28% of the SNPs exhibited missing rates between 0.05 and 0.2, and 20% of the SNPs had an MAF below 0.01. Consequently, during the process of selecting core SNPs in maize, we initially selected 26 markers to form the primary core, which was later expanded to include 60 SNPs after accounting for missing loci. The wheat and barley I dataset showed a relatively uniform pattern in MAF distribution (Fig. 4A). However, the wheat dataset exhibited a higher proportion of markers with missing rates ranging from 0.05 to 0.2, slower LD decay and higher IBS peaks compared to the barley dataset (Fig. 4B-D). Consequently, the efficiency of core SNP selection was found to be lower in the wheat dataset. Under similar conditions, we were able to distinguish 1081 barley samples using 21 core markers, whereas only 271 wheat samples could be differentiated using 24 core markers (see Table S2). Overall, both the genetic diversity of the population and the specific characteristics of the sequencing data significantly influence the number of core markers. Flexible application of CoreSNP for barley accessions The fertility of spikelet florets, commonly referred to as row type, and the presence or absence of grain hulls are two crucial infraspecific morphological traits in barley. In this study, we assessed the feasibility of the CoreSNP pipeline with three SNP markers (rs7_527405910 on chromosome 7 H, JHI-Hv50k-2016-107445 on chromosome 2 H, and JHI-Hv50k-2016-230985 on chromosome 4 H) that are tightly linked to these two traits as included markers for core SNP selection. By establishing a criterion of a minimum of at least two markers distinguishing each pair of samples, we successfully identified 31 core SNP markers that differentiated 1081 barley samples using the merged dataset. These core SNP markers were distributed across all seven chromosomes (Fig. S3). The genetic structure of 1081 barley collections was analyzed using both the core SNP set and the complete set of genome-wide SNPs. Principal component analysis (PCA) revealed that some samples with relatively distant genetic distances within three clusters were still well separated along the PC1 and PC2 dimensions. This observation highlights that the core SNPs capture a certain level of the original population structure (Fig. S4). The correlation coefficient (r) values of 0.4024 indicate a significant correlation between the genetic distance matrices of the core SNP panels and the total genome-wide SNPs. This affirms the robustness and reliability of our core SNP selection process (Table S10). Discussion Development of the CoreSNP pipeline Appraising the discriminatory power of loci combinations is a necessary step in marker screening [50]. When assessing the performance of multiple loci combinations, MAF values have shown lower sensitivity compared to PIC values and the Shannon Diversity index, as demonstrated through statistical analysis. In the case of the frequency distribution presented in Table S11, it was observed that the Shannon index displayed a similar trend to that of the complete PIC formula. However, the computational complexity associated with calculating the full PIC formula is relatively higher than that associated with calculating the Shannon index, especially as the diversity of loci combinations expands. In addition, we conducted a comparative analysis with the Conditional Random Selection (CRS) method using the data released in their research [34]. The results demonstrate that, for the same fractal dataset, our approach can differentiate 1000 samples with 44 SNPs, while the CRS method requires 54 59 SNPs. Additionally, due to the random sampling nature of their method, the final number of labels exhibited significant fluctuations. Furthermore, it was noted that their method has limitations in handling missing data. Thus, in the present study, we introduced CoreSNP, an screening pipeline that utilizes the Shannon index to create core sets of SNPs. Overall, the pipeline initiates from the input VCF dataset and proceeds through a fast and thorough process. CoreSNP achieved discrimination of over 1000 barley samples in just five minutes of runtime on our machine (OS: Windows 11, CPU: Intel Core i7-9850 H 2.6 GHz, RAM: 32 GB), outperforming other traditional methods [31, 32, 34]. Polymorphic analysis of the core SNPs selected based on the different datasets The discrimination curve of the markers was plotted based on the haplotype count obtained at each step (Fig. 2). This curve demonstrated that the SNP panels generated by this pipeline possess a remarkable discriminatory capacity. The selected core SNP markers distinguished 100% of the test collections, with the exception of 17 soybean samples and two maize samples. This discrepancy in these samples can be attributed to the MAF filtration applied to the raw dataset obtained from public sources. These particular samples represent closely related accessions, as evidenced by the calculated identical by state (IBS) information, where pairs of samples exhibited an IBS value of 1. The selected core SNPs exhibited a high degree of polymorphism and were distributed across the genome. In fact, within the pipeline, the evaluation of an increase in haplotype numbers involved removing redundant linked markers, ensuring that adjacent pairs of SNPs were not positioned too closely to each other. The number of core SNPs is influenced by the genetic diversity of different populations. However, it is also significantly influenced by the missing rate in the original dataset. In terms of population structure, certain closely related samples are still unable to be distinctly separated in the reduced-dimensional data. This limitation could be attributed to the insufficient number of markers in comparison to the original dataset, which hindered their ability to adequately capture the genetic variations present. Applications of CoreSNP pipeline in the future The cost of genome sequencing tools remains high for routine large-scale germplasm identification. However, with the development of low-density sequencing techniques, such as KASP and ARMS-PCR, our CoreSNP pipeline provides a cost-effective solution for germplasm identification and genetic relationship analysis. By constructing a reference library using a combination of core SNP alleles (haplotypes), it becomes possible to establish a comprehensive catalog of DNA profiles and DNA fingerprints for each accession. This will greatly facilitate the analysis of variety traceability and genetic backgrounds. However, it is important to note that this reference library is not a one-size-fits-all solution, thereby necessitating additional efforts in collecting more genotypes. Moreover, these SNPs can also be utilized for parent combination selection and progeny screening during the breeding process, thus enhancing breeding efficiency and precision. Additionally, the processing of many samples inevitably introduces the issue of sample mix-up. It becomes challenging when samples contain mixtures with few identifiable characteristics. The combination of genetic profiles and core SNP alleles can be used to identify accidental sample mix-ups, ensuring the authenticity and purity of seeds. In summary, the CoreSNP pipeline takes into account sequencing platform constraints and user-specific preferences. By potentially saving time and reducing costs, it simplifies and streamlines the process of genomic identification. This tool will serve as a valuable foundation for modern breeding efforts and future germplasm management and preservation endeavors. Conclusion In conclusion, we developed the CoreSNP pipeline for evolution of the discrimination power of SNP combinations. We validated it using diverse genotype files from various crops and found that it exhibited high efficiency. This tool can be efficiently used for selecting core SNPs capable of representing genome-wide variation to identify similarity and redundancy within germplasm resources. Data Availability The original contributions presented in the study are included in the article and Supplementary materials. References Korir NK, Han J, Shangguan LF, Wang C, Kayesh E, Zhang YY, Fang JG. Plant variety and cultivar identification: advances and prospects. Crit Rev Biotechnol. 2013;33(2):111 25. Article PubMed Google Scholar He SP, Sun GF, Geng XL, Gong WF, Dai PH, Jia YH, Shi WJ, Pan ZE, Wang JD, Wang LY, et al. The genomic basis of geographic differentiation and fiber improvement in cultivated cotton. Nat Genet. 2021;53(6):916 24. Article PubMed CAS Google Scholar Couasnet G, Abidine MZE, Laurens F, Dutagaci H, Rousseau D. Machine learning meets distinctness in variety testing. 2021 IEEE/CVF International Conference on Computer Vision Workshops (ICCVW). 2021;1303 1311. Dreisigacker S, Sharma RK, Huttner E, Karimov A, Obaidi MQ, Singh PK, Sansaloni C, Shrestha R, Sonder K, Braun HJ. Tracking the adoption of bread wheat varieties in Afghanistan using DNA fingerprinting. BMC Genomics. 2019;20(1):660. Article PubMed PubMed Central CAS Google Scholar Al-Samarai F, Al-Kazaz A. Molecular markers: an introduction and applications. Eur J Mol Biotechnol. 2015;9. Grover A, Sharma PC. Development and use of molecular markers: past and present. Crit Rev Biotechnol. 2016;36(2):290 302. Article PubMed CAS Google Scholar Elakhdar A, Kumamaru T, Qualset CO, Brueggeman RS, Amer K, Capo-chichi L. Assessment of genetic diversity in Egyptian barley (Hordeum vulgare L.) genotypes using SSR and SNP markers. Genet Resour Crop Evol. 2018;65(7):1937 51. Article Google Scholar De Beukelaer H, Davenport GF, Fack V. Core Hunter 3: flexible core subset selection. BMC Bioinf. 2018;19(1):203. Article Google Scholar Song QJ, Hyten DL, Jia GF, Quigley CV, Fickus EW, Nelson RL, Cregan PB. Fingerprinting soybean germplasm and its utility in genomic research. G3 (Bethesda). 2015;5(10):1999 2006. Article PubMed Google Scholar Milner SG, Jost M, Taketa S, Maz n ER, Himmelbach A, Oppermann M, Weise S, Kn pffer H, Basterrechea M, K nig P, et al. Genebank genomics highlights the diversity of a global barley collection. Nat Genet. 2019;51(2):319 26. Article PubMed CAS Google Scholar Jaiswal S, Sheoran S, Arora V, Angadi UB, Iquebal MA, Raghav N, Aneja B, Kumar D, Singh R, Sharma P, et al. Putative microsatellite DNA marker-based wheat genomic resource for Varietal Improvement and Management. Front Plant Sci. 2017;8:2009. Article PubMed PubMed Central Google Scholar Wang YY, Lv HK, Xiang XH, Yang AG, Feng QF, Dai PG, Li Y, Jiang X, Liu GX, Zhang XW. Construction of a SNP Fingerprinting Database and Population Genetic Analysis of Cigar Tobacco Germplasm Resources in China. Front Plant Sci. 2021;12:618133. Article PubMed PubMed Central Google Scholar Portis E, Lanteri S, Barchi L, Portis F, Valente L, Toppino L, Rotino GL, Acquadro A. Comprehensive characterization of simple sequence repeats in Eggplant (Solanum melongena L.) Genome and Construction of a web resource. Front Plant Sci. 2018;9:401. Article PubMed PubMed Central Google Scholar Kimura T, Sugisawa T, Taira M. International Union for the Protection of New varieties of plants. Report on Developments of a Software Tool for Marker Selection Using the Traveling Salesman Algorithm; 2019. International Union for the Protection of New Varieties of Plants. Guidelines for DNA-Profiling: Molecular Marker Selection and Database Construction ( BMT Guidelines ) 2020. Schulthess AW, Kale SM, Liu F, Zhao Y, Philipp N, Rembe M, Jiang Y, Beukert U, Serfling A, Himmelbach A, et al. Genomics-informed prebreeding unlocks the diversity in genebanks for wheat improvement. Nat Genet. 2022;54(10):1544 52. Article PubMed CAS Google Scholar Hiremath PJ, Kumar A, Penmetsa RV, Farmer A, Schlueter JA, Chamarthi SK, Whaley AM, Carrasquilla-Garcia N, Gaur PM, Upadhyaya HD, et al. Large-scale development of cost-effective SNP marker assays for diversity assessment and genetic mapping in chickpea and comparative mapping in legumes. Plant Biotechnol J. 2012;10(6):716 32. Article PubMed PubMed Central CAS Google Scholar Zeng XQ, Guo Y, Xu QJ, Mascher M, Guo GG, Li SC, Mao LK, Liu QF, Xia ZF, Zhou JH, et al. Origin and evolution of qingke barley in Tibet. Nat Commun. 2018;9(1):5433. Article PubMed PubMed Central CAS Google Scholar Pankin A, Altm ller J, Becker C, von Korff M. Targeted resequencing reveals genomic signatures of barley domestication. New Phytol. 2018;218(3):1247 59. Article PubMed PubMed Central CAS Google Scholar Broccanello C, Chiodi C, Funk A, McGrath JM, Panella L, Stevanato P. Comparison of three PCR-based assays for SNP genotyping in plants. Plant Methods. 2018;14:28. Article PubMed PubMed Central Google Scholar Shikari AB, Najeeb S, Khan G, Mohidin FA, Shah AH, Nehvi FA, Wani SA, Bhat NA, Waza SA, Subba Rao LV, et al. KASP based markers reveal a population sub-structure in temperate rice (Oryza sativa L.) germplasm and local landraces grown in the Kashmir valley, north-western Himalayas. Genet Resour Crop Evol. 2020;68(3):821 34. Article Google Scholar Sejake T, Shargie N, Christian R, Amelework AB, Tsilo TJ. Genetic diversity in sorghum (Sorghum bicolor L. Moench) accessions using SNP based Kompetitive ","Development and validation of quality assurance and quality control molecular markers for common bean This innovation seeks to develop a set of DNA markers based on subtle differences in the DNA sequences of common bean varieties for the quick and accurate discrimination of common bean seeds that look similar when observed with the naked eye The following text section comes from a specific evidence file named URL https://bmcplantbiol.biomedcentral.com/articles/10.1186/s12870-023-04609-w#citeas: ""CoreSNP: an efficient pipeline for core marker profile selection from genome-wide SNP datasets in crops Download PDF Download PDF Research Open access Published: 21 November 2023 CoreSNP: an efficient pipeline for core marker profile selection from genome-wide SNP datasets in crops Tingyu Dou1 na1, Chunchao Wang1 na1, Yanling Ma1, Zhaoyan Chen1, Jing Zhang1 & Ganggang Guo1 BMC Plant Biology volume 23, Article number: 580 (2023) Cite this article 2315 Accesses 5 Citations Metrics details Abstract Background DNA marker profiles play a crucial role in the identification and registration of germplasm, as well as in the distinctness, uniformity, and stability (DUS) testing of new plant variety protection. However, selecting minimal marker sets from large-scale SNP dataset can be challenging to distinguish a maximum number of samples. Results: Here, we developed the CoreSNP pipeline using a divide and conquer strategy and a greedy algorithm. The pipeline offers adjustable parameters to guarantee the distinction of each sample pair with at least two markers. Additionally, it allows datasets with missing loci as input. The pipeline was tested in barley, soybean, wheat, rice and maize. A few dozen of core SNPs were efficiently selected in different crops with SNP array, GBS, and WGS dataset, which can differentiate thousands of individual samples. The core SNPs were distributed across all chromosomes, exhibiting lower pairwise linkage disequilibrium (LD) and higher polymorphism information content (PIC) and minor allele frequencies (MAF). It was shown that both the genetic diversity of the population and the characteristics of the original dataset can significantly influence the number of core markers. In addition, the core SNPs capture a certain level of the original population structure. Conclusions CoreSNP is an efficiency way of core marker sets selection based on Genome-wide SNP datasets of crops. Combined with low-density SNP chip or genotyping technologies, it can be a cost-effective way to simplify and expedite the evaluation of genetic resources and differentiate different crop varieties. This tool is expected to have great application prospects in the rapid comparison of germplasm and intellectual property protection of new varieties. Peer Review reports Background Accurate identification and registration of germplasm resources are essential for plant conservation efforts [1,2,3]. Traditional identification methods based on morphological or agronomical traits can be time-consuming due to the influence of environmental factors on most phenotypes [4]. Genetic molecular markers have been recommended by the International Union for the Protection of New Varieties of Plants (UPOV) as a more reliable and efficient approach for variety and cultivar identification, in addition to morphological characteristics [5,6,7]. With the increasing number of germplasm collections stored in genebanks, effective characterization and management have become major challenges [8]. In the USDA Soybean Germplasm Collection, it was discovered that over 30% of wild accessions and 23% of cultivated accessions were redundant, as their similarity exceeded 99.9% [9]. Similarly, an analysis of genetic profiles in the German ex situ gene bank revealed that approximately 33% of the 22,626 collections of barley (Hordeum vulgare L.) were potential duplicates [10]. By selecting a comprehensive core set of molecular markers, germplasm collections can be rapidly assessed and characterized. Assigning a unique molecular passport profile to each accession enables researchers to easily track and manage the collections, reducing duplication and facilitating targeted utilization [11]. Furthermore, core marker sets play a vital role in protecting new plant varieties. Due to the increasing number of crop varieties being released onto the market, the limited genetic diversity and close similarity among elite parental lines lead to fewer morphological differences that can be utilized for variety identification in modern breeding programs [12]. The preselected small set of markers can be cost-effectively utilized for DUS testing, identification of essential derived varieties (EDVs) and the verification of seed authenticity and purity. This benefits breeders by protecting their intellectual property rights [13,14,15]. Among various types of molecular markers, single nucleotide polymorphisms (SNPs) have gained significant importance due to their high reproducibility, locus specificity, and wide distribution throughout the genome [16]. The continuous advancements in high-throughput sequencing technology have facilitated the generation of a large number of SNPs. Through various genotyping platforms, researchers can obtain millions of SNPs that cover the entire genome, resulting in SNP sets with diverse characteristics [17,18,19]. The reduction of SNP density and the development of low-density SNP genotyping panels have gained prominence due to its cost-effectiveness, enabling the identification of large-scale germplasm and the assessment of their relatedness. A variety of genotyping methods and technologies, such as Taqman genotyping assays [20], Kompetitive allele-specific PCR (KASP) [21, 22], Amplification refractory mutation system PCR (ARMS-PCR) [23], as well as low density SNP chips [24] have been extensively used in genotyping specific SNPs of interest. Selecting the fewest and most representative SNPs from vast amounts of information that contain redundant data has become a concern for researchers.Currently, various methods for selecting core SNPs selection have been adopted in various crop species for variety identification and DNA fingerprinting [25,26,27,28]. In soybean, Liu et al. divided 4044 SNPs into 24 panels with varying numbers of SNPs based on polymorphic information content (PIC) values. A core set panel of 20 SNPs was selected to construct molecular IDs for 138 released soybean cultivars, resulting in the fewest number of indistinguishable pairs of accessions [29]. Using a combination of polymorphisms and principal component analysis, Li et al. selected 60 core SNPs distributed across all chromosomes to provide sufficient genetic information for 166 representative inbred lines of Chinese cabbage from a pool of 1167 SNPs [30]. However, these studies did not consider the discriminatory power of combinations of SNPs, and the manual screening process used in these studies may not be sufficient to meet the increasing demand for selecting core SNPs from large-scale sequenced data. Automated methods based on computer programming have also been proposed to improve the efficiency of selecting core SNPs. These methods aim to construct relatively small marker sets capable of distinguishing a wide range of varieties. Hiroshi et al. (2013) employed an exhaustive method to develop MinimalMarker software for identifying minimal marker sets. They constructed a pairwise comparison matrix by calculating the number of differential alleles between each pair of varieties and consistently selected the marker with the highest discrimination to form the minimal set [31]. This algorithm was subsequently used for core SNP selection in the identification of pepper [32] and cucumber varieties [33]. In their study on rice, Yuan et al. introduced a method called conditional random selection (CRS) to specifically distinguish between EDV and non-EDV varieties [34]. The method follows a divide and conquer strategy, where specific haplotypes are initially constructed using randomly selected SNPs. Redundant SNPs were then eliminated by systematically shielding one SNP at a time while checking whether the remaining SNPs could still distinguish all varieties. Through this approach, the researchers selected a set of 390 SNPs that could distinguish between 3,024 rice varieties. Despite the progress made in selecting core SNPs, these studies are relatively time-consuming and not user-friendly, especially when dealing with data that contain missing loci. Here, we propose CoreSNP, a novel and customized pipeline for developing minimal core SNPs. This pipeline can largely reduce the number of SNPs essential for identifying different varieties from large-scale genotyping data. Based on publicly available genotype datasets, the pipeline has been proven to be robust in different crops and across various sequencing platforms. Materials and methods Description of the coreSNP pipeline A greedy search algorithm was applied to the core SNP selection and the specific workflow of the pipeline is summarized in Fig. 1. To provide a clear illustration of the selection process, we took the dataset with 8 individuals and 8 markers as an example with a schematic diagram (Fig. 2). In the initial step, missing SNPs were imputed by major homozygous SNP genotype. The Shannon index was calculated for each SNP was subsequently calculated for each SNP in the dataset, and the SNP with the highest value was randomly selected as the first solution. The pipeline then proceeded by iteratively analyzing the remaining SNPs in the dataset and constructing the haplotypes using the selected SNPs. Next, the SNP that maximized the Shannon entropy index was selected as the second solution and accordingly removed from the dataset correspondingly. The iterative process continues until no additional SNPs can be added. During this procedure, a crucial step involvesassessing whether the newly selected SNP contributes to an increase in the number of observed haplotypes before calculating the Shannon index. If not, the SNP is skipped, thereby expediting the pipeline. As depicted in Fig. 2, SNPs such as Marker7 and Marker8 were used as examples. In this step, we exclude SNPs without polymorphisms and nearby SNPs linked to the selected core SNPs. Consequently, at each selection step, the process achieved the local optimal solution to maximize sample differentiation and haplotype diversity. After employing major allele imputation, the haplotypes without any missing values were outputted, and the chosen SNPs were designated as the primary core markers. Recognizing that missing sites could potentially result from sequencing errors, we retrieved haplotypes with missing loci based on the positions of imputed values. Subsequently, the pipeline identified pairs of haplotypes with differences caused by imputed missing data. Through an iterative process, SNPs with the highest frequency were selected and added to the primary list. Eventually, the final core sets were generated after achieving complete differentiation across all sample pairs (Fig. 2). In this study, additional command options were introduced to configure the running parameters, thereby enhancing the applicability of the pipeline. Users can define input files using the -v option and customize which markers should be included or excluded using the -i and -e options, respectively. Since some SNP combinations (haplotypes) have close Shannon index values, the -x option was provided to allow users to specify the number of candidate SNP combinations to be selected in each round. This option provides users with more feasible solutions for downstream analysis. Furthermore, core SNPs were randomly and independently selected each round, and users have the flexibility to define the number of repetitions using the -c option. The -m option allows users to specify that at least two markers are required to effectively discriminate between every pair of varieties. This criterion can indeed mitigate potential errors or noise introduced by the raw sequencing data, thereby enhancing the reliability and robustness of the results (Table S1). Genotype dataset collection To validate the CoreSNP pipeline, we collected the public SNP genotype dataset of barley, soybean, wheat, rice, and maize from widely studied plant databases or research studies (Table S2). The SNP data were obtained from different genotyping and sequencing platforms, including SNP microarray, high-throughput genotyping by sequencing (GBS), and whole-genome sequencing (WGS). For the barley analysis, genotypic information of 1,000 accessions was downloaded from the Germinate Barley SNP Platforms [35]. The collection of 1,000 genotypes is a representative subset of the global 22,626 barley accessions from the German Federal ex situ GenBank. By integrating our unpublished data, we curated a dataset consisting of 1081 barley accessions with 42,520 SNPs genotyped by the 50 K iSelect SNP Array, referred to as BarleyI. Additionally, we obtained a GBS SNP matrix of 1,297 barley accessions from the IPK data repository, referred to as BarleyII [10]. We merged two different datasets by using a shared sample set of 1081 barley accessions. The resulting combined dataset, designated Barley I & II, contains a total of 185,508 SNPs. The soybean dataset comprises 817 soybean accessions with 158,959 SNPs, including 77 parental lines, 169 nonparental lines, and 571 progenies. Genotyping was performed using the ZDX1 array genotyping platform [36]. The wheat genotypic dataset consists of 178,803 SNPs and includes genotypic information for 271 Chinese wheat landraces that were genotyped using the 660 K wheat SNP array [37]. We extracted genotypic information from 453 high-coverage rice accessions obtained from the 3,000 Rice Genome Project [38]. The maize genotypic dataset includes genotype information from 1,210 maize lines based on whole-genome sequencing data, comprising approximately 83 million raw SNPs. The data were downloaded from the maize HapMapV3 study [39]. Data preprocessing Heterozygous sites were treated as missing data and processed using BCFtools version 1.10.2 [40]. Genotype imputation of missing sites was performed using FILLIN with default parameters [41]. Sample and SNP filtration as well as LD-based SNP pruning were performed using PLINK version 1.90 [42]. Polymorphism analysis In this study, the Shannon indices [43] and PIC values [44] were calculated using the following formulas. $$H = - \sum _{i = 1}^n{P_i}ln\left( {{P_i}} \right)$$ (1) where H is the diversity index, n is the population size and Pi is the frequency of the combined haplotypes. $$PIC = 1 - \sum _{i = 1}^n{P_i}^2$$ (2) $$PIC = 1 - \sum _{i = 1}^n{P_i}^2 - \sum _{i = 1}^{n - 1}\sum _{j = i + 1}^n2{P_i}^2{P_j}^2$$ (3) where n is the population size and Pi and Pj are the frequencies of two SNP alleles among all samples. Equation 2 suggests the simplified formula, while Eq. 3 suggests the full formula for PIC calculation. Genetic diversity analysis Allele counts and frequencies and IBS information were calculated by PLINK version 1.90 [42]. LD estimation was measured as parameter r2 with a maximum distance of 10 Mb using PopLDdecay version 3.40 [45]. A Mantel test for correlation between distance matrices was performed using an in-house python script [46]. Principal component analysis (PCA) of the barley samples was performed using EIGENSOFT/smartPCA software version 6.1.4 [47]. All figures were generated using R software version 4.1.2 using the packages ggplot [48] and RIdeogram [49]. Data availability The CoreSNP pipeline was developed using the Python programming language and accepts compressed Variant Call Format (VCF) files or uncompressed VCF files as input. The cost-free program is readily executed from the command line, relying on specific dependencies, such as Python (version 3.6 or higher), Numpy and PLINK 1.9. Both the source code and the essential dependencies are accessible on GitHub (https://github.com/admy55/CoreSNP) or Gitee (https://gitee.com/admy55/CoreSNP). Results Performance test of the CoreSNP pipeline Initially, imputation and filtration were performed on the raw dataset. Samples with a genotype missing rate of 0.5 and SNPs with a missing rate of 0.2 were removed. The final datasets used for testing the pipeline are shown in Table S2. Using default parameters, the pipeline successfully differentiated 1081 barley samples using 21 core SNPs, 1297 barley samples using 32 core SNPs, a merged dataset of 1081 barley samples using 19 SNPs, 800 soybean varieties using 52 SNPs, 271 wheat varieties using 24 SNPs, 453 rice accessions using 18 SNP markers, and 1206 maize varieties using 60 SNPs (Fig. 3, Table S2). The data represent the minimum set of markers obtained after running the pipeline ten times (Other results are not shown). We compared CoreSNP with a Random Selection (RS) method using the Barley I & II dataset to evaluate their performance in selecting core SNPs. In the RS process, two markers were randomly selected from the long and short arms of each chromosome, forming a combination of 28 SNPs with aMAF greater than 0.3 (RS1) and MAF greater than 0.4 (RS2). After 20 iterations of selection, the randomly selected 28 SNPs from RS1 and RS2 identified accessions ranging from 977 to 1061. Through saturation curve analysis, we found that the CoreSNP approach exhibited significantly higher efficiency in SNP selection than the RS method, as it efficiently identified the same number of germplasms with a smaller set of selected SNPs (Fig. S1). Characteristics of the core SNPs selected from different datasets To assess the utility of the core SNPs, we calculated the genetic diversity parameters, including MAF and PIC, as indicators of the markers discriminatory ability. Values closer to 0.5 for MAF and 0.375 (depending on the formula) for PIC of biallelic markers indicate better discriminatory properties. The results showed that more than 70% of the core SNPs had an MAF greater than 0.3 and PIC greater than 0.35, except for the soybean dataset (Fig. S2). In the case of the soybean and maize datasets, there are 6 and 8 markers, respectively, with a minor allele frequency (MAF) below 0.1. These markers were specifically chosen to distinguish individuals with high genetic similarity. Notably, all markers selected from the Barley I & II dataset exhibited MAF values greater than 0.3 and PIC values greater than 0.35, except for two markers located on chromosome 1 H and chromosome 5 H, which displayed MAF values of 0.23 and 0.19, respectively. The 24 core markers were cover 13 chromosomes in the wheat genome, and in addition to these, the selected markers are distributed across nearly every chromosome in the genome. The majority of the core SNPs were not located in close proximity to each other, suggesting a lower LD distance between them (Supplementary Data 2). Genetic diversity analysis of the test datasets Significant variations were noted in the count of the ultimate core sets during the evaluation of the CoreSNP pipeline across different datasets. To investigate the drivers underlying these disparities, we assessed several factors, encompassing MAF, missing rate, linkage disequilibrium decay distance (LDD), and identity by state (IBS) information utilizing the test dataset (Fig. 4). No specific regularity was observed in the distribution of MAF or missing rate in soybean experiments (Fig. 4A-B). However, the soybean dataset exhibited a slower LD decay and consisted of 817 individuals, including both parental populations and their descendants (Fig. 4C). Finally, 52 markers capable of differentiating 800 samples were selected. In contrast, the maize dataset with a faster LD decay exhibited a higher missing rate and rare genetic variations. Approximately 28% of the SNPs exhibited missing rates between 0.05 and 0.2, and 20% of the SNPs had an MAF below 0.01. Consequently, during the process of selecting core SNPs in maize, we initially selected 26 markers to form the primary core, which was later expanded to include 60 SNPs after accounting for missing loci. The wheat and barley I dataset showed a relatively uniform pattern in MAF distribution (Fig. 4A). However, the wheat dataset exhibited a higher proportion of markers with missing rates ranging from 0.05 to 0.2, slower LD decay and higher IBS peaks compared to the barley dataset (Fig. 4B-D). Consequently, the efficiency of core SNP selection was found to be lower in the wheat dataset. Under similar conditions, we were able to distinguish 1081 barley samples using 21 core markers, whereas only 271 wheat samples could be differentiated using 24 core markers (see Table S2). Overall, both the genetic diversity of the population and the specific characteristics of the sequencing data significantly influence the number of core markers. Flexible application of CoreSNP for barley accessions The fertility of spikelet florets, commonly referred to as row type, and the presence or absence of grain hulls are two crucial infraspecific morphological traits in barley. In this study, we assessed the feasibility of the CoreSNP pipeline with three SNP markers (rs7_527405910 on chromosome 7 H, JHI-Hv50k-2016-107445 on chromosome 2 H, and JHI-Hv50k-2016-230985 on chromosome 4 H) that are tightly linked to these two traits as included markers for core SNP selection. By establishing a criterion of a minimum of at least two markers distinguishing each pair of samples, we successfully identified 31 core SNP markers that differentiated 1081 barley samples using the merged dataset. These core SNP markers were distributed across all seven chromosomes (Fig. S3). The genetic structure of 1081 barley collections was analyzed using both the core SNP set and the complete set of genome-wide SNPs. Principal component analysis (PCA) revealed that some samples with relatively distant genetic distances within three clusters were still well separated along the PC1 and PC2 dimensions. This observation highlights that the core SNPs capture a certain level of the original population structure (Fig. S4). The correlation coefficient (r) values of 0.4024 indicate a significant correlation between the genetic distance matrices of the core SNP panels and the total genome-wide SNPs. This affirms the robustness and reliability of our core SNP selection process (Table S10). Discussion Development of the CoreSNP pipeline Appraising the discriminatory power of loci combinations is a necessary step in marker screening [50]. When assessing the performance of multiple loci combinations, MAF values have shown lower sensitivity compared to PIC values and the Shannon Diversity index, as demonstrated through statistical analysis. In the case of the frequency distribution presented in Table S11, it was observed that the Shannon index displayed a similar trend to that of the complete PIC formula. However, the computational complexity associated with calculating the full PIC formula is relatively higher than that associated with calculating the Shannon index, especially as the diversity of loci combinations expands. In addition, we conducted a comparative analysis with the Conditional Random Selection (CRS) method using the data released in their research [34]. The results demonstrate that, for the same fractal dataset, our approach can differentiate 1000 samples with 44 SNPs, while the CRS method requires 54 59 SNPs. Additionally, due to the random sampling nature of their method, the final number of labels exhibited significant fluctuations. Furthermore, it was noted that their method has limitations in handling missing data. Thus, in the present study, we introduced CoreSNP, an screening pipeline that utilizes the Shannon index to create core sets of SNPs. Overall, the pipeline initiates from the input VCF dataset and proceeds through a fast and thorough process. CoreSNP achieved discrimination of over 1000 barley samples in just five minutes of runtime on our machine (OS: Windows 11, CPU: Intel Core i7-9850 H 2.6 GHz, RAM: 32 GB), outperforming other traditional methods [31, 32, 34]. Polymorphic analysis of the core SNPs selected based on the different datasets The discrimination curve of the markers was plotted based on the haplotype count obtained at each step (Fig. 2). This curve demonstrated that the SNP panels generated by this pipeline possess a remarkable discriminatory capacity. The selected core SNP markers distinguished 100% of the test collections, with the exception of 17 soybean samples and two maize samples. This discrepancy in these samples can be attributed to the MAF filtration applied to the raw dataset obtained from public sources. These particular samples represent closely related accessions, as evidenced by the calculated identical by state (IBS) information, where pairs of samples exhibited an IBS value of 1. The selected core SNPs exhibited a high degree of polymorphism and were distributed across the genome. In fact, within the pipeline, the evaluation of an increase in haplotype numbers involved removing redundant linked markers, ensuring that adjacent pairs of SNPs were not positioned too closely to each other. The number of core SNPs is influenced by the genetic diversity of different populations. However, it is also significantly influenced by the missing rate in the original dataset. In terms of population structure, certain closely related samples are still unable to be distinctly separated in the reduced-dimensional data. This limitation could be attributed to the insufficient number of markers in comparison to the original dataset, which hindered their ability to adequately capture the genetic variations present. Applications of CoreSNP pipeline in the future The cost of genome sequencing tools remains high for routine large-scale germplasm identification. However, with the development of low-density sequencing techniques, such as KASP and ARMS-PCR, our CoreSNP pipeline provides a cost-effective solution for germplasm identification and genetic relationship analysis. By constructing a reference library using a combination of core SNP alleles (haplotypes), it becomes possible to establish a comprehensive catalog of DNA profiles and DNA fingerprints for each accession. This will greatly facilitate the analysis of variety traceability and genetic backgrounds. However, it is important to note that this reference library is not a one-size-fits-all solution, thereby necessitating additional efforts in collecting more genotypes. Moreover, these SNPs can also be utilized for parent combination selection and progeny screening during the breeding process, thus enhancing breeding efficiency and precision. Additionally, the processing of many samples inevitably introduces the issue of sample mix-up. It becomes challenging when samples contain mixtures with few identifiable characteristics. The combination of genetic profiles and core SNP alleles can be used to identify accidental sample mix-ups, ensuring the authenticity and purity of seeds. In summary, the CoreSNP pipeline takes into account sequencing platform constraints and user-specific preferences. By potentially saving time and reducing costs, it simplifies and streamlines the process of genomic identification. This tool will serve as a valuable foundation for modern breeding efforts and future germplasm management and preservation endeavors. Conclusion In conclusion, we developed the CoreSNP pipeline for evolution of the discrimination power of SNP combinations. We validated it using diverse genotype files from various crops and found that it exhibited high efficiency. This tool can be efficiently used for selecting core SNPs capable of representing genome-wide variation to identify similarity and redundancy within germplasm resources. Data Availability The original contributions presented in the study are included in the article and Supplementary materials. References Korir NK, Han J, Shangguan LF, Wang C, Kayesh E, Zhang YY, Fang JG. Plant variety and cultivar identification: advances and prospects. Crit Rev Biotechnol. 2013;33(2):111 25. Article PubMed Google Scholar He SP, Sun GF, Geng XL, Gong WF, Dai PH, Jia YH, Shi WJ, Pan ZE, Wang JD, Wang LY, et al. The genomic basis of geographic differentiation and fiber improvement in cultivated cotton. Nat Genet. 2021;53(6):916 24. Article PubMed CAS Google Scholar Couasnet G, Abidine MZE, Laurens F, Dutagaci H, Rousseau D. Machine learning meets distinctness in variety testing. 2021 IEEE/CVF International Conference on Computer Vision Workshops (ICCVW). 2021;1303 1311. Dreisigacker S, Sharma RK, Huttner E, Karimov A, Obaidi MQ, Singh PK, Sansaloni C, Shrestha R, Sonder K, Braun HJ. Tracking the adoption of bread wheat varieties in Afghanistan using DNA fingerprinting. BMC Genomics. 2019;20(1):660. Article PubMed PubMed Central CAS Google Scholar Al-Samarai F, Al-Kazaz A. Molecular markers: an introduction and applications. Eur J Mol Biotechnol. 2015;9. Grover A, Sharma PC. Development and use of molecular markers: past and present. Crit Rev Biotechnol. 2016;36(2):290 302. Article PubMed CAS Google Scholar Elakhdar A, Kumamaru T, Qualset CO, Brueggeman RS, Amer K, Capo-chichi L. Assessment of genetic diversity in Egyptian barley (Hordeum vulgare L.) genotypes using SSR and SNP markers. Genet Resour Crop Evol. 2018;65(7):1937 51. Article Google Scholar De Beukelaer H, Davenport GF, Fack V. Core Hunter 3: flexible core subset selection. BMC Bioinf. 2018;19(1):203. Article Google Scholar Song QJ, Hyten DL, Jia GF, Quigley CV, Fickus EW, Nelson RL, Cregan PB. Fingerprinting soybean germplasm and its utility in genomic research. G3 (Bethesda). 2015;5(10):1999 2006. Article PubMed Google Scholar Milner SG, Jost M, Taketa S, Maz n ER, Himmelbach A, Oppermann M, Weise S, Kn pffer H, Basterrechea M, K nig P, et al. Genebank genomics highlights the diversity of a global barley collection. Nat Genet. 2019;51(2):319 26. Article PubMed CAS Google Scholar Jaiswal S, Sheoran S, Arora V, Angadi UB, Iquebal MA, Raghav N, Aneja B, Kumar D, Singh R, Sharma P, et al. Putative microsatellite DNA marker-based wheat genomic resource for Varietal Improvement and Management. Front Plant Sci. 2017;8:2009. Article PubMed PubMed Central Google Scholar Wang YY, Lv HK, Xiang XH, Yang AG, Feng QF, Dai PG, Li Y, Jiang X, Liu GX, Zhang XW. Construction of a SNP Fingerprinting Database and Population Genetic Analysis of Cigar Tobacco Germplasm Resources in China. Front Plant Sci. 2021;12:618133. Article PubMed PubMed Central Google Scholar Portis E, Lanteri S, Barchi L, Portis F, Valente L, Toppino L, Rotino GL, Acquadro A. Comprehensive characterization of simple sequence repeats in Eggplant (Solanum melongena L.) Genome and Construction of a web resource. Front Plant Sci. 2018;9:401. Article PubMed PubMed Central Google Scholar Kimura T, Sugisawa T, Taira M. International Union for the Protection of New varieties of plants. Report on Developments of a Software Tool for Marker Selection Using the Traveling Salesman Algorithm; 2019. International Union for the Protection of New Varieties of Plants. Guidelines for DNA-Profiling: Molecular Marker Selection and Database Construction ( BMT Guidelines ) 2020. Schulthess AW, Kale SM, Liu F, Zhao Y, Philipp N, Rembe M, Jiang Y, Beukert U, Serfling A, Himmelbach A, et al. Genomics-informed prebreeding unlocks the diversity in genebanks for wheat improvement. Nat Genet. 2022;54(10):1544 52. Article PubMed CAS Google Scholar Hiremath PJ, Kumar A, Penmetsa RV, Farmer A, Schlueter JA, Chamarthi SK, Whaley AM, Carrasquilla-Garcia N, Gaur PM, Upadhyaya HD, et al. Large-scale development of cost-effective SNP marker assays for diversity assessment and genetic mapping in chickpea and comparative mapping in legumes. Plant Biotechnol J. 2012;10(6):716 32. Article PubMed PubMed Central CAS Google Scholar Zeng XQ, Guo Y, Xu QJ, Mascher M, Guo GG, Li SC, Mao LK, Liu QF, Xia ZF, Zhou JH, et al. Origin and evolution of qingke barley in Tibet. Nat Commun. 2018;9(1):5433. Article PubMed PubMed Central CAS Google Scholar Pankin A, Altm ller J, Becker C, von Korff M. Targeted resequencing reveals genomic signatures of barley domestication. New Phytol. 2018;218(3):1247 59. Article PubMed PubMed Central CAS Google Scholar Broccanello C, Chiodi C, Funk A, McGrath JM, Panella L, Stevanato P. Comparison of three PCR-based assays for SNP genotyping in plants. Plant Methods. 2018;14:28. Article PubMed PubMed Central Google Scholar Shikari AB, Najeeb S, Khan G, Mohidin FA, Shah AH, Nehvi FA, Wani SA, Bhat NA, Waza SA, Subba Rao LV, et al. KASP based markers reveal a population sub-structure in temperate rice (Oryza sativa L.) germplasm and local landraces grown in the Kashmir valley, north-western Himalayas. Genet Resour Crop Evol. 2020;68(3):821 34. Article Google Scholar Sejake T, Shargie N, Christian R, Amelework AB, Tsilo TJ. Genetic diversity in sorghum (Sorghum bicolor L. Moench) accessions using SNP based Kompetitive "
13501,Online training course on Human Centered Design: Where People Power Innovation for Exceptional Impact,"This course is an introduction to integrating Human-Centered Design (HCD) into a project. The course modules will show the steps involved in planning for research, ideation, and testing that puts the innovation users at the center  of innovation development.","The following text section comes from a specific evidence file named URL https://learn.eia.cgiar.org/course/view.php?id=166: ""You are currently using guest access | Login/Register Login to your account Don't have an account? Sign up! Human-Centered Design: Where People Power Innovation for Exceptional Impact Home Courses Research Development and Methodologies Human-Centered Design: Where People Power Innovation for Exceptional Impact Enrolment options Skip to main content Enrolment options Research Development and Methodologies Preview Course Research Development and Methodologies Human-Centered Design: Where People Power Innovation for Exceptional Impact This course is an introduction to integrating Human-Centered Design (HCD) into your project. Throughout this course, we will show you the steps involved in planning for research, ideation, and testing - Because putting users first leads to innovations that truly work! You must have a registered account to enroll in this course. After registering, click the ""Enroll Me"" button below. 1 Contact Us IITA Kenya ICIPE Office P.O. Box 30772 - 00100 +234 2 700800IITA EIA@cgiar.org Connect with Us Go to: EiA Website myEiA Events CASH Copyright 2024 by Excellence in Agronomy Close menu""","Online training course on Human Centered Design: Where People Power Innovation for Exceptional Impact This course is an introduction to integrating Human-Centered Design (HCD) into a project. The course modules will show the steps involved in planning for research, ideation, and testing that puts the innovation users at the center  of innovation development. The following text section comes from a specific evidence file named URL https://learn.eia.cgiar.org/course/view.php?id=166: ""You are currently using guest access | Login/Register Login to your account Don't have an account? Sign up! Human-Centered Design: Where People Power Innovation for Exceptional Impact Home Courses Research Development and Methodologies Human-Centered Design: Where People Power Innovation for Exceptional Impact Enrolment options Skip to main content Enrolment options Research Development and Methodologies Preview Course Research Development and Methodologies Human-Centered Design: Where People Power Innovation for Exceptional Impact This course is an introduction to integrating Human-Centered Design (HCD) into your project. Throughout this course, we will show you the steps involved in planning for research, ideation, and testing - Because putting users first leads to innovations that truly work! You must have a registered account to enroll in this course. After registering, click the ""Enroll Me"" button below. 1 Contact Us IITA Kenya ICIPE Office P.O. Box 30772 - 00100 +234 2 700800IITA EIA@cgiar.org Connect with Us Go to: EiA Website myEiA Events CASH Copyright 2024 by Excellence in Agronomy Close menu"""
13506,Online training course for researchers and extension agents  on building climate resilience of rainfed systems through agricultural water management,"The online training course enables participants to learn climate-smart agriculture, ensuring resilient food systems and sustainable livelihoods","The following text section comes from a specific evidence file named URL https://learn.eia.cgiar.org/enrol/index.php?id=170: ""Cultivating Agronomic Knowledge, Growing Success Skip to main content Skip to create new account Cookies must be enabled in your browser Some courses may allow guest access Or Is this your first time here? For full access to this site, you first need to create an account.""","Online training course for researchers and extension agents  on building climate resilience of rainfed systems through agricultural water management The online training course enables participants to learn climate-smart agriculture, ensuring resilient food systems and sustainable livelihoods The following text section comes from a specific evidence file named URL https://learn.eia.cgiar.org/enrol/index.php?id=170: ""Cultivating Agronomic Knowledge, Growing Success Skip to main content Skip to create new account Cookies must be enabled in your browser Some courses may allow guest access Or Is this your first time here? For full access to this site, you first need to create an account."""
13660,Rice Sustaibility Hub,"The Rice Sustainability Hub hosts resources, tools and templates to support project developers and validation and verification bodies (VVBs) seeking to develop and validate projects that reduce methane emission from rice cultivation. The hub focuses on promoting sustainable rice activities in Vietnam with selected documents also made available in Vietnamese. Many of the resources and tools are also relevant for projects located in other countries.","The following text section comes from a specific evidence file named URL https://globalgoals.goldstandard.org/rice-sustainability-hub/: ""The Rice Sustainability Hub hosts resources, tools and templates to support project developers and validation and verification bodies (VVBs) seeking to develop and validate projects that reduce methane emission from rice cultivation. The hub focuses on promoting sustainable rice activities in Vietnam with selected documents also made available in Vietnamese. Many of the resources and tools are also relevant for projects located in other countries. This hub was developed through a partnership between the International Rice Research Institute (IRRI) and the Australian Department of Foreign Affairs and Trade (DFAT) through the Business Partnerships Platform. The partnership aims to scale carbon market access for sustainable rice producers in Vietnam. Gold Standard and IRRI invite feedback and suggestions from all stakeholders on the resources hosted on the Rice Sustainability Hub. General feedback can be submitted through this form. For more detailed feedback, including on specific resources, please get in touch at help@goldstandard.org. Submit your feedback The Rice Sustainability Hub will be updated periodically to reflect user feedback and to include additional resources. PARTNERS Why reducing methane emissions from rice cultivation matters Rice is the world s most important staple food crop, helping to feed over four billion people and providing a livelihood for about 150 million smallholder farmers. Rice production is also a significant source of greenhouse gas emissions. Globally, around 2% of global greenhouse gas emissions are produced by growing rice. This is roughly equivalent to the emissions from international aviation. Most of the emissions associated with rice production are methane, which is produced when organic matter decomposes in flooded rice fields without access to oxygen. The Global Methane Pledge, launched at COP26 in November 2021 to catalyse action to reduce methane emissions, has set a commitment to reduce methane emissions by at least 30% below 2020 levels by 2030. Expanding low-emissions rice production will be important in reaching this goal. Demo video Watch the Demo Video on how navigate this Hub. WATCH DEMO CONTENTS Stakeholders Resources for PDs Resources for VVBs Standard Documents Mandatory Requirements Optional Requirements Methodology Tools and Templates Additional information Sale of credits Additional resources Further support RESOURCES FOR PROJECT DEVELOPERS The following resources are provided to support project developers to implement activities under the Gold Standard rice methodology. GUIDANCE Rice Methodology Summary Guidance note on key features of the rice methodology VIETNAMESE VERSION T m T t Ph ng Ph p GUIDANCE A step-by-step guide to certifying projects with Gold Standard VIETNAMESE VERSION H ng D n T ng B c Quy Tr nh Ch ng Nh n GUIDANCE Programme of Activities Summary PoAs under Gold Standard relevancy for sustainable rice projects GUIDANCE Guidance for applying the SDG Impact Tool for a low-emissions rice project VIETNAMESE VERSION H ng d n d nh cho ho t ng d n p d ng ph ng ph p lu n Gold Standard trong canh t c l a FAQS Gold Standard maintains an up-to-date list of frequently asked questions related to the rice methodology. FAQS VVBS LIST The following VVBs are currently accredited to validate and verify low-emissions rice projects under Gold Standard LIST FEES Fee Schedule FEES APPS Gold Standard Impact Registry IMPACT REGISTRY APPS Gold Standard Assurance Platform ASSURANCE PLATFORM Examples of completed documentation for projects listed and certified under the rice methodology can be accessed through the Gold Standard Impact Registry. STANDARD DOCUMENTS Mandatory requirements Project developers seeking Gold Standard certification for rice cultivation projects must also comply with the following key documents: Core documents Principles & Requirements Stakeholder Consultation and Engagement Requirements Safeguarding Principles and Requirements Gender Equality Requirements and Guidelines Activity Requirements Land-Use & Forest Activity Requirements GHG Emissions Reductions and Sequestration Product Requirements Optional RequirementS Project developers seeking to transition projects from other crediting programmes to Gold Standard shall also comply with the Transition Procedure to Transition Projects from Other Standards to Gold Standard for the Global Goals. Optional Requirements Transition Procedure to Transition Projects from Other Standards to Gold Standard for the Global Goals. Programme of Activities Requirements and Procedures. A new methodology for low-emissions rice In July 2023, Gold Standard introduced a new methodology for Methane Emission Reduction by Adjusted Water Management Practice in Rice Cultivation. This methodology is applicable to measures that reduce anaerobic decomposition of organic matter in rice-cropping soils. It has been adapted from the small-scale CDM methodology AMS-III.AU Methane emission reduction by adjusted water management practice in rice cultivation Version 4.0. It is aligned with recent Intergovernmental Panel on Climate Change (IPCC) guidelines and can be applied to large-, small-, or micro-scale projects or Programme of Activities. Gold Standard held a webinar to share further information on the new rice methodology and to answer questions from stakeholders. WEBINAR RECORDING Methodology Methane Emission Reduction by Adjusted Water Management Practice in Rice Cultivation Tools and Templates The following tools and templates are provided to support project developers to implement activities under the rice methodology. Templates Pre-filled Project Design Document The prefilled Project Design Document (PDD) provides information relevant for projects implemented under the rice methodology. The text presented in the pre-filled PDD is not prescriptive and is only for illustrative purposes Pre-filled Programme of Activity Design Document The pre-filled Programme of Activity (PoA) Design Document (PoA-DD) provides information relevant for PoAs implementing the rice methodology. The text presented in the pre-filled PoA-DD is not prescriptive and is only for illustrative purposes Pre-filled Voluntary Project Activity Design Document The pre-filled Voluntary Project Activity (VPA) Design Document (VPA-DD) provides information relevant for VPAs implementing the rice methodology. The text present in the pre-filled VPA-DD is not prescriptive and is only for illustrative purposes Tools Emission Reduction Calculation Tool An Excel-based tool to calculate emission reductions from sustainable rice projects, which can be used by project developers applying the Methodology Methane Emission Reduction by Adjusted Water Management Practice in Rice Cultivation. SUPPORTING DEMO VIDEO Step-by-step video guidance on how to use the Excel-based emission reduction calculation tool for three example project scenarios RESOURCES FOR VALIDATION AND VERIFICATION BODIES WEBINAR Gold Standard held a training session for accredited VVBs on validating and verifying projects under the Rice methodology. RECORDED 2 May 2024 PLAYBACK TOOL Gold Standard has produced a checklist to support VVBs when validating projects under the rice methodology. CHECKLIST VVB LIST The following VVBs are currently accredited to validate and verify low-emissions rice projects under Gold Standard. VVBs LIST SALE OF CREDITS GUIDANCE Sources of finance for sustainable rice projects This guidance provides a high-level assessment of potential forms of carbon and climate finance available to support carbon market activities in the rice sector, and specifically in Vietnam. There are multiple ways for project developers to sell credits in order to raise carbon finance for the implementation of activities. These include those listed below. Direct purchase Some companies seek to purchase carbon credits directly from project developers. They may seek emission reduction purchase agreements early in a project s development, through which the company secures the right to purchase future credits at a pre-agreed price. Accredited service providers Some companies purchase carbon credits through service providers, who support companies with emission reduction services as well as their purchase of carbon credits. The International Carbon Offsetting and Reduction Alliance (ICROA) operates an accreditation programme to uphold good practice among service providers, with accredited organisations listed here. Marketplaces Carbon credit marketplaces provide a platform for individuals or organisations to purchase carbon credits either directly from project developers, or from intermediary holders of carbon credits. Credits are typically sold at a fixed price through such marketplaces, set by the seller. Gold Standard operates a Marketplace available to any project developer that has available credits issued to a Gold Standard-certified project. Other established marketplaces include: Cloverly Patch Salesforce Exchanges Exchanges provide a platform for organisations to buy and sell carbon credits, either through the sale of batches of credits from an individual project, or through standardized contracts. Established carbon credit exchanges include: AirCarbon Exchange Carbon Trade Xchange CBL Climate Impact X ICE In recent years there has been a growth in national exchanges for the sale of carbon credits, alongside international exchanges such as those listed above. Article 6 cooperation An increasing number of governments are entering into bilateral agreements to transfer mitigation outcomes under Article 6 of the Paris Agreement. Under some of these bilateral agreements, governments or entities acting on their behalf seeking to acquire mitigation outcomes are publicly procuring for projects that can deliver mitigation outcomes for use towards the acquiring country s Nationally Determined Contribution (NDC). An overview from IETA of announced bilateral agreements between governments, including those involving the Government of Vietnam, can be accessed here. ADDITIONAL RESOURCES International Rice Research Institute The International Rice Research Institute (IRRI) provides an extensive range of solutions and offerings to empower stakeholders in the rice value chain, including through research, capacity building and innovative tools and technologies for farmers. The following resources may be useful for developers of rice projects and other stakeholders: 1) Technical guidance and policy documents for rice projects This document compiled by IRRI comprises sources of relevant information that could be used by potential project developers of rice projects. The first table lists documents and tools providing technical guidance on rice projects, e.g. on mitigation technologies and GHG calculation tools. The second table lists policy documents that directly or indirectly affect rice projects in the Vietnamese context. 2) Vietnamese stakeholders for rice projects This list of stakeholders compiled by IRRI provides contact information of institutions that could be of interest for developing rice projects in Vietnam. The stakeholders are grouped into (i) government agencies, (ii) research institutes, (iii) international organizations, and (iv) private sector companies. Additional knowledge products, including Vietnam-specific resources, are available on IRRI s website. Government policies and regulations In 2022, the Government of Vietnam published an updated NDC (available here). The NDC provides information on planned mitigation measures to achieve Vietnam s national targets, including in rice cultivation. Gold Standard has released a new carbon market regulations tracker, increasing visibility on regulations across continents for project developers, governments, and other market actors. The tracker is intended to support greater awareness and understanding of an increasing number of regulations globally, in order to enable compliance, inform decision-making and allow the identification of trends and best practice. Webinar: Carbon Market Regulations Tracker Report AI for Sustainable Rice: How Artificial Intelligence Could Lower Barriers to Access Carbon Finance The report assesses where artificial intelligence (AI) could be applied to support at different stages of the development process for a low-emissions rice activity, together with a demonstration of one of the AI applications in an area of the Mekong River Delta, Vietnam. FURTHER SUPPORT If you would like further technical support or guidance from the Gold Standard Secretariat, including support with the use of any of the tools or templates provided on this platform, please contact help@goldstandard.org.""","Rice Sustaibility Hub The Rice Sustainability Hub hosts resources, tools and templates to support project developers and validation and verification bodies (VVBs) seeking to develop and validate projects that reduce methane emission from rice cultivation. The hub focuses on promoting sustainable rice activities in Vietnam with selected documents also made available in Vietnamese. Many of the resources and tools are also relevant for projects located in other countries. The following text section comes from a specific evidence file named URL https://globalgoals.goldstandard.org/rice-sustainability-hub/: ""The Rice Sustainability Hub hosts resources, tools and templates to support project developers and validation and verification bodies (VVBs) seeking to develop and validate projects that reduce methane emission from rice cultivation. The hub focuses on promoting sustainable rice activities in Vietnam with selected documents also made available in Vietnamese. Many of the resources and tools are also relevant for projects located in other countries. This hub was developed through a partnership between the International Rice Research Institute (IRRI) and the Australian Department of Foreign Affairs and Trade (DFAT) through the Business Partnerships Platform. The partnership aims to scale carbon market access for sustainable rice producers in Vietnam. Gold Standard and IRRI invite feedback and suggestions from all stakeholders on the resources hosted on the Rice Sustainability Hub. General feedback can be submitted through this form. For more detailed feedback, including on specific resources, please get in touch at help@goldstandard.org. Submit your feedback The Rice Sustainability Hub will be updated periodically to reflect user feedback and to include additional resources. PARTNERS Why reducing methane emissions from rice cultivation matters Rice is the world s most important staple food crop, helping to feed over four billion people and providing a livelihood for about 150 million smallholder farmers. Rice production is also a significant source of greenhouse gas emissions. Globally, around 2% of global greenhouse gas emissions are produced by growing rice. This is roughly equivalent to the emissions from international aviation. Most of the emissions associated with rice production are methane, which is produced when organic matter decomposes in flooded rice fields without access to oxygen. The Global Methane Pledge, launched at COP26 in November 2021 to catalyse action to reduce methane emissions, has set a commitment to reduce methane emissions by at least 30% below 2020 levels by 2030. Expanding low-emissions rice production will be important in reaching this goal. Demo video Watch the Demo Video on how navigate this Hub. WATCH DEMO CONTENTS Stakeholders Resources for PDs Resources for VVBs Standard Documents Mandatory Requirements Optional Requirements Methodology Tools and Templates Additional information Sale of credits Additional resources Further support RESOURCES FOR PROJECT DEVELOPERS The following resources are provided to support project developers to implement activities under the Gold Standard rice methodology. GUIDANCE Rice Methodology Summary Guidance note on key features of the rice methodology VIETNAMESE VERSION T m T t Ph ng Ph p GUIDANCE A step-by-step guide to certifying projects with Gold Standard VIETNAMESE VERSION H ng D n T ng B c Quy Tr nh Ch ng Nh n GUIDANCE Programme of Activities Summary PoAs under Gold Standard relevancy for sustainable rice projects GUIDANCE Guidance for applying the SDG Impact Tool for a low-emissions rice project VIETNAMESE VERSION H ng d n d nh cho ho t ng d n p d ng ph ng ph p lu n Gold Standard trong canh t c l a FAQS Gold Standard maintains an up-to-date list of frequently asked questions related to the rice methodology. FAQS VVBS LIST The following VVBs are currently accredited to validate and verify low-emissions rice projects under Gold Standard LIST FEES Fee Schedule FEES APPS Gold Standard Impact Registry IMPACT REGISTRY APPS Gold Standard Assurance Platform ASSURANCE PLATFORM Examples of completed documentation for projects listed and certified under the rice methodology can be accessed through the Gold Standard Impact Registry. STANDARD DOCUMENTS Mandatory requirements Project developers seeking Gold Standard certification for rice cultivation projects must also comply with the following key documents: Core documents Principles & Requirements Stakeholder Consultation and Engagement Requirements Safeguarding Principles and Requirements Gender Equality Requirements and Guidelines Activity Requirements Land-Use & Forest Activity Requirements GHG Emissions Reductions and Sequestration Product Requirements Optional RequirementS Project developers seeking to transition projects from other crediting programmes to Gold Standard shall also comply with the Transition Procedure to Transition Projects from Other Standards to Gold Standard for the Global Goals. Optional Requirements Transition Procedure to Transition Projects from Other Standards to Gold Standard for the Global Goals. Programme of Activities Requirements and Procedures. A new methodology for low-emissions rice In July 2023, Gold Standard introduced a new methodology for Methane Emission Reduction by Adjusted Water Management Practice in Rice Cultivation. This methodology is applicable to measures that reduce anaerobic decomposition of organic matter in rice-cropping soils. It has been adapted from the small-scale CDM methodology AMS-III.AU Methane emission reduction by adjusted water management practice in rice cultivation Version 4.0. It is aligned with recent Intergovernmental Panel on Climate Change (IPCC) guidelines and can be applied to large-, small-, or micro-scale projects or Programme of Activities. Gold Standard held a webinar to share further information on the new rice methodology and to answer questions from stakeholders. WEBINAR RECORDING Methodology Methane Emission Reduction by Adjusted Water Management Practice in Rice Cultivation Tools and Templates The following tools and templates are provided to support project developers to implement activities under the rice methodology. Templates Pre-filled Project Design Document The prefilled Project Design Document (PDD) provides information relevant for projects implemented under the rice methodology. The text presented in the pre-filled PDD is not prescriptive and is only for illustrative purposes Pre-filled Programme of Activity Design Document The pre-filled Programme of Activity (PoA) Design Document (PoA-DD) provides information relevant for PoAs implementing the rice methodology. The text presented in the pre-filled PoA-DD is not prescriptive and is only for illustrative purposes Pre-filled Voluntary Project Activity Design Document The pre-filled Voluntary Project Activity (VPA) Design Document (VPA-DD) provides information relevant for VPAs implementing the rice methodology. The text present in the pre-filled VPA-DD is not prescriptive and is only for illustrative purposes Tools Emission Reduction Calculation Tool An Excel-based tool to calculate emission reductions from sustainable rice projects, which can be used by project developers applying the Methodology Methane Emission Reduction by Adjusted Water Management Practice in Rice Cultivation. SUPPORTING DEMO VIDEO Step-by-step video guidance on how to use the Excel-based emission reduction calculation tool for three example project scenarios RESOURCES FOR VALIDATION AND VERIFICATION BODIES WEBINAR Gold Standard held a training session for accredited VVBs on validating and verifying projects under the Rice methodology. RECORDED 2 May 2024 PLAYBACK TOOL Gold Standard has produced a checklist to support VVBs when validating projects under the rice methodology. CHECKLIST VVB LIST The following VVBs are currently accredited to validate and verify low-emissions rice projects under Gold Standard. VVBs LIST SALE OF CREDITS GUIDANCE Sources of finance for sustainable rice projects This guidance provides a high-level assessment of potential forms of carbon and climate finance available to support carbon market activities in the rice sector, and specifically in Vietnam. There are multiple ways for project developers to sell credits in order to raise carbon finance for the implementation of activities. These include those listed below. Direct purchase Some companies seek to purchase carbon credits directly from project developers. They may seek emission reduction purchase agreements early in a project s development, through which the company secures the right to purchase future credits at a pre-agreed price. Accredited service providers Some companies purchase carbon credits through service providers, who support companies with emission reduction services as well as their purchase of carbon credits. The International Carbon Offsetting and Reduction Alliance (ICROA) operates an accreditation programme to uphold good practice among service providers, with accredited organisations listed here. Marketplaces Carbon credit marketplaces provide a platform for individuals or organisations to purchase carbon credits either directly from project developers, or from intermediary holders of carbon credits. Credits are typically sold at a fixed price through such marketplaces, set by the seller. Gold Standard operates a Marketplace available to any project developer that has available credits issued to a Gold Standard-certified project. Other established marketplaces include: Cloverly Patch Salesforce Exchanges Exchanges provide a platform for organisations to buy and sell carbon credits, either through the sale of batches of credits from an individual project, or through standardized contracts. Established carbon credit exchanges include: AirCarbon Exchange Carbon Trade Xchange CBL Climate Impact X ICE In recent years there has been a growth in national exchanges for the sale of carbon credits, alongside international exchanges such as those listed above. Article 6 cooperation An increasing number of governments are entering into bilateral agreements to transfer mitigation outcomes under Article 6 of the Paris Agreement. Under some of these bilateral agreements, governments or entities acting on their behalf seeking to acquire mitigation outcomes are publicly procuring for projects that can deliver mitigation outcomes for use towards the acquiring country s Nationally Determined Contribution (NDC). An overview from IETA of announced bilateral agreements between governments, including those involving the Government of Vietnam, can be accessed here. ADDITIONAL RESOURCES International Rice Research Institute The International Rice Research Institute (IRRI) provides an extensive range of solutions and offerings to empower stakeholders in the rice value chain, including through research, capacity building and innovative tools and technologies for farmers. The following resources may be useful for developers of rice projects and other stakeholders: 1) Technical guidance and policy documents for rice projects This document compiled by IRRI comprises sources of relevant information that could be used by potential project developers of rice projects. The first table lists documents and tools providing technical guidance on rice projects, e.g. on mitigation technologies and GHG calculation tools. The second table lists policy documents that directly or indirectly affect rice projects in the Vietnamese context. 2) Vietnamese stakeholders for rice projects This list of stakeholders compiled by IRRI provides contact information of institutions that could be of interest for developing rice projects in Vietnam. The stakeholders are grouped into (i) government agencies, (ii) research institutes, (iii) international organizations, and (iv) private sector companies. Additional knowledge products, including Vietnam-specific resources, are available on IRRI s website. Government policies and regulations In 2022, the Government of Vietnam published an updated NDC (available here). The NDC provides information on planned mitigation measures to achieve Vietnam s national targets, including in rice cultivation. Gold Standard has released a new carbon market regulations tracker, increasing visibility on regulations across continents for project developers, governments, and other market actors. The tracker is intended to support greater awareness and understanding of an increasing number of regulations globally, in order to enable compliance, inform decision-making and allow the identification of trends and best practice. Webinar: Carbon Market Regulations Tracker Report AI for Sustainable Rice: How Artificial Intelligence Could Lower Barriers to Access Carbon Finance The report assesses where artificial intelligence (AI) could be applied to support at different stages of the development process for a low-emissions rice activity, together with a demonstration of one of the AI applications in an area of the Mekong River Delta, Vietnam. FURTHER SUPPORT If you would like further technical support or guidance from the Gold Standard Secretariat, including support with the use of any of the tools or templates provided on this platform, please contact help@goldstandard.org."""
14352,Low-Carbon Footprint Rice Hybrid (IR139216H),"Hybrid rice cultivar, IR139216H, was identified with significantly  lesser methane emission in comparison to NSIC Rc 222 (inbred check). _x000D_
_x000D_
Several new two-line hybrids mature in 110 days and yield higher than 10 tons/ha with reduced methane emissions per unit yield per day in comparison to best  inbred varieties like NSIC Rc222._x000D_
 _x000D_
Higher yielding and shorter duration hybrids result in lower methane emissions on a per day basis. This type of materials are classified as low-carbon footprint hybrids.","The following text section comes from a specific evidence file named URL https://hrdc.irri.org/: ""Select Page Home Who we are About us Committees Advisory Committee Technical committee Members What we do Germplasm exchange Information sharing Demo Trial Results MRYT Results Hybrids Licensing Events Training Become a member News and Blogs Resources FAQs Dr. Jauhar Ali in PAG32 International Plant and Animal Genome Conference 10-15 January 2025 | San Diego, USA Learn more Dr. Jauhar Ali on APSA Seed Insights Asia and Pacific Seed Association (APSA) Watch the Video Gurdev Singh Khush: A Rice Breeder's Odyssey (Autobiography) Published by PAU Ludhiana Food Security Through Hybrid Rice Under Changing Climatic Conditions edited by Jauhar Ali Proceedings of the 7th IHRS (selected papers), Yogyakarta, Indonesia Download HRDC 2022 Annual Meeting in Pictures See selected images taken last 21-23 September 2022 at IRRi Headquarters in Laguna and at Central State University and PhilRice in Nueva Ecija. Go to Album IRRI Seed Tracker Track HRDC Seed Requests HRDC members can now easily get information on their seed requests through the IRRI Seed Tracking app. Just input your tracking number and get the Status, Airway Bill, and Dispatch Date. IRRI SEED TRACKER WEB APP NEW! Hybrids Licensing page Discover HRDC-developed hybrid varieties available for licensing exclusively for members Visit page IRRI signs marketing deal for 3 varieties of hybrid rice seed THE International Rice Research Institute (IRRI) said it signed a seven-year limited exclusive distribution license for its hybrid rice seed with Philippine company Tao Commodity Trader, Inc. (TCTI). Read more Rice Improvement Physiological, Molecular Breeding and Genetic Perspectives Edited by Jauhar Ali and Shabir Hussain Wani Learn more After the initial development and sharing of hybrid rice technology and many IRRI-bred CMS lines, I am sure that IRRI s revitalized Hybrid Rice Consortium is better equipped now to develop and provide the much-needed trait-specific parental lines to its members. The private sector is now better equipped to further jointly develop and spread the hybrids to improve stagnant productivity levels through the new rice hybrids. Dr. Ish Kumar President Research (Field Crops), Rasi Seeds (P) Ltd Hyderabad India Become a member PreviousNext 12345678910 Track HRDC Seed Requests Get the Status, Airway Bill, and Dispatch Date IRRI SEED TRACKER WEB APP What s in store for you in HRDC? Accelerated research progress obtained through full use of IRRI s resources, resulting in a wider range of traits and parental lines available Guided assessment of product performance to generate reliable data across test locations A sustainable funding mechanism to accelerate hybrid rice development work in areas where you can contribute the most Accelerated research progress obtained through full use of IRRI s resources, resulting in a wider range of traits and parental lines available Guided assessment of product performance to generate reliable data across test locations A sustainable funding mechanism to accelerate hybrid rice development work in areas where you can contribute the most Access IRRI s hybrid rice resources and avail membership benefits Be an HRDC member Access IRRI s hybrid rice resources and avail membership benefits Be an HRDC member Contact us Hybrid Rice Development Consortium International Rice Research Institute Los Ba os, Philippines Tel: +63 2 580 5600 or +63 2 845 0563 Fax: +63 2 580 5699 or +63 2 845 0606 hrdc@irri.org Related links IRRI.org IRRI Library Rice Knowledge Bank World Rice Statistics Publications All rights reserved Facebook X RSS""","Low-Carbon Footprint Rice Hybrid (IR139216H) Hybrid rice cultivar, IR139216H, was identified with significantly  lesser methane emission in comparison to NSIC Rc 222 (inbred check). _x000D_
_x000D_
Several new two-line hybrids mature in 110 days and yield higher than 10 tons/ha with reduced methane emissions per unit yield per day in comparison to best  inbred varieties like NSIC Rc222._x000D_
 _x000D_
Higher yielding and shorter duration hybrids result in lower methane emissions on a per day basis. This type of materials are classified as low-carbon footprint hybrids. The following text section comes from a specific evidence file named URL https://hrdc.irri.org/: ""Select Page Home Who we are About us Committees Advisory Committee Technical committee Members What we do Germplasm exchange Information sharing Demo Trial Results MRYT Results Hybrids Licensing Events Training Become a member News and Blogs Resources FAQs Dr. Jauhar Ali in PAG32 International Plant and Animal Genome Conference 10-15 January 2025 | San Diego, USA Learn more Dr. Jauhar Ali on APSA Seed Insights Asia and Pacific Seed Association (APSA) Watch the Video Gurdev Singh Khush: A Rice Breeder's Odyssey (Autobiography) Published by PAU Ludhiana Food Security Through Hybrid Rice Under Changing Climatic Conditions edited by Jauhar Ali Proceedings of the 7th IHRS (selected papers), Yogyakarta, Indonesia Download HRDC 2022 Annual Meeting in Pictures See selected images taken last 21-23 September 2022 at IRRi Headquarters in Laguna and at Central State University and PhilRice in Nueva Ecija. Go to Album IRRI Seed Tracker Track HRDC Seed Requests HRDC members can now easily get information on their seed requests through the IRRI Seed Tracking app. Just input your tracking number and get the Status, Airway Bill, and Dispatch Date. IRRI SEED TRACKER WEB APP NEW! Hybrids Licensing page Discover HRDC-developed hybrid varieties available for licensing exclusively for members Visit page IRRI signs marketing deal for 3 varieties of hybrid rice seed THE International Rice Research Institute (IRRI) said it signed a seven-year limited exclusive distribution license for its hybrid rice seed with Philippine company Tao Commodity Trader, Inc. (TCTI). Read more Rice Improvement Physiological, Molecular Breeding and Genetic Perspectives Edited by Jauhar Ali and Shabir Hussain Wani Learn more After the initial development and sharing of hybrid rice technology and many IRRI-bred CMS lines, I am sure that IRRI s revitalized Hybrid Rice Consortium is better equipped now to develop and provide the much-needed trait-specific parental lines to its members. The private sector is now better equipped to further jointly develop and spread the hybrids to improve stagnant productivity levels through the new rice hybrids. Dr. Ish Kumar President Research (Field Crops), Rasi Seeds (P) Ltd Hyderabad India Become a member PreviousNext 12345678910 Track HRDC Seed Requests Get the Status, Airway Bill, and Dispatch Date IRRI SEED TRACKER WEB APP What s in store for you in HRDC? Accelerated research progress obtained through full use of IRRI s resources, resulting in a wider range of traits and parental lines available Guided assessment of product performance to generate reliable data across test locations A sustainable funding mechanism to accelerate hybrid rice development work in areas where you can contribute the most Accelerated research progress obtained through full use of IRRI s resources, resulting in a wider range of traits and parental lines available Guided assessment of product performance to generate reliable data across test locations A sustainable funding mechanism to accelerate hybrid rice development work in areas where you can contribute the most Access IRRI s hybrid rice resources and avail membership benefits Be an HRDC member Access IRRI s hybrid rice resources and avail membership benefits Be an HRDC member Contact us Hybrid Rice Development Consortium International Rice Research Institute Los Ba os, Philippines Tel: +63 2 580 5600 or +63 2 845 0563 Fax: +63 2 580 5699 or +63 2 845 0606 hrdc@irri.org Related links IRRI.org IRRI Library Rice Knowledge Bank World Rice Statistics Publications All rights reserved Facebook X RSS"""
14380,The Rural Energy Insecurity Experiences Scale: a tool to measure how much energy shortage rural households in low- and middle-income countries face,"The Rural Energy Insecurity Experiences Scale is a tool to measure how much energy shortage rural households in low- and middle-income countries face. It captures their experiences with energy poverty in a way that can be compared across different places. The results help show how energy shortages affect other important issues like nutrition, gender equality, environmental sustainability, and poverty.","The following text section comes from a specific evidence file named URL https://eur03.safelinks.protection.outlook.com/?url=https%3A%2F%2Fdoi.org%2F10.7910%2FDVN%2FJAWBMQ&data=05%7C02%7CC.RINGLER%40CGIAR.ORG%7Cfaac2a506a5440557c8308dd1b3d20e8%7C6afa0e00fa1440b78a2e22a7f8c357d5%7C0%7C0%7C638696676039417188%7CUnknown%7CTWFpbGZsb3d8eyJFbXB0eU1hcGkiOnRydWUsIlYiOiIwLjAuMDAwMCIsIlAiOiJXaW4zMiIsIkFOIjoiTWFpbCIsIldUIjoyfQ%3D%3D%7C0%7C%7C%7C&sdata=82nYs9b38e84Vins3ISbgeJDBZ%2FVtqiCRYMiK0HpIuk%3D&reserved=0: ""Irrigation technologies, Use of Solar Pumps and Gendered Impacts - IFPRI Dataverse Skip to main content Toggle navigation Add Data New Dataverse New Dataset Search Search About User Guide Support Sign Up Log In Please enable JavaScript in your browser. It is required to use most of the features of Dataverse. IFPRI Dataverse (International Food Policy Research Institute) Home Harvard Dataverse > IFPRI Dataverse > Irrigation technologies, Use of Solar Pumps and Gendered Impacts Version 1.0 International Food Policy Research Institute (IFPRI), 2024, ""Irrigation technologies, Use of Solar Pumps and Gendered Impacts"", https://doi.org/10.7910/DVN/JAWBMQ , Harvard Dataverse, V1 Cite Dataset EndNote XML RIS BibTeX Learn about Data Citation Standards . Access Dataset Download Options Download ZIP (612.2 KB) Explore Options Binder Contact Owner Share Dataset Metrics 15 Downloads Description The CGIAR Nexus Gains initiative supported a survey on irrigation solar pumps in Uganda to examine how solar pump ownership impacts the livelihoods of women and men in rural areas. This questionnaire was utilized to collect data from both beneficiaries and non-beneficiaries of the World Bank solar pump subsidy project, implemented by the Ugandan Ministry of Agriculture, Fisheries, and Animal Industry. The subsidy project required applicants to: Contribute 25% of the pump acquisition cost. Have access to a water source. Own arable land. At the time of the survey (November December 2024), the project had expanded to all four regions of Uganda (Central, Eastern, Western, and Northern), covering 66 of the country s 122 districts. The survey was conducted in all four regions, sampling eight districts (two per region). Due to budget constraints, the survey included a sample of 480 households, comprising 280 beneficiaries and 200 non-beneficiaries. In each household, both an adult female and an adult male were interviewed to capture gender-differentiated perspectives. Questionnaire Protocol Modules: Household Composition Irrigation Use Solar Pump and Non-Solar Pump Characteristics Women Empowerment Energy Insecurity Water Insecurity Food Insecurity Nutrition and Dietary Diversity Production and Input Assets Markets and Marketing Access to Rural Services Access to Pump Repair Technical Services This comprehensive survey design aims to explore the multifaceted impacts of solar pump adoption on household livelihoods, with a particular focus on gendered outcomes. Read full Description [+] Subject Social Sciences; Agricultural Sciences Keyword irrigation, irrigation technology, women's empowerment, gender, renewable energy, subsidies, water security, UGANDA, EAST AFRICA, AFRICA SOUTH OF SAHARA License/Data Use Agreement Custom Dataset Terms ui-button Files Metadata Terms Versions 1 File UG_Irrigation_solar_pumps_Questionnaire.pdf Adobe PDF - 612.2 KB Published Dec 12, 2024 15 Downloads MD5: e81...536 Documentation Preview ""UG_Irrigation_solar_pumps_Questionnaire.pdf"" Access File File Access Public Download Options Adobe PDF Download Metadata Data File Citation EndNote XML RIS BibTeX Export Metadata OAI_ORE DataCite OpenAIRE Schema.org JSON-LD DDI Codebook v2 Dublin Core Croissant DDI HTML Codebook JSON Citation Metadata Persistent Identifier doi:10.7910/DVN/JAWBMQ Publication Date 2024-12-12 Title Irrigation technologies, Use of Solar Pumps and Gendered Impacts Author International Food Policy Research Institute (IFPRI) Point of Contact Use email button above to contact. IFPRI-Data (International Food Policy Research Institute (IFPRI)) Description The CGIAR Nexus Gains initiative supported a survey on irrigation solar pumps in Uganda to examine how solar pump ownership impacts the livelihoods of women and men in rural areas. This questionnaire was utilized to collect data from both beneficiaries and non-beneficiaries of the World Bank solar pump subsidy project, implemented by the Ugandan Ministry of Agriculture, Fisheries, and Animal Industry. The subsidy project required applicants to: Contribute 25% of the pump acquisition cost. Have access to a water source. Own arable land. At the time of the survey (November December 2024), the project had expanded to all four regions of Uganda (Central, Eastern, Western, and Northern), covering 66 of the country s 122 districts. The survey was conducted in all four regions, sampling eight districts (two per region). Due to budget constraints, the survey included a sample of 480 households, comprising 280 beneficiaries and 200 non-beneficiaries. In each household, both an adult female and an adult male were interviewed to capture gender-differentiated perspectives. Questionnaire Protocol Modules: Household Composition Irrigation Use Solar Pump and Non-Solar Pump Characteristics Women Empowerment Energy Insecurity Water Insecurity Food Insecurity Nutrition and Dietary Diversity Production and Input Assets Markets and Marketing Access to Rural Services Access to Pump Repair Technical Services This comprehensive survey design aims to explore the multifaceted impacts of solar pump adoption on household livelihoods, with a particular focus on gendered outcomes. Subject Social Sciences; Agricultural Sciences Keyword irrigation http://aims.fao.org/aos/agrovoc/c_3954 (AGROVOC) irrigation technology http://aims.fao.org/aos/agrovoc/c_6086118d (AGROVOC) women's empowerment http://aims.fao.org/aos/agrovoc/c_f1c72537 (AGROVOC) gender http://aims.fao.org/aos/agrovoc/c_34835 (AGROVOC) renewable energy http://aims.fao.org/aos/agrovoc/c_25719 (AGROVOC) subsidies http://aims.fao.org/aos/agrovoc/c_7484 (AGROVOC) water security http://aims.fao.org/aos/agrovoc/c_bd3167bb (AGROVOC) UGANDA http://aims.fao.org/aos/agrovoc/c_8038 (AGROVOC) EAST AFRICA http://aims.fao.org/aos/agrovoc/c_2442 (AGROVOC) AFRICA SOUTH OF SAHARA http://aims.fao.org/aos/agrovoc/c_166 (AGROVOC) Topic Classification Impact assessment (AGROVOC) http://aims.fao.org/aos/agrovoc/c_37938 Natural resources (AGROVOC) http://aims.fao.org/aos/agrovoc/c_5091 Irrigation technology (AGROVOC) http://aims.fao.org/aos/agrovoc/c_6086118d Language English Producer International Food Policy Research Institute (IFPRI) https://www.ifpri.org Production Date 2024 Production Location Washington, DC Contributor Researcher : Kato, Edward (International Food Policy Research Institute (IFPRI)) Researcher : Ringler, Claudia (International Food Policy Research Institute (IFPRI)) Funding Information CGIAR TRUST FUND Distributor International Food Policy Research Institute (IFPRI) http://www.ifpri.org Distribution Date 2024 Depositor IFPRI-KM Deposit Date 2024 Data Type sample survey data (SSD) Series Household- and Community-level Surveys Geospatial Metadata Geographic Coverage Uganda Dataset Terms License/Data Use Agreement Our Community Norms as well as good scientific practices expect that proper credit is given via citation. Please use the data citation shown on the dataset page. Custom Dataset Terms the following Custom Dataset Terms have been defined for this dataset. Terms of Use IFPRI Datasets Terms of Use Statement (December 2019) 1. Description The International Food Policy Research Institute (IFPRI) views the products of its research including research dataset(s) as global public goods and is committed to enabling their widespread distribution and use by providing unrestricted public access. This is in keeping with the IFPRI Research Data Management and Open Access (RDMOA) Policy and the CGIAR Open Access and Data Management Policy (each, a Policy and together, the Policies ). IFPRI makes all its research data publicly available through the IFPRI Dataverse. The IFPRI Dataverse houses and is comprised of datasets collected during the course of IFPRI research, including data tables in various standard formats, survey instruments, codebooks, metadata, and other associated documentation. IFPRI Dataverse is a network member of Harvard Dataverse, which is a repository for research data hosted at Institute for Quantitative Social Science (IQSS) , Harvard University. IFPRI is the owner of the IFPRI Dataverse (sometimes referred to in these Terms of Use as the Site ). The Communications and Public Affairs (CPA) division of IFPRI operates this Site on behalf of IFPRI. For questions pertaining to these terms of use, licenses, or concerns, please contact IFPRI-Data@cgiar.org . In the event of any conflict between these Terms of Use and either of the Policies, the terms of the applicable Policy shall control with respect to, and to the extent of, any such conflicting terms. 2. Adoption, Acceptance, and Changes to Terms of Use By using this Site, downloading or otherwise accessing any dataset or other materials or content made available through it, you ( you or user ), acknowledge that you understand and intend these Terms of Use to be the legal equivalent of a signed, written contract and equally binding, and that you accept the terms of and agree to be legally bound by these Terms of Use. IFPRI may change these Terms of Use without prior notification. However, any modifications to the Terms of Use will only be effective for the download/use of this Site subsequent to such modification. Your continued download of datasets or any other use of this Site subsequent to reasonable notice of such modification will be conclusively deemed acceptance of any such modification to these Terms of Use. You agree that notice of changes to these Terms of Use posted on this Site constitutes reasonable and sufficient notice. We consider it is incumbent upon users to read these terms to be aware of changes. At all times, you are bound by the then-current version of these Terms of Use and all applicable laws. Accordingly, we highly recommend that you review these Terms of Use from time to time to ensure that you are familiar with the most recent version. 3. Use of the Materials/Site By using this Site or downloading, or otherwise accessing the IFPRI Dataverse, users acknowledge: The dataset or any other materials made available through the site will be used solely for reporting aggregated information, and not for investigation of specific individuals or organizations. IFPRI will not be responsible or held accountable for any interpretations or conclusions that users may arrive from the use of dataset or materials available on the Site. No attempt will made to re-identify research subjects from the data or materials that are accessed from the site, and no use will be made of the identify of any person, institutions or establishment discovered inadvertently. If user becomes aware of any violation of the foregoing, user will immediately report it to IFPRI-Data . No attempt will be made to produce links among datasets, datafiles or any other materials that are available through this site; and the datasets, datafiles, and other materials from this site and other existing datasets/materials that are available from other organizations or accessible over the internet to identify individuals, organizations or establishments, not limited to research subjects. No attempt will be made to extract information from the materials in the Site that could help user to find means of contacting any research subjects of the dataset already known to the User. Any publications resulting from the use of data will cite IFPRI as the source of data in accordance with the Citation Requirement provided within each dataset. In addition, you may not use Content in any manner that suggests the endorsement or association of any third-party entity, person, product or service by IFPRI unless express written permission has been given by IFPRI in advance. Except as expressly permitted hereunder in Section 4, you may not under any circumstances: (a) copy, print or download in any medium all or substantially all of the Content; (b) modify any Content; or (c) copy, distribute, or reverse engineer any underlying software code for this Site and/or Content. Unless and except as otherwise expressly permitted by these Terms of Use, you may not access, copy, reproduce, modify, create derivative works of, alter, publicly distribute, republish, upload, post, transmit, publicly perform or display, license, transfer, sell, mirror, frame, deep link, scrape, data mine, or otherwise use any information or material obtained from or through this Site, without written permission from IFPRI. You may not remove or obscure any copyright notices or other notices of intellectual property rights from this Site or any content available on or through this Site. Any unauthorized use of this Site or the Content will terminate the permission granted by these Terms of Use and may violate applicable laws, including copyright, trademark, database laws, and commercial regulations and statutes. In addition to Third-Party Materials (as described in Section 6), there may be certain Content that may have more restrictive terms of use (e.g., particular datasets, including those related to the Africa RISING program, that may have timing and other restrictions, such as when IFPRI may first make the relevant data generally publicly available). In such case, users shall at all times comply with any and all such additional restrictions, and shall not attempt to circumvent any relevant technical, administrative or other security measures, or otherwise seek to obtain unauthorized access to such Content. 4. Copyright and Licenses IFPRI is the owner of the datasets that are produced by IFPRI. In addition, IFPRI is the owner of this Site, and the data, datasets, and other content provided on this Site (all such content collectively, the Content ) are the exclusive property of IFPRI and/or its affiliates, or are used with permission from third-party licensors, and are protected by law, including United States copyright, database, trade secret, and trademark law, as well as other state, national, and international laws and regulations. Except as expressly provided in these Terms of Use, IFPRI does not grant any express or implied rights to you. IFPRI owns copyright rights in this Site as a collective work and/or compilation, and in its datasets accessible on or through this Site. Except where there is a statement that a non-CC license is being used, materials will be made available under the Creative Commons Attribution 4.0 International ( CC-BY-4.0 ). This license contains permission to reuse, distribute, and reproduce content even for commercial purposes. IFPRI grants this license under the condition that any reuse will contain attribution of the content to IFPRI and any named authors of the dataset in the form of citations as per applicable industry standards and best practices for citing data, or as otherwise acceptable to IFPRI in its reasonable discretion. Notwithstanding the foregoing, IFPRI reserves the right, in its reasonable discretion to choose not to be associated with certain reports and other products that cite the relevant data, and in any such event, IFPRI may notify the user, and the user shall promptly comply with IFPRI s requests related thereto. 5. Attribution for Adaptations and Derivatives Attribution : Regardless of any other license terms governing the use of a dataset, any use of the dataset or their content must be attributed with proper citation according to recognized citation format standards to include: authorship, year, title of the dataset, publisher, and reference URI (Uniform Resource Identifier). Adaptations :Except as otherwise specified by IFPRI, if you use a dataset from this Site under CC BY or any other license that permits you to make adaptations, you must add (after the attribution language) the following explanation to the adaptation that you create: This data was provided by the International Food Policy Research Institute (IFPRI). IFPRI bears no responsibility for the analyses or interpretations of the data presented here. 6. Third Parties In general, no matter what license applies to each particular dataset, there may be links or references on this Site to third parties and material owned (in whole or in part) by third parties, including datasets that may have more restrictive terms of use. IFPRI therefore does not warrant that the use of any third-party-owned datasets, individual components/elements, data, or other material contained or otherwise made available on or through this Site (collectively Third-Party Materials ) will not infringe on or otherwise violate the copyright or other rights of third parties. The risk of claims resulting from such infringement or other violation or unauthorized use rests solely with users of this Site. If you wish to re-use any such Third-Party Materials, it is your responsibility to determine whether permission is needed for that re-use and to obtain permission from the applicable owner. Any descriptions of, references to, or links to third parties or third-party products, publications or services does not imply endorsements of any kind, unless expressly stated by IFPRI. IFPRI expressly disclaims any responsibility for the content, the accuracy of the information, and/or quality of products or services provided by or otherwise made available by such third parties (including the Third-Party Materials, and any information and materials on any third-party sites). 7. Non-endorsement Nothing in these Terms of Use or on this Site shall be construed as granting you any right or license to use any trademarks, service marks or logos displayed on the Site. Unless otherwise noted, INTERNATIONAL FOOD POLICY RESEARCH INSTITUTE, IFPRI, IFPRI DATAVERSE, , and other brands and logos featured on this Site constitute IFPRI s trade/service marks. You agree not to: (a) use or register any name, logo or insignia of IFPRI or any of its projects for any purpose including publicity releases, advertising or email communications or in any other manner, including customer lists, without securing prior written approval of the Communications and Public Affairs (CPA) Director or Director General (DG) of IFPRI; (b) challenge or contest the validity or IFPRI s ownership of such trademarks, any of the Content, or any other IFPRI intellectual property; or (c) assist any third party in doing so. This Site may also include the product, service and company names, as well as logos, of third parties. Such third-party designations are the trade/service marks of their respective owners, and may not be used without the prior written permission of their respective owners. 8. Indemnification The user shall indemnify and hold harmless IFPRI, its affiliates and related organizations, and each of their respective officers, directors, employees, legal representatives, agents, successors and assigns, from and against any damages, liabilities, judgments, settlements, costs and expenses (including reasonable attorneys and professionals fees and court costs arising out of any third-party claims based on (a) the use or misuse of this Site or data or any other materials or Content made available through this Site; (b) any changes made by the user to the downloaded data; (c) any breach by the user of any of the term and conditions of these Terms of Use; (d) ) infringement by you, or any third party using your account, of any intellectual property or other right of any person or entity, including but not limited to any breach by you of these Terms of Use. 9. Disclaimers and Limitation of Liability IFPRI PROVIDES THE DATA AND OTHER MATERIALS ON THE IFPRI DATAVERSE AND ALL CONTENT ON AN AS IS, AND AS AVAILABLE BASIS, AND IFPRI EXPRESSLY DISCLAIMS ALL WARRANTIES REPRESENTATIONS, INDEMNITIES AND GUARANTEES, WHETHER EXPRESS OR IMPLIED, ARISING BY LAW, CUSTOM, PRIOR ORAL OR WRITTEN STATEMENTS BY IFPRI, WITH RESPECT TO ALL SUCH DATA AND OTHER CONTENT (INCLUDING, BUT NOT LIMITED TO ANY WARRANTY OF SATISFACTORY QUALITY, MERCHANTABILITY, FITNESS FOR PARTICULAR PURPOSE, TITLE AND NON-INFRINGEMENT, ACCURACY, TIMELINESS, AND COMPLETENESS) TO THE MAXIMUM EXTENT ALLOWED BY LAW. IFPRI FURTHER DISCLAIMS, AND SHALL HAVE NO LIABILITY FOR, ANY ERRORS, OMISSIONS, INACCURACIES, OR INTERRUPTIONS IN THE DATA, ANY OTHER CONTENT, OR THIS SITE. USERS SHALL NOT MAKE ANY STATEMENT REGARDING THE USE OF THE IFPRI DATAVERSE THAT IS CONTRADICTORY TO OR INCONSISTENT WITH THE FOREGOING STATEMENTS. IN NO EVENT SHALL IFPRI BE LIABLE FOR INDIRECT, SPECIAL, INCIDENTAL, CONSEQUENTIAL, EXEMPLARY OR PUNITIVE DAMAGES ARISING UNDER OR RELATING TO THESE TERMS OF USE, OR FOR LOST PROFITS, EVEN IF ADVISED OF THE POSSIBILITY OF SUCH DAMAGES. IFPRI SHALL NOT BE LIABLE TO ANY THIRD PARTIES FOR ANY CLAIM OR DEMAND BASED ON OR RELATING TO THESE TERMS OF USE, OR USE OF THE IFPRI DATAVERSE. TO THE EXTENT PERMITTED BY LAW, IFPRI DISCLAIMS LIABILITY FOR ANY DIRECT DAMAGES BASED ON YOUR ACCESS OR USE OF THIS SITE AND ITS CONTENT. 10. Misuse IFPRI reserves the right in its sole discretion to cancel or suspend access to the dataset or any material in the IFPRI Dataverse or any other Content, or terminate these Terms of Use, at any time and for any reason, including but not limited to the following reasons: violation of these Terms of Use; violation of intellectual property rights; misrepresentation of identity; protection of this Site from perceived threats electronic or otherwise; and illegal activity on this Site. 11. Use of Your Data The IFPRI Dataverse is a network member of the Harvard Dataverse . Harvard Dataverse Privacy Policy explains what information are collected through this application and how this information is handled. This policy also applies to the IFPRI Dataverse and this Site. Further when guestbook feature is activated for the data and materials that you are downloading through the IFPRI Dataverse, users are required to provide some information including name and email. This information resides in the server of Harvard University and is also available to IFPRI (e.g., the Dataverse administrator and curator). IFPRI will implement and maintain procedures to protect your information that is downloaded from the guestbook. IFPRI is fully committed to safeguarding the privacy of our users. Please see IFPRI s Privacy Policy for information regarding the use and handling of personal information. These privacy policies are made a part of, and incorporated by reference into, these Terms of Use. 12. Miscellaneous Except as permitted under Section 4, the user may not assign, transfer or delegate any of its rights and obligations hereunder without consent. No agency, partnership, joint venture, or employment relationship is created as a result of these Terms of Use and neither party has any authority of any kind to bind the other in any respect outside of the terms described within these Terms of Use. In any action or proceeding to enforce rights under these Terms of Use, the prevailing party will be entitled to recover costs and attorneys fees. Failure to insist on strict performance of any of the provisions of these Terms of Use will not operate as a waiver of any subsequent default or failure of performance. No waiver by IFPRI of any right under these Terms of Use will be deemed to be either a waiver of any other right or provision or a waiver of that same right or provision at any other time. Any rights not expressly granted under these Terms of Use are reserved by IFPRI. These Terms of Use shall be governed by the laws of the District of Columbia without reference to its conflict of law principles. The parties hereby consent to the jurisdiction of the courts located in Washington, D.C. in any action arising out of or relating to these Terms of Use, and agree that any action arising out of or relating to these Terms of Use shall be maintained in the same jurisdiction. No joint venture, partnership, employment, agency or other relationship exists between you and IFPRI as a result of these Terms of Use or your use of this Site. If any provision of these Terms of User is held unlawful, void or unenforceable for any reason by a court or tribunal of competent jurisdiction, that provision shall be enforced to the maximum extent permissible so as to effect the intent of the parties, and the remainder of these Terms of Use shall continue in full force and effect. Disclaimer IFPRI adheres to the principle of unrestricted public access to its own final research outputs and will make such outputs freely available. The Institute encourages the use of this dataset; for detailed information on its use, please refer to IFPRI s Intellectual Property Policy . The data files in this dataset are unit record or raw data files. Information that would allow survey respondents to be identified has been deleted from the files, but all other information remains. IFPRI s decision not to alter the contents of the data files means that the user of these files will need to take care in handling missing observations, outliers, and violations of logical consistency. The data are provided as is and in no event shall IFPRI be liable for any damages resulting from the use of the data. While great effort was taken to obtain high-quality data, the accuracy or reliability of the data is not guaranteed or warranted in any way. Direct Dataset Version Summary Contributors Published on (Loading versions...) Edit File This file has already been deleted (or replaced) in the current version. It may not be edited. Close Restrict Access Restricting limits access to published files. People who want to use the restricted files can request access by default. If you disable request access, you must add information about access to the Terms of Access field. Learn about restricting files and dataset access in the User Guide . Request Access Enable access request You must enable request access or add terms of access to restrict file access. Terms of Access for Restricted Files Save Changes Cancel Edit Embargo The selected file or files have already been published. Contact an administrator to change the embargo date or reason of the file or files. Cancel Edit Retention Period The selected file or files have already been published. Contact an administrator to change the retention period date or reason of the file or files. Cancel Delete Files The file will be deleted after you click on the Delete button. Files will not be removed from previously published versions of the dataset. Delete Cancel Continue Cancel Select File(s) Please select one or more files. Close Share Dataset Share this dataset on your favorite social media networks. Close Continue Cancel Dataset Citations Citations for this dataset are retrieved from Crossref via DataCite using Make Data Count standards. For more information about dataset metrics, please refer to the User Guide . Sorry, no citations were found. Close Inaccessible Files Selected The selected file(s) may not be downloaded because you have not been granted access or the file(s) have a retention period that has expired or the files can only be transferred via Globus. Close Ineligible Files Selected The selected file(s) may not be transferred because you have not been granted access or the file(s) have a retention period that has expired or the files are not Globus accessible. Close Download Options The files selected are too large to download as a ZIP. You can select individual files that are below the 15.0 GB download limit from the files table, or use the Data Access API for programmatic access to the files. Select File(s) Please select a file or files to be downloaded. Close Inaccessible Files Selected The selected file(s) may not be downloaded because you have not been granted access or the file(s) have a retention period that has expired. Click Continue to download the files you have access to download. Continue Cancel Ineligible Files Selected Some file(s) cannot be transferred. (They are restricted, embargoed, with an expired retention period, or not Globus accessible.) Click Continue to transfer the elligible files. Continue Cancel Delete Dataset Are you sure you want to delete this dataset and all of its files? You cannot undelete this dataset. Continue Cancel Delete Draft Version Are you sure you want to delete this draft version? Files will be reverted to the most recently published version. You cannot undelete this draft. Continue Cancel Unpublished Dataset Preview URL Preview URL can only be used with unpublished versions of datasets. Cancel Unpublished Dataset Preview URL Are you sure you want to disable the Preview URL? If you have shared the Preview URL with others they will no longer be able to use it to access your unpublished dataset. Yes, Disable General Preview URL Cancel Delete Files The file(s) will be deleted after you click on the Delete button. Files will not be removed from previously published versions of the dataset. Delete Cancel Compute This dataset contains restricted files you may not compute on because you have not been granted access. Close Deaccession Dataset Are you sure you want to deaccession? This is permanent and the selected version(s) will no longer be viewable by the public. No Deaccession Dataset Are you sure you want to deaccession this dataset? This is permanent an it will no longer be viewable by the public. No Version Differences Details Please select two versions to view the differences. Close Version Differences Details Version: Last Updated: Version: Last Updated: Done Select File(s) Please select a file or files for access request. Close Select File(s) Embargoed files cannot be accessed. Please select an unembargoed file or files for your access request. Close Edit Tags Select existing file tags or create new tags to describe your files. Each file can have more than one tag. Save Changes Cancel Request Access You need to Sign Up or Log In to request access. Close Dataset Terms Please confirm and/or complete the information needed below in order to request access to files in this dataset. This dataset is made available under the following terms. Please confirm and/or complete the information needed below in order to continue. License/Data Use Agreement Our Community Norms as well as good scientific practices expect that proper credit is given via citation. Please use the data citation shown on the dataset page. Custom Dataset Terms the following Custom Dataset Terms have been defined for this dataset. Terms of Use IFPRI Datasets Terms of Use Statement (December 2019) 1. Description The International Food Policy Research Institute (IFPRI) views the products of its research including research dataset(s) as global public goods and is committed to enabling their widespread distribution and use by providing unrestricted public access. This is in keeping with the IFPRI Research Data Management and Open Access (RDMOA) Policy and the CGIAR Open Access and Data Management Policy (each, a Policy and together, the Policies ). IFPRI makes all its research data publicly available through the IFPRI Dataverse. The IFPRI Dataverse houses and is comprised of datasets collected during the course of IFPRI research, including data tables in various standard formats, survey instruments, codebooks, metadata, and other associated documentation. IFPRI Dataverse is a network member of Harvard Dataverse, which is a repository for research data hosted at Institute for Quantitative Social Science (IQSS) , Harvard University. IFPRI is the owner of the IFPRI Dataverse (sometimes referred to in these Terms of Use as the Site ). The Communications and Public Affairs (CPA) division of IFPRI operates this Site on behalf of IFPRI. For questions pertaining to these terms of use, licenses, or concerns, please contact IFPRI-Data@cgiar.org . In the event of any conflict between these Terms of Use and either of the Policies, the terms of the applicable Policy shall control with respect to, and to the extent of, any such conflicting terms. 2. Adoption, Acceptance, and Changes to Terms of Use By using this Site, downloading or otherwise accessing any dataset or other materials or content made available through it, you ( you or user ), acknowledge that you understand and intend these Terms of Use to be the legal equivalent of a signed, written contract and equally binding, and that you accept the terms of and agree to be legally bound by these Terms of.

The following text section comes from a specific evidence file named URL https://www.ifpri.org/blog/from-crisis-to-recovery-how-cgiars-bright-survey-can-catalyze-evidence-based-policy-reforms-in-sri-lanka/: ""blogs IFPRI Blog: Research Post Development Strategies and Governance From crisis to recovery: How CGIAR s BRIGHT Survey can catalyze evidence-based policy reforms in Sri Lanka Share Email Twitter Facebook WhatsApp LinkedIn Open Access | CC-BY-4.0 People queue up to buy kerosene for domestic use at a supply station in Colombo, Sri Lanka, on May 17, 2022. Photo Credit: Ishara S. Kodikara/AFP via Getty Images) By Derek Headey, Joanna van Asselt, Olivier Ecker, and Jean Bali December 20, 2024 As the American polymath W. Edwards Deming once famously said, In God we trust; all others bring data. Unfortunately, bringing data and evidence to policy deliberations has not always been the norm in Sri Lanka s recent political history. From 2022 to the present, the country experienced the worst economic crisis since its independence a crisis precipitated by policy decisions made without consideration of rigorous evidence or sound economic advice, including escalating government debt, depletion of foreign reserves, and a disastrous fertilizer import ban. Since late 2022, a bailout package by the International Monetary Fund (IMF) and policy reforms have steadied Sri Lanka s macroeconomy, though the ordinary citizen remains far poorer than she was before the crisis. The arrival of a new government in late 2024 led by the reform-minded National People s Power (NPP) party offers a promising opportunity for policymakers and researchers to contribute much more to rebuilding the Sri Lankan economy. A key new resource for those efforts is the BRIGHT (Building Resilience, Inclusive Growth, and Holistic Transformation) survey. This project begun in 2024 by the CGIAR Poverty Reduction, Livelihoods, and Jobs Impact Area Platform and IFPRI, with support from the International Water Management Institute and local partners aims to implement a nationally representative, multi-thematic household survey for Sri Lanka. The BRIGHT survey will fill crucial evidence gaps on changes in poverty, the impacts of social safety net reforms, the recovery of both farm and non-farm livelihoods, malnutrition and its many root causes, women s empowerment, mental health and happiness, and food, energy, and water security. A November 21 webinar, organized by IFPRI and the CGIAR Livelihoods Platform, explored key elements and potential applications of the BRIGHT survey data with experts from Sri Lankan and international agencies. Building on the event, this post outlines Sri Lanka s recent history, current challenges, and the BRIGHT survey s potential to foster a faster and more inclusive economic recovery at this critical point of national transition. Anatomy of a crisis In the decade preceding the COVID-19 pandemic, successive Sri Lankan governments pursued expansionary fiscal and trade policies leading to large budget deficits, continuing the country s long history of what famed Cambridge economist Joan Robinson in 1959 called tasting the fruit before planting the tree. In 2019, the newly elected government of President Gotabaya Rajapaksa seemed to exacerbate this trend by dismissing data and bypassing any kind of evidence or transparent debate. The Rajapaksa government inexplicably cut taxes for the wealthiest segment of Sri Lankan society, reducing its tax rate from 28% to 18%, just a few months before the economic shock of the COVID-19 pandemic. This meant that government finances were in a weak position to deal with the severe shock and fiscal demands of the pandemic. Fast forward to May 2021: President Rajapaksa did the unthinkable for an Asian leader, banning imports of chemical fertilizers overnight, under the mistaken belief that going organic would benefit both farmers and the government s foreign exchange reserves. By the time the ban was lifted seven months later, yields of rice the country s staple food had plummeted by a third, farmers were immiserated, and the trade deficit had been widened further due to falling agricultural exports and rising imports of key foods, including rice. By March 2022, the Rajapaksa Government s house of cards had collapsed. The government defaulted on its sovereign debt, the currency collapsed, inflation surged to 80%, and the real wages of both the poor and the middle class fell by 30% in a matter of months (Figure 1). Increasingly popular protests ensued. In July 2022, the Rajapaksa political regime tumbled from power, and Prime Minister Ranil Wickremasinghe assumed an emergency presidency. He immediately sought an IMF bail-out package and agreed to a severe but unavoidable austerity program. Figure 1 Considering the severity of the economic crisis, it is encouraging now that, according to World Bank reports, Sri Lanka s macroeconomy has started to turn the corner, reaching positive growth rates in 2024. However, a litany of welfare challenges persists for Sri Lanka s citizens. Average worker incomes remain stagnant at 25% below their pre-crisis levels (Figure 1). Child malnutrition and mortality rates are 30% higher than pre-crisis levels. Agriculture continues to struggle and is highly vulnerable to the impacts of climate change. Crisis-induced emigration has led to a brain drain in almost every sector. And there is almost certainly an unprecedented but poorly quantified surge in various physical and mental health issues, including suicides and substance abuse. Despite these hardships, a welcome dash of optimism emerged in late 2024 with fresh presidential and parliamentary elections peacefully bringing in a new regime led by the NPP party. Many NPP leaders have academic backgrounds, and hopefully more appetite for original data, research-based evidence, and scientific advice. Encouragingly, the NPP manifesto stressed the importance of reforms focused squarely on improving the welfare of ordinary Sri Lankans. Enter the BRIGHT project At this critical juncture in the country s history, the central question is whether Sri Lanka s new government can do things differently: Can data, evidence, and science play a leading role in influencing policy decisions, design, and implementation? The BRIGHT project aims to support this ambition. In 2024, the Livelihoods Platform, in collaboration with IFPRI researchers, identified an opportunity to bridge science and policy in Sri Lanka by filling a critical data gap that has been hindering evidence-based policymaking: the lack of a nationally representative, multi-thematic household survey capable of answering a whole host of multisectoral policy questions. Sri Lanka s last nationwide comprehensive economic survey (from 2019) and Demographic Health Survey (from 2016) preceded the recent economic crisis. Specialized surveys conducted during the crisis by organizations including the World Food Programme, the UN Development Programme, UNICEF, the Institute of Policy Studies of Sri Lanka, and the Sri Lankan government provided valuable information on food security, economic welfare, and other topics. Yet these surveys were not designed to offer researchers a holistic view of the complex multisectoral interlinkages between poverty, food insecurity, malnutrition, and other dimensions of people s well-being. Moreover, many of these surveys are not freely and publicly accessible, making it challenging for Sri Lankan and international researchers to develop new evidence independently, let alone share it with policymakers. IFPRI along with local and international partners therefore led the design of the multi-thematic BRIGHT survey, encompassing 6,500 households to make the survey representative of Sri Lanka as a whole, as well as its rural and urban areas and estate sector. This survey, freely accessible to both local and international researchers and institutions, will provide a rich dataset to investigate an unusually wide range of welfare indicators. The survey is also highly innovative, as it incorporates newly developed modules on nutrition knowledge, water and energy security, and food consumption, and a number of survey experiments around gender-specific newly designed modules on farming, fishing, and livestock practices (Figure 2). Figure 2 Perhaps the simplest but most significant innovation of this project in the Sri Lankan context lies in the commitment by CGIAR and IFPRI to make the collected data publicly accessible on an accelerated timetable in early 2025. This will provide a wealth of free and readily available data for all users, from undergraduate students all the way up to policy analysts in the Sri Lankan government, as well as all the technocrats, program implementers, and academics in between. Crowding in a vast amount of research in this fashion will enable a deeper understanding of Sri Lanka s socioeconomic landscape and inform evidence-based decision-making with high-quality multi-sectoral data. Looking forward: BRIGHT as a collaborative tool for policy change The BRIGHT survey offers the development community more than just the opportunity to generate timely new evidence from high-quality data; it also offers the opportunity to translate and transport that evidence into the eyes, ears, and hands of Sri Lanka s newly formed government. To do that, the scientific and development communities must collaborate and coordinate more effectively and work harder and smarter to bring the expertise and interests of various segments of Sri Lankan society together to exchange evidence, interests, challenges, and ideas. IFPRI and its partners will initiate a Sri Lanka Policy Dialogue series in 2025, bringing together policymakers, scientists, diverse private sector actors, and civil society organizations. By developing a more regular platform for sharing evidence and information, the BRIGHT project aims to foster a culture of greater trust between the public and private sectors, academia, and civil society, as well as a stronger appreciation of the value of impartial evidence. Old habits may die hard, but with every crisis there is an opportunity to do things differently. The BRIGHT project offers a foundation for building a broader data-research-impact institution. The current moment presents a unique opportunity for Sri Lanka to reimagine its development trajectory. The citizens thirst for doing politics and policy differently has never been stronger: We must all seize the moment to drive positive change and build a more resilient and equitable future for the Sri Lankan people. Derek Headey is a Senior Research Fellow and Joanna van Asselt an Associate Research Fellow with IFPRI s Development Strategies and Governance Unit, both based in Colombo, Sri Lanka; Olivier Ecker is a Senior Research Fellow with IFPRI s Foresight and Policy Modeling Unit based in Washington, D.C., USA; Jean Bali is the Director of the CGIAR Poverty Reduction, Livelihoods, and Jobs Impact Area Platform in Montpellier, France. Opinions are the authors . This post was prepared with the support of the CGIAR Poverty Reduction, Livelihoods, and Jobs Impact Area Platform. We would like to thank all funders who supported this research through their contributions to the CGIAR Trust Fund. Links Webinar: Building Resilience, Inclusive Growth, and Holistic Transformation (BRIGHT) in Sri Lanka CGIAR Poverty Reduction, Livelihoods & Jobs Impact Area Platform Countries Sri Lanka South Asia Asia Topics Food Crises Governance Poverty Donors CGIAR Trust Fund Previous Blog Posts Research Post January 30, 2025 Making a Difference: How farmers in Ghana benefit from the Agricultural Mechanization Services Enterprise Centers Program By Tamsin Zandstra, Samuel Benin, and Seth Asante Making tractors accessible and affordable to smallholders. Research Post January 28, 2025 Policy change and farmer feedback: Does anonymity matter? Evidence from Uzbekistan By Anton Liutin, Paul Casta eda Dower, and Muzna Alvi Gauging efforts to build water security. Issue Post January 28, 2025 The ECOWAS breakup: Implications for West African food security and regional cooperation By Danielle Resnick Facing the Sahelexit."".

The following text section comes from a specific evidence file named URL https://doi.org/10.2499/p15738coll2.137070: ""Closing the gendered energy technology gap in rural Ethiopia: A qualitative study Skip to main content Communities & Collections Browse Navigate CGIAR Centers Statistics English Catal e tina Deutsch Espa ol Suomi Fran ais G idhlig Magyar Italiano Latvie u Nederlands Polski Portugu s Portugu s do Brasil Srpski (lat) Svenska T rk e Y Ti ng Vi t Log In Note: CGIAR users should log in with their Active Directory username and password. For example, if your email is j.smith@cgiar.org, you would use jsmith here. Log in New user? Click here to register. Have you forgotten your password? Home CGIAR research centers International Food Policy Research Institute (IFPRI) IFPRI Discussion Papers Closing the gendered energy technology gap in rural Ethiopia: A qualitative study Closing the gendered energy technology gap in rural Ethiopia: A qualitative study Loading... Files Discussion Paper (618.56 KB, pdf) Authors Arega, Tiruwork Yami, Mastewal Bekele, Rahel Deribe Ringler, Claudia Jeuland, Marc Date Issued 2023-12-31 Date Online 2023 Language en Type Working Paper Review Status Internal Review Access Rights Open Access Usage Rights Other Metadata Full item page Share Citation Arega, Tiruwork; Yami, Mastewal; Deribe, Rahel; Ringler, Claudia; and Jeuland, Marc. 2023. Closing the gendered energy technology gap in rural Ethiopia: A qualitative study. IFPRI Discussion Paper 2224. Washington, DC: International Food Policy Research Institute (IFPRI). https://doi.org/10.2499/p15738coll2.137070 . Permanent link to cite or share this item https://hdl.handle.net/10568/137345 External link to download this item DOI https://doi.org/10.2499/p15738coll2.137070 Abstract/Description Much has been written about energy poverty, but there is relatively limited evidence of what determines the gender gap in energy poverty and how it can be overcome in rural areas. This study used Focus Group Discussions, in-depth interviews with farmers and Key Informant Interviews to analyze gendered information, access, adoption and use of rural energy technologies in the domestic and productive spheres. We find striking differences in how men and women adopt and use energy technologies in both spheres. Substantial asymmetries exist between women and men regarding knowledge of energy technologies, as most information about them is directed to men in the household. Even so, women are typically the primary decision-makers regarding energy technology adoption for domestic use, while men dominate decision-processes in the productive energy technology space. Women remain largely excluded from the adoption and use of agricultural energy technologies, even though they are heavily engaged in agricultural production systems. Our study highlights the need for tailored mechanisms that reach women with information on and means to acquire energy technologies as well as changes in gendered norms to ensure that women benefit equally from their use. Author ORCID identifiers Tiruwork Arega https://orcid.org/0000-0002-1717-5144 Claudia Ringler https://orcid.org/0000-0002-8266-0488 AGROVOC Keywords gender ; energy ; rural areas ; energy poverty ; households ; decision making ; innovation adoption ; agriculture ; irrigation ; stoves Countries Ethiopia Regions Africa ; Eastern Africa ; Sub-Saharan Africa Organizations Affiliated to the Authors United Nations University ; Duke University ; International Food Policy Research Institute Investors/sponsors CGIAR Trust Fund CGIAR Action Areas Systems Transformation CGIAR Impact Areas Environmental health and biodiversity CGIAR Initiatives NEXUS Gains Related Material Related reference: https://www.energyeconomicgrowth.org/publication/working-paper-intra-household-decisions-cookstove-choices-and-impacts-welfare-women-and-girls ; https://doi.org/10.1111/agec.12344 ; https://hdl.handle.net/10568/118155 Collections IFPRI Discussion Papers CGIAR Initiative on NEXUS Gains DSpace software copyright 2002-2025 LYRASIS About Cookie settings Privacy policy Send Feedback"".

The following text section comes from a specific evidence file named URL https://hdl.handle.net/10568/168170: ""Development of the rural household energy insecurity experiences scale with insights from Ethiopia Skip to main content Communities & Collections Browse Navigate CGIAR Centers Statistics English Catal e tina Deutsch Espa ol Suomi Fran ais G idhlig Magyar Italiano Latvie u Nederlands Polski Portugu s Portugu s do Brasil Srpski (lat) Svenska T rk e Y Ti ng Vi t Log In Note: CGIAR users should log in with their Active Directory username and password. For example, if your email is j.smith@cgiar.org, you would use jsmith here. Log in New user? Click here to register. Have you forgotten your password? Home CGIAR research centers International Food Policy Research Institute (IFPRI) IFPRI Briefs Development of the rural household energy insecurity experiences scale with insights from Ethiopia Development of the rural household energy insecurity experiences scale with insights from Ethiopia Loading... Files Brief (260.05 KB, pdf) Authors Arega, Tiruwork Ringler, Claudia Date Issued 2024-12-20 Date Online Language en Type Brief Review Status Internal Review Access Rights Open Access Usage Rights Metadata Full item page Share Citation Arega, Tiruwork; and Ringler, Claudia. 2024. Development of the rural household energy insecurity experiences scale with insights from Ethiopia. CGIAR Initiative on NEXUS Gains Policy Note November 2024. Washington, DC: International Food Policy Research Institute. https://hdl.handle.net/10568/168170 Permanent link to cite or share this item https://hdl.handle.net/10568/168170 External link to download this item DOI Abstract/Description There is little evidence on how energy poverty affects rural households in low- and middle-income countries. To address this, the CGIAR NEXUS Gains Initiative developed the Rural Household Energy Insecurity Experiences Scale (RHEIES) and piloted the tool in Ethiopia using in-depth interviews. We find heterogeneous energy insecurity experiences across locations and gender dimensions. Author ORCID identifiers Tiruwork Arega https://orcid.org/0000-0002-1717-5144 Claudia Ringler https://orcid.org/0000-0002-8266-0488 AGROVOC Keywords rural population ; households ; energy resources ; poverty ; economic development Countries Ethiopia Regions Africa ; Eastern Africa Organizations Affiliated to the Authors International Food Policy Research Institute ; Maastricht University Investors/sponsors CGIAR Trust Fund CGIAR Impact Areas Poverty reduction, livelihoods and jobs CGIAR Initiatives NEXUS Gains Related Material Related reference: https://doi.org/10.2499/p15738coll2.137070 Collections IFPRI Briefs CGIAR Initiative on NEXUS Gains DSpace software copyright 2002-2025 LYRASIS About Cookie settings Privacy policy Send Feedback"".

The following text section comes from a specific evidence file named URL https://cgspace.cgiar.org/bitstreams/e39f31f8-17db-4c45-bd5d-7c92f8193f91/download: ""a A IFPRI
INTERNATIONAL FOOD POLICY RESEARCH INSTITUTE
\ Lb wmanveon SS NEXUS Gains CGIAR
POLICY NOTE | NOVEMBER 2024
DEVELOPMENT OF THE RURAL HOUSEHOLD ENERGY INSECURITY EXPERIENCES SCALE WITH INSIGHTS FROM ETHIOPIA
Tiruwork Arega and Claudia Ringler
There is little evidence on how energy poverty affects rural households in low- and middle-income countries. To address this, the CGIAR NEXUS Gains Initiative developed the Rural Household Energy Insecurity Experiences Scale (RHEIES) and piloted the tool in Ethiopia using in-depth interviews. We find heterogeneous energy insecurity experiences across locations and gender dimensions.
WHY A MEASURE FOR RURAL ENERGY INSECURITY?
Energy insecurity is broadly defined as the inability to adequately meet basic household energy needs (Hernández 2016). Households may experience energy insecurity in different ways. Reliable, clean, and sufficient access to energy is a key determinant of economic development, while lack of access undermines development. Lack of access, low-quality access (including low wattage, limited service, or frequent brown- and blackouts), or unaffordability of electricity remains common in many rural areas in low- and middle-income countries (LMICs). National and selected subnational energy supply metrics are relatively easily available (Groh, Pachauri, and Rao 2016), but are often limited to electricity infrastructure being completed and do not describe the quality and quantity of service provided. As such, they might well provide a false sense of energy security that does not reflect the lived energy experiences of rural households and associated developmental challenges.
Demand-side metrics, on the other hand, are highly contextual, making comparisons across locations challenging. Measuring the lived experiences of energy situations can provide crucial input for policymaking and targeted interventions. Although a growing body of literature describes measures of microlevel energy insecurities and their association with human well-being, no universally accepted measure exists to describe rural household or individual energy insecurity. The two most commonly used measures are either unidimensional, such as the share of energy expenditures in total income, or multidimensional, where an index of several energy-related elements is constructed. The share of energy expenditure in total expenditures only captures affordability from a monetary perspective. Moreover, data for this measure of energy burden are challenging to obtain, particularly for rural households that obtain their energy through self-collection of energy sources, such as fuelwood, crop residues, or cow dung. At the same time, multidimensional metrics developed to understand several dimensions of energy deprivation carry the risk of masking important details. Moreover, while generic energy insecurity measures have been developed, none consider the dual roles of energy in rural households for both domestic and productive purposes.
Our contribution is the development and pilot application of the RHEIES, a measure to assess the extent of energy deprivation of rural households in LMICs. Such a measure can also reveal heterogeneities of experiences among different groups—for example, different household types and locations. This policy note describes the development of the RHEIES and a qualitative pilot application in rural Ethiopia.
1
ENERGY IN RURAL ETHIOPIA
Despite its immense energy resource endowment, Ethiopia is ranked “the world’s third-largest access-deficit country” (IEA et al. 2023). To address this, the Government of Ethiopia developed an ambitious energy expansion strategy with the goal of electrifying the entire country by 2025; while not achievable, the share of the population with some form of electricity access has increased on average by 2.5 percent per year over the last two decades (IEA et al. 2023). To complement on- grid electricity investments and accelerate access in rural areas, Ethiopia has also embarked on a Decentralized Rural Energy (DRE) strategy. DREs supply energy that is generated independently from a centralised grid and tend to use a mix of energy sources, including small hydro, biomass, solar, wind power and diesel-operated generators. One element of the DRE strategy is the “Distributed Renewable Energy – Agriculture Modalities (DREAM)” initiative, which will develop DREs to support irrigation and other energy uses in various locations across Ethiopia.
Thus far, the electricity infrastructure has reached about 55 percent of the population, with 94 percent access in urban and 43 percent access in rural areas (IEA et al. 2023). However, this metric does not provide information on what share of the population can afford or use electricity. Most importantly, in Ethiopia access is measured at village level, without considering if households are connected to the constructed infrastructure. Moreover, a considerable share of rural electricity access is at the so-called tier-1 and tier-2 levels, which only support lightbulbs and other small appliances (Padam et al. 2018). The discrepancy between electricity infrastructure and use is reflected in the lack of access of rural households to clean fuels and technologies for cooking: only 0.6 percent of rural households had access in 2022, up from 0.3 percent in 2015, ac- cording to World Bank Development Indicators (World Bank 2024).
Rural households are therefore critically reliant on solid biomass energy for domestic activities, and mostly rely on their own and oxen power for farm operations. The absence of dependable and clean energy sources profoundly impacts their overall livelihoods as well as their social and economic well-being and health. Investigating the extent of energy insecurity experi- enced by rural households can provide valuable policy insights to all actor groups concerned with improving rural livelihoods and help identify intervention areas beyond the construction of off- and on-grid solutions.
Elements of a rural energy insecurity experiences scale
To address this, we developed a rural household energy insecurity scale using nine questions (Table 1) drawing on inse- curity scales developed for food [the Food Insecurity Experiences Scale (FIES) (Smith, Rabbitt, and Coleman-Jensen 2017)] and water [the Household Water Insecurity Experiences Scale (HWISE) (Young et al. 2019)]. Given the dual uses of energy for both domestic and productive uses, the scale includes generic questions about lived energy insecurity, questions focused on the domestic sphere, and questions focused on the productive sphere; the latter is further differentiated into agricultural and off-farm experiences. It is particularly important to capture these different spheres as they are interdependent, as shown, for example, by Mekonnen et al. (2017), who identified linkages between domestic energy security strategies and agricul- tural productivity outcomes.
Another reason for the distinction between productive and domestic energy questions, an element that distinguishes the RHEIES from the FIES and the HWISE, is the understanding that the provision of clean energy sources for productive uses can pay for energy access in both spheres, whereas the provision of energy sources only for domestic uses (for example, a tier-1 lightbulb access) is unlikely to be sufficient for households to achieve the increased income required to pay for an electricity connection.
Respondents have four response options to the nine questions: “Never” if the experience has not occurred or is not noticed; “Sometimes” if the experience occurs only a few times (less than 10 but more than 0 times over the last month); “Often” if
2
the respondent experiences the occurrence frequently (10 times or more over the last month); and “Always” if the experience is constantly on someone’s mind. Like other insecurity experiences scales, the RHEIES can be adjusted to ask about intra- household energy insecurity experiences, as the household energy situation is likely experienced differently by different family members. Moreover, the time scale that the questions refer to can be modified. We suggest a monthly time scale for future studies but also encourage comparative studies that use both a weekly and a monthly time scale. And, similar to other insecurity experiences scales, household energy security levels are likely seasonal, with different energy sources more or less readily available or accessible across the year, while energy demands also vary with seasonally changing productive and domestic needs.
Table 1: Energy insecurity experiences scale label and definitions
No. Label Definitions 1. Worry energy about In the last month, how often did you worry you would not have reliable energy for all of your household needs? 2. Changes cooking plans in In the last month, how often did you or anyone in your household have to change your cooking schedule or plans due to energy unavailability? (for example, switch to less nutritious dishes, undercook food, eat food that is not fresh) 3. Health cerns con- In the last month, how often were you or your family members sick with major and minor respiratory disease, eyesight/infections due to unavailability of improved energy sources? 4. Disruption of domestic activi- ties In the last month, how many times were your domestic activities disturbed due to issues with energy unavailability? Examples include children’s learning, household cooking, etc. Disruption of During the last growing season, how often did you experience interruptions in agricultural activities due 5. agricultural ac- to lack of energy sources such as diesel, gasoline, solar power or electricity for irrigation and other tivities agricultural activities? 6. Disruption of off-farm activi- ties In the last month, how often have you experienced interruptions to nonagricultural income-generating activities due to nonavailability of energy sources such as diesel, petrol, solar, or electricity? 7. Frustration with energy access In the last month, how frequently did you or anyone in your household feel frustrated or angry about your energy access situation? 8. Dark evenings In the last month, how frequently have you or anyone in your household gone to sleep without lighting because there was no energy source available? 9. No food cooked In the last month, how frequently have you or anyone in your household gone to sleep without eating dinner because there was no energy source available?
Note: Questions shaded in light grey focus on the domestic sphere.
Source: Authors.
Pilot results in Ethiopia
Using the pilot energy insecurity experience scale tool, we conducted in-depth interviews with 40 male and female rural residents from different households in July 2023 in Amhara, Sidama, and Southern Nations, Nationalities and Peoples’ (SNNP) regions. The locations were purposefully chosen to include beneficiaries and non-beneficiaries of the planned DREAM investment, located in proximity to irrigated or irrigable areas, and oversampled locations in the NEXUS Gains basin focal region of Tana-Beles.
3
Male and female participants were asked about their energy experiences and how they affected their daily lives using an adjusted set of response options.1 To better groundtruth and validate the questions, during the in-depth interviews, each respondent provided explanations of his/her responses to each experience, which helped explain the indicated frequencies of these experiences. Responses ranged from households being worried about their energy situation to those that were unable to cook due to their energy insecurity experience. Two out of nine questions were answered by a subsample of the respondents, as 5 and 10 respondents had no irrigation or other agricultural activities powered by motorized systems and no nonfarm income-generating activities, respectively. All respondents were using solid biomass for cooking that they col- lected themselves. Households also reported seasonal shortages of fuelwood and cattle dung. Respondents indicated ex- tensive fuel collection during the dry season to ease fuel shortages during the wet season.
Figure 1 Rural household energy insecurity experience scale: Pilot results for Ethiopia
Sometines
Often
Never — — 35 30 25
Source: Authors.
First, we asked if households worried about the energy situation in their house. Worries were experienced sometimes by 18 respondents, and often, that is more than 10 times per month, by 6 respondents, jointly accounting for close to half of all respondents (Figure 1). Respondents did not consider themselves energy-poor if they were able to access solid bio- mass through self-collection from a nearby location or from their own farm, as they did not incur out-of-pocket expenses for
1 For the Ethiopia pilot, “Never” included occurrences of less than 3 times; “Sometimes” included occurrences of 3 to 10 times; and “Often” included experiences above 10 times per month. The category “Always” was not used. This change was made during the pretest specifically for Ethiopia, as farmers were not inclined to select extreme indicators, such as never (zero times) or always. Enumerators also noted confusion between the “Often” and “Always” categories.
4
obtaining fuel. This is because they did not consider time spent gathering fuel and preparing cooking areas as “costs” associated with securing energy supplies.
Second, we asked about experiences related to shifting cooking schedules and meal types due to the energy situations experienced by households. More than one-half of respondents (26 out of 40) noted that they had never changed their cooking schedule. However, when they were asked about details, several households noted critical changes to meal plans, particularly when their stock of solid biomass did not allow them to prepare meals that required a longer time to cook. Changes in cooking plans and dietary choices are strained when seasonal biomass shortages occur. Respondents reported two reasons for compromised meal types that affect dietary diversity in the main rainy season (winter). On the one hand, due to the time constraint imposed by critical farming activities in which both women and men are engaged, households opt for simple and less nutritious meals that can be prepared quickly. At the same time, with the scarcity of fuelwood and time and the reduced ignition power of solid biomass during the wet season, households choose to cook less nutritious meals that require both less fuel and less time.
Third, we asked about household cooking-induced health issues, such as respiratory illnesses or eye infections. Sixteen out of the 40 respondents reported incidences of respiratory diseases affecting household members, which they believed were caused by indoor air pollution.
Fourth and fifth, we asked about disruptions to domestic and productive agricultural activities, respectively, due to the energy situation. Of the 40 respondents, 16 and 15 reported occasional domestic and irrigation activity disruptions, respec- tively. Irrigator households emphasized the scarcity of fuel (diesel or petrol) during the farming season. This also affected access to motor pump services (that is, the renting in of motor pumps).
Sixth, experiences of disruption to nonfarm income-generating activities were modest; only 8 respondents reported occasional interruptions and one respondent noted frequent disruptions. Experiences of frustration linked to the energy situation and spending dark nights were noted to occur sometimes (that is, 3 to 10 times for the pilot study) by 22 and 15 respondents, respectively. Five and four respondents (around 10 percent of respondents), respectively, noted these experiences occur often (more than 10 times per month). Frustrations are caused by a multitude of energy situations, such as the unaffordability of improved energy products, appliances, or services. Additionally, the labor- and time-demanding nature of fuel collection, preparation, and cooking time coupled with seasonal fuel scarcities put severe pressure on house- holds. This particularly affects women, who are primarily responsible for this drudgery.
Living through dark evenings without a lightbulb or kerosene lamp can affect cooking, educational, income, and leisure activities. And if there is only a single light source, this might well be used by the male household head, even if the result is that cooking activities are undertaken in the dark (see also Arega et al. 2023, and the section on gendered insights below). While around one-third of respondents noted that they sometimes or often had to change their meal plans to align with available energy sources, a smaller share of respondents (18 percent) stated that they had to sometimes, that is 3 to 10 times a month, skip a regular meal due to their precarious energy access situation, highlighting the transcending effects of energy impoverishment on wellbeing. This suggests that investments in affordable, clean energy access can improve nutrition outcomes and warrants more research in this area.
Gendered and regional insights
We interviewed rural women and men to understand to what extent they experience energy insecurity differently. In our small pilot sample, men reported a larger number of “Sometimes” experiences than did women. On the other hand, for the smaller number of “Often” responses, women are more likely to express this experience, particularly in relation to changing cooking schedules, disruption of agricultural/irrigation activities, and for overall frustration with the energy situation. Men use “Often” more readily only for living through dark evenings.
5
Figure 2 Rural household energy insecurity experience scale: Gendered pilot results for “sometimes” and “often”
mu Female (N=20) Sometimes/Often OMale (N=20) Sometimes/Often
18 2 16 3 14 5 12 a 10 2 5 8 5 6 2 4 g 2 i = 0 RY o & 2° > 2° o o ro & ¥ gi Y ¥ ¥ & e Ca & g SS < < SF & oF Ry RS 3 s we we e é RS 2 s Oo oP S \S & & > e = < a s ” Se eo “ s SF & s & ss s & oe RA s e id e e ” KR o & s & d » a” & 9 A ° ¥ <
Source: Authors.
Figure 2 presents gendered results across the two response categories. Compared to women respondents, more men expressed worries and frustrations about their energy situation and reported mostly limited experiences of spending dark evenings, household respiratory disease and changes in cooking plans. In contrast, women were more likely than men to report experiences, including frequent experiences, about interrupted on-farm and off-farm activities. They also reported skipped meals linked to energy insecurity more often than men.
Spatially, respondents’ energy insecurity experiences differ across regions. In the Amhara region, experiences related more to fuel quality, smoke, and drudgery for cooking and related domestic and agricultural activities. Diesel and petroleum prod- ucts used for irrigation were a critical problem among irrigator households, possibly because irrigation is more prevalent in this region. In the southern parts of the country (Sidama and SNNP regions), households reported fuel scarcity and lack of cooking fuel alternatives. Compromised meal quality due to fuel and time scarcity were mentioned across all regions.
Concluding remarks
This study introduces the development and pilot application of the Rural Household Energy Insecurity Experiences Scale (RHEIES), drawing on qualitative data from rural Ethiopia. We find severe energy insecurity experiences, with most house- holds worrying sometimes or often about their energy availability situation. Additionally, 40 percent of respondents linked their energy security situations with household health problems; 30 percent noted that they had to sometimes of often change meal plans and almost 18 percent energy insecurity experiences included skipping meals. Energy insecurity dis- proportionately affects women, who have multiple roles in securing and managing energy supplies, including as fuelwood collectors, agricultural laborers, cooks, and general caretakers of the household.
6
The RHEIES can be used to describe the relative deprivation of households in a specific geography and to assess the relationship of energy deprivation with other household outcomes that might well be correlated with energy insecurity, such as household water and food insecurity experiences. Future research should jointly assess linkages between the RHEIES, the HWISE, and the FIES to identify integrated interventions for those most affected by all three insecurities: the poor in rural areas in LMICs.
References
Arega, T., M. Yami, R.D. Bekele, C. Ringler, and M. Jeuland. 2023. “Closing the Gendered Energy Technology Gap in rural Ethiopia: A Qualitative Study.” IFPRI Discussion Paper 2224. Washington, DC: IFPRI. https://doi.org/10.2499/p15738coll2.137070
Groh, S., S. Pachauri, and N.D. Rao. 2016. “What Are We Measuring? An Empirical Analysis of Household Electricity Access Metrics in Rural Bangladesh.” Energy for Sustainable Development, 30: 21–31. https://doi.org/10.1016/j.esd.2015.10.007
Hernández, D., 2016. “Understanding ‘energy insecurity’ and why it matters to health.” Social Science & Medicine, 167: 1-10. https://doi.org/10.1016/j.socscimed.2016.08.029
IEA, IRENA, UNSD, World Bank, and WHO. 2023. Tracking SDG 7: The Energy Progress Report. World Bank, Washington DC. © World Bank. https://www.irena.org/Publications/2023/Jun/Tracking-SDG7-2023
Mekonnen, D., E. Bryan, T. Alemu, and C. Ringler. 2017. “Food Versus Fuel: Examining Tradeoffs in the Allocation of Biomass Energy Sources to Domestic and Productive Uses in Ethiopia.” Agricultural Economics, 48(4): http://dx.doi.org/10.1111/agec.12344 425–435.
Padam, G., D. Rysankova, E. Portale, B.B. Koo, S. Keller, and G. Fleurantin. 2018. “Ethiopia–Beyond Connections: Energy Access Diagnostic Report Based on the Multi-Tier Framework.” Washington, DC: World https://openknowledge.worldbank.org/handle/10986/30102 Bank.
Smith, M.D., M.P. Rabbitt, and A. Coleman-Jensen. 2017. “Who Are the World’s Food Insecure? New Evidence from the Food and Agriculture Organization’s Food Insecurity Experience Scale.” World Development, 93: https://doi.org/10.1016/j.worlddev.2017.01.006 402–412.
Young, S.L., G.O. Boateng, Z. Jamaluddine, J.D., Miller, E.A. Frongillo, T.B. Neilands, S.M. Collins, A. Wutich, W.E. Jepson, and J. Stoler. 2019. “The Household Water InSecurity Experiences (HWISE) Scale: Development and Validation of a Household Water Insecurity Measure for Low-Income and Middle-Income Countries. BMJ Global Health, 4(5): e001750. https://doi.org/10.1136/bmjgh-2019- 001750
World Bank. 2024. World Bank Development Indicators. Washington DC: World Bank. World Development Indicators | DataBank
Tiruwork Area is a PhD student at UNU Merit, Maastricht University and a former IFPRI staff; Claudia Ringler is Director, Natural Resources and Resilience Unit at IFPRI.
This policy note was developed with support of the CGIAR Initiative on NEXUS Gains. It has not been independently peer reviewed. The opinions expressed here belong to the authors, and do not necessarily reflect those of the organizations contributing to the study.
INTERNATIONAL FOOD POLICY RESEARCH INSTITUTE
A world free of hunger and malnutrition
1201 Eye Street, NW, Washington, DC 20005 USA | T. +1-202-862-5600 | F. +1-202-862-5606 | Email: ifpri@cgiar.org | http://www.ifpri.org/
© 2023 International Food Policy Research Institute (IFPRI). This publication is licensed for use under a Creative Commons Attribution 4.0 International License (CC BY 4.0), 7 https://creativecommons.org/licenses/by/4.0/.""","The Rural Energy Insecurity Experiences Scale: a tool to measure how much energy shortage rural households in low- and middle-income countries face The Rural Energy Insecurity Experiences Scale is a tool to measure how much energy shortage rural households in low- and middle-income countries face. It captures their experiences with energy poverty in a way that can be compared across different places. The results help show how energy shortages affect other important issues like nutrition, gender equality, environmental sustainability, and poverty. The following text section comes from a specific evidence file named URL https://eur03.safelinks.protection.outlook.com/?url=https%3A%2F%2Fdoi.org%2F10.7910%2FDVN%2FJAWBMQ&data=05%7C02%7CC.RINGLER%40CGIAR.ORG%7Cfaac2a506a5440557c8308dd1b3d20e8%7C6afa0e00fa1440b78a2e22a7f8c357d5%7C0%7C0%7C638696676039417188%7CUnknown%7CTWFpbGZsb3d8eyJFbXB0eU1hcGkiOnRydWUsIlYiOiIwLjAuMDAwMCIsIlAiOiJXaW4zMiIsIkFOIjoiTWFpbCIsIldUIjoyfQ%3D%3D%7C0%7C%7C%7C&sdata=82nYs9b38e84Vins3ISbgeJDBZ%2FVtqiCRYMiK0HpIuk%3D&reserved=0: ""Irrigation technologies, Use of Solar Pumps and Gendered Impacts - IFPRI Dataverse Skip to main content Toggle navigation Add Data New Dataverse New Dataset Search Search About User Guide Support Sign Up Log In Please enable JavaScript in your browser. It is required to use most of the features of Dataverse. IFPRI Dataverse (International Food Policy Research Institute) Home Harvard Dataverse > IFPRI Dataverse > Irrigation technologies, Use of Solar Pumps and Gendered Impacts Version 1.0 International Food Policy Research Institute (IFPRI), 2024, ""Irrigation technologies, Use of Solar Pumps and Gendered Impacts"", https://doi.org/10.7910/DVN/JAWBMQ , Harvard Dataverse, V1 Cite Dataset EndNote XML RIS BibTeX Learn about Data Citation Standards . Access Dataset Download Options Download ZIP (612.2 KB) Explore Options Binder Contact Owner Share Dataset Metrics 15 Downloads Description The CGIAR Nexus Gains initiative supported a survey on irrigation solar pumps in Uganda to examine how solar pump ownership impacts the livelihoods of women and men in rural areas. This questionnaire was utilized to collect data from both beneficiaries and non-beneficiaries of the World Bank solar pump subsidy project, implemented by the Ugandan Ministry of Agriculture, Fisheries, and Animal Industry. The subsidy project required applicants to: Contribute 25% of the pump acquisition cost. Have access to a water source. Own arable land. At the time of the survey (November December 2024), the project had expanded to all four regions of Uganda (Central, Eastern, Western, and Northern), covering 66 of the country s 122 districts. The survey was conducted in all four regions, sampling eight districts (two per region). Due to budget constraints, the survey included a sample of 480 households, comprising 280 beneficiaries and 200 non-beneficiaries. In each household, both an adult female and an adult male were interviewed to capture gender-differentiated perspectives. Questionnaire Protocol Modules: Household Composition Irrigation Use Solar Pump and Non-Solar Pump Characteristics Women Empowerment Energy Insecurity Water Insecurity Food Insecurity Nutrition and Dietary Diversity Production and Input Assets Markets and Marketing Access to Rural Services Access to Pump Repair Technical Services This comprehensive survey design aims to explore the multifaceted impacts of solar pump adoption on household livelihoods, with a particular focus on gendered outcomes. Read full Description [+] Subject Social Sciences; Agricultural Sciences Keyword irrigation, irrigation technology, women's empowerment, gender, renewable energy, subsidies, water security, UGANDA, EAST AFRICA, AFRICA SOUTH OF SAHARA License/Data Use Agreement Custom Dataset Terms ui-button Files Metadata Terms Versions 1 File UG_Irrigation_solar_pumps_Questionnaire.pdf Adobe PDF - 612.2 KB Published Dec 12, 2024 15 Downloads MD5: e81...536 Documentation Preview ""UG_Irrigation_solar_pumps_Questionnaire.pdf"" Access File File Access Public Download Options Adobe PDF Download Metadata Data File Citation EndNote XML RIS BibTeX Export Metadata OAI_ORE DataCite OpenAIRE Schema.org JSON-LD DDI Codebook v2 Dublin Core Croissant DDI HTML Codebook JSON Citation Metadata Persistent Identifier doi:10.7910/DVN/JAWBMQ Publication Date 2024-12-12 Title Irrigation technologies, Use of Solar Pumps and Gendered Impacts Author International Food Policy Research Institute (IFPRI) Point of Contact Use email button above to contact. IFPRI-Data (International Food Policy Research Institute (IFPRI)) Description The CGIAR Nexus Gains initiative supported a survey on irrigation solar pumps in Uganda to examine how solar pump ownership impacts the livelihoods of women and men in rural areas. This questionnaire was utilized to collect data from both beneficiaries and non-beneficiaries of the World Bank solar pump subsidy project, implemented by the Ugandan Ministry of Agriculture, Fisheries, and Animal Industry. The subsidy project required applicants to: Contribute 25% of the pump acquisition cost. Have access to a water source. Own arable land. At the time of the survey (November December 2024), the project had expanded to all four regions of Uganda (Central, Eastern, Western, and Northern), covering 66 of the country s 122 districts. The survey was conducted in all four regions, sampling eight districts (two per region). Due to budget constraints, the survey included a sample of 480 households, comprising 280 beneficiaries and 200 non-beneficiaries. In each household, both an adult female and an adult male were interviewed to capture gender-differentiated perspectives. Questionnaire Protocol Modules: Household Composition Irrigation Use Solar Pump and Non-Solar Pump Characteristics Women Empowerment Energy Insecurity Water Insecurity Food Insecurity Nutrition and Dietary Diversity Production and Input Assets Markets and Marketing Access to Rural Services Access to Pump Repair Technical Services This comprehensive survey design aims to explore the multifaceted impacts of solar pump adoption on household livelihoods, with a particular focus on gendered outcomes. Subject Social Sciences; Agricultural Sciences Keyword irrigation http://aims.fao.org/aos/agrovoc/c_3954 (AGROVOC) irrigation technology http://aims.fao.org/aos/agrovoc/c_6086118d (AGROVOC) women's empowerment http://aims.fao.org/aos/agrovoc/c_f1c72537 (AGROVOC) gender http://aims.fao.org/aos/agrovoc/c_34835 (AGROVOC) renewable energy http://aims.fao.org/aos/agrovoc/c_25719 (AGROVOC) subsidies http://aims.fao.org/aos/agrovoc/c_7484 (AGROVOC) water security http://aims.fao.org/aos/agrovoc/c_bd3167bb (AGROVOC) UGANDA http://aims.fao.org/aos/agrovoc/c_8038 (AGROVOC) EAST AFRICA http://aims.fao.org/aos/agrovoc/c_2442 (AGROVOC) AFRICA SOUTH OF SAHARA http://aims.fao.org/aos/agrovoc/c_166 (AGROVOC) Topic Classification Impact assessment (AGROVOC) http://aims.fao.org/aos/agrovoc/c_37938 Natural resources (AGROVOC) http://aims.fao.org/aos/agrovoc/c_5091 Irrigation technology (AGROVOC) http://aims.fao.org/aos/agrovoc/c_6086118d Language English Producer International Food Policy Research Institute (IFPRI) https://www.ifpri.org Production Date 2024 Production Location Washington, DC Contributor Researcher : Kato, Edward (International Food Policy Research Institute (IFPRI)) Researcher : Ringler, Claudia (International Food Policy Research Institute (IFPRI)) Funding Information CGIAR TRUST FUND Distributor International Food Policy Research Institute (IFPRI) http://www.ifpri.org Distribution Date 2024 Depositor IFPRI-KM Deposit Date 2024 Data Type sample survey data (SSD) Series Household- and Community-level Surveys Geospatial Metadata Geographic Coverage Uganda Dataset Terms License/Data Use Agreement Our Community Norms as well as good scientific practices expect that proper credit is given via citation. Please use the data citation shown on the dataset page. Custom Dataset Terms the following Custom Dataset Terms have been defined for this dataset. Terms of Use IFPRI Datasets Terms of Use Statement (December 2019) 1. Description The International Food Policy Research Institute (IFPRI) views the products of its research including research dataset(s) as global public goods and is committed to enabling their widespread distribution and use by providing unrestricted public access. This is in keeping with the IFPRI Research Data Management and Open Access (RDMOA) Policy and the CGIAR Open Access and Data Management Policy (each, a Policy and together, the Policies ). IFPRI makes all its research data publicly available through the IFPRI Dataverse. The IFPRI Dataverse houses and is comprised of datasets collected during the course of IFPRI research, including data tables in various standard formats, survey instruments, codebooks, metadata, and other associated documentation. IFPRI Dataverse is a network member of Harvard Dataverse, which is a repository for research data hosted at Institute for Quantitative Social Science (IQSS) , Harvard University. IFPRI is the owner of the IFPRI Dataverse (sometimes referred to in these Terms of Use as the Site ). The Communications and Public Affairs (CPA) division of IFPRI operates this Site on behalf of IFPRI. For questions pertaining to these terms of use, licenses, or concerns, please contact IFPRI-Data@cgiar.org . In the event of any conflict between these Terms of Use and either of the Policies, the terms of the applicable Policy shall control with respect to, and to the extent of, any such conflicting terms. 2. Adoption, Acceptance, and Changes to Terms of Use By using this Site, downloading or otherwise accessing any dataset or other materials or content made available through it, you ( you or user ), acknowledge that you understand and intend these Terms of Use to be the legal equivalent of a signed, written contract and equally binding, and that you accept the terms of and agree to be legally bound by these Terms of Use. IFPRI may change these Terms of Use without prior notification. However, any modifications to the Terms of Use will only be effective for the download/use of this Site subsequent to such modification. Your continued download of datasets or any other use of this Site subsequent to reasonable notice of such modification will be conclusively deemed acceptance of any such modification to these Terms of Use. You agree that notice of changes to these Terms of Use posted on this Site constitutes reasonable and sufficient notice. We consider it is incumbent upon users to read these terms to be aware of changes. At all times, you are bound by the then-current version of these Terms of Use and all applicable laws. Accordingly, we highly recommend that you review these Terms of Use from time to time to ensure that you are familiar with the most recent version. 3. Use of the Materials/Site By using this Site or downloading, or otherwise accessing the IFPRI Dataverse, users acknowledge: The dataset or any other materials made available through the site will be used solely for reporting aggregated information, and not for investigation of specific individuals or organizations. IFPRI will not be responsible or held accountable for any interpretations or conclusions that users may arrive from the use of dataset or materials available on the Site. No attempt will made to re-identify research subjects from the data or materials that are accessed from the site, and no use will be made of the identify of any person, institutions or establishment discovered inadvertently. If user becomes aware of any violation of the foregoing, user will immediately report it to IFPRI-Data . No attempt will be made to produce links among datasets, datafiles or any other materials that are available through this site; and the datasets, datafiles, and other materials from this site and other existing datasets/materials that are available from other organizations or accessible over the internet to identify individuals, organizations or establishments, not limited to research subjects. No attempt will be made to extract information from the materials in the Site that could help user to find means of contacting any research subjects of the dataset already known to the User. Any publications resulting from the use of data will cite IFPRI as the source of data in accordance with the Citation Requirement provided within each dataset. In addition, you may not use Content in any manner that suggests the endorsement or association of any third-party entity, person, product or service by IFPRI unless express written permission has been given by IFPRI in advance. Except as expressly permitted hereunder in Section 4, you may not under any circumstances: (a) copy, print or download in any medium all or substantially all of the Content; (b) modify any Content; or (c) copy, distribute, or reverse engineer any underlying software code for this Site and/or Content. Unless and except as otherwise expressly permitted by these Terms of Use, you may not access, copy, reproduce, modify, create derivative works of, alter, publicly distribute, republish, upload, post, transmit, publicly perform or display, license, transfer, sell, mirror, frame, deep link, scrape, data mine, or otherwise use any information or material obtained from or through this Site, without written permission from IFPRI. You may not remove or obscure any copyright notices or other notices of intellectual property rights from this Site or any content available on or through this Site. Any unauthorized use of this Site or the Content will terminate the permission granted by these Terms of Use and may violate applicable laws, including copyright, trademark, database laws, and commercial regulations and statutes. In addition to Third-Party Materials (as described in Section 6), there may be certain Content that may have more restrictive terms of use (e.g., particular datasets, including those related to the Africa RISING program, that may have timing and other restrictions, such as when IFPRI may first make the relevant data generally publicly available). In such case, users shall at all times comply with any and all such additional restrictions, and shall not attempt to circumvent any relevant technical, administrative or other security measures, or otherwise seek to obtain unauthorized access to such Content. 4. Copyright and Licenses IFPRI is the owner of the datasets that are produced by IFPRI. In addition, IFPRI is the owner of this Site, and the data, datasets, and other content provided on this Site (all such content collectively, the Content ) are the exclusive property of IFPRI and/or its affiliates, or are used with permission from third-party licensors, and are protected by law, including United States copyright, database, trade secret, and trademark law, as well as other state, national, and international laws and regulations. Except as expressly provided in these Terms of Use, IFPRI does not grant any express or implied rights to you. IFPRI owns copyright rights in this Site as a collective work and/or compilation, and in its datasets accessible on or through this Site. Except where there is a statement that a non-CC license is being used, materials will be made available under the Creative Commons Attribution 4.0 International ( CC-BY-4.0 ). This license contains permission to reuse, distribute, and reproduce content even for commercial purposes. IFPRI grants this license under the condition that any reuse will contain attribution of the content to IFPRI and any named authors of the dataset in the form of citations as per applicable industry standards and best practices for citing data, or as otherwise acceptable to IFPRI in its reasonable discretion. Notwithstanding the foregoing, IFPRI reserves the right, in its reasonable discretion to choose not to be associated with certain reports and other products that cite the relevant data, and in any such event, IFPRI may notify the user, and the user shall promptly comply with IFPRI s requests related thereto. 5. Attribution for Adaptations and Derivatives Attribution : Regardless of any other license terms governing the use of a dataset, any use of the dataset or their content must be attributed with proper citation according to recognized citation format standards to include: authorship, year, title of the dataset, publisher, and reference URI (Uniform Resource Identifier). Adaptations :Except as otherwise specified by IFPRI, if you use a dataset from this Site under CC BY or any other license that permits you to make adaptations, you must add (after the attribution language) the following explanation to the adaptation that you create: This data was provided by the International Food Policy Research Institute (IFPRI). IFPRI bears no responsibility for the analyses or interpretations of the data presented here. 6. Third Parties In general, no matter what license applies to each particular dataset, there may be links or references on this Site to third parties and material owned (in whole or in part) by third parties, including datasets that may have more restrictive terms of use. IFPRI therefore does not warrant that the use of any third-party-owned datasets, individual components/elements, data, or other material contained or otherwise made available on or through this Site (collectively Third-Party Materials ) will not infringe on or otherwise violate the copyright or other rights of third parties. The risk of claims resulting from such infringement or other violation or unauthorized use rests solely with users of this Site. If you wish to re-use any such Third-Party Materials, it is your responsibility to determine whether permission is needed for that re-use and to obtain permission from the applicable owner. Any descriptions of, references to, or links to third parties or third-party products, publications or services does not imply endorsements of any kind, unless expressly stated by IFPRI. IFPRI expressly disclaims any responsibility for the content, the accuracy of the information, and/or quality of products or services provided by or otherwise made available by such third parties (including the Third-Party Materials, and any information and materials on any third-party sites). 7. Non-endorsement Nothing in these Terms of Use or on this Site shall be construed as granting you any right or license to use any trademarks, service marks or logos displayed on the Site. Unless otherwise noted, INTERNATIONAL FOOD POLICY RESEARCH INSTITUTE, IFPRI, IFPRI DATAVERSE, , and other brands and logos featured on this Site constitute IFPRI s trade/service marks. You agree not to: (a) use or register any name, logo or insignia of IFPRI or any of its projects for any purpose including publicity releases, advertising or email communications or in any other manner, including customer lists, without securing prior written approval of the Communications and Public Affairs (CPA) Director or Director General (DG) of IFPRI; (b) challenge or contest the validity or IFPRI s ownership of such trademarks, any of the Content, or any other IFPRI intellectual property; or (c) assist any third party in doing so. This Site may also include the product, service and company names, as well as logos, of third parties. Such third-party designations are the trade/service marks of their respective owners, and may not be used without the prior written permission of their respective owners. 8. Indemnification The user shall indemnify and hold harmless IFPRI, its affiliates and related organizations, and each of their respective officers, directors, employees, legal representatives, agents, successors and assigns, from and against any damages, liabilities, judgments, settlements, costs and expenses (including reasonable attorneys and professionals fees and court costs arising out of any third-party claims based on (a) the use or misuse of this Site or data or any other materials or Content made available through this Site; (b) any changes made by the user to the downloaded data; (c) any breach by the user of any of the term and conditions of these Terms of Use; (d) ) infringement by you, or any third party using your account, of any intellectual property or other right of any person or entity, including but not limited to any breach by you of these Terms of Use. 9. Disclaimers and Limitation of Liability IFPRI PROVIDES THE DATA AND OTHER MATERIALS ON THE IFPRI DATAVERSE AND ALL CONTENT ON AN AS IS, AND AS AVAILABLE BASIS, AND IFPRI EXPRESSLY DISCLAIMS ALL WARRANTIES REPRESENTATIONS, INDEMNITIES AND GUARANTEES, WHETHER EXPRESS OR IMPLIED, ARISING BY LAW, CUSTOM, PRIOR ORAL OR WRITTEN STATEMENTS BY IFPRI, WITH RESPECT TO ALL SUCH DATA AND OTHER CONTENT (INCLUDING, BUT NOT LIMITED TO ANY WARRANTY OF SATISFACTORY QUALITY, MERCHANTABILITY, FITNESS FOR PARTICULAR PURPOSE, TITLE AND NON-INFRINGEMENT, ACCURACY, TIMELINESS, AND COMPLETENESS) TO THE MAXIMUM EXTENT ALLOWED BY LAW. IFPRI FURTHER DISCLAIMS, AND SHALL HAVE NO LIABILITY FOR, ANY ERRORS, OMISSIONS, INACCURACIES, OR INTERRUPTIONS IN THE DATA, ANY OTHER CONTENT, OR THIS SITE. USERS SHALL NOT MAKE ANY STATEMENT REGARDING THE USE OF THE IFPRI DATAVERSE THAT IS CONTRADICTORY TO OR INCONSISTENT WITH THE FOREGOING STATEMENTS. IN NO EVENT SHALL IFPRI BE LIABLE FOR INDIRECT, SPECIAL, INCIDENTAL, CONSEQUENTIAL, EXEMPLARY OR PUNITIVE DAMAGES ARISING UNDER OR RELATING TO THESE TERMS OF USE, OR FOR LOST PROFITS, EVEN IF ADVISED OF THE POSSIBILITY OF SUCH DAMAGES. IFPRI SHALL NOT BE LIABLE TO ANY THIRD PARTIES FOR ANY CLAIM OR DEMAND BASED ON OR RELATING TO THESE TERMS OF USE, OR USE OF THE IFPRI DATAVERSE. TO THE EXTENT PERMITTED BY LAW, IFPRI DISCLAIMS LIABILITY FOR ANY DIRECT DAMAGES BASED ON YOUR ACCESS OR USE OF THIS SITE AND ITS CONTENT. 10. Misuse IFPRI reserves the right in its sole discretion to cancel or suspend access to the dataset or any material in the IFPRI Dataverse or any other Content, or terminate these Terms of Use, at any time and for any reason, including but not limited to the following reasons: violation of these Terms of Use; violation of intellectual property rights; misrepresentation of identity; protection of this Site from perceived threats electronic or otherwise; and illegal activity on this Site. 11. Use of Your Data The IFPRI Dataverse is a network member of the Harvard Dataverse . Harvard Dataverse Privacy Policy explains what information are collected through this application and how this information is handled. This policy also applies to the IFPRI Dataverse and this Site. Further when guestbook feature is activated for the data and materials that you are downloading through the IFPRI Dataverse, users are required to provide some information including name and email. This information resides in the server of Harvard University and is also available to IFPRI (e.g., the Dataverse administrator and curator). IFPRI will implement and maintain procedures to protect your information that is downloaded from the guestbook. IFPRI is fully committed to safeguarding the privacy of our users. Please see IFPRI s Privacy Policy for information regarding the use and handling of personal information. These privacy policies are made a part of, and incorporated by reference into, these Terms of Use. 12. Miscellaneous Except as permitted under Section 4, the user may not assign, transfer or delegate any of its rights and obligations hereunder without consent. No agency, partnership, joint venture, or employment relationship is created as a result of these Terms of Use and neither party has any authority of any kind to bind the other in any respect outside of the terms described within these Terms of Use. In any action or proceeding to enforce rights under these Terms of Use, the prevailing party will be entitled to recover costs and attorneys fees. Failure to insist on strict performance of any of the provisions of these Terms of Use will not operate as a waiver of any subsequent default or failure of performance. No waiver by IFPRI of any right under these Terms of Use will be deemed to be either a waiver of any other right or provision or a waiver of that same right or provision at any other time. Any rights not expressly granted under these Terms of Use are reserved by IFPRI. These Terms of Use shall be governed by the laws of the District of Columbia without reference to its conflict of law principles. The parties hereby consent to the jurisdiction of the courts located in Washington, D.C. in any action arising out of or relating to these Terms of Use, and agree that any action arising out of or relating to these Terms of Use shall be maintained in the same jurisdiction. No joint venture, partnership, employment, agency or other relationship exists between you and IFPRI as a result of these Terms of Use or your use of this Site. If any provision of these Terms of User is held unlawful, void or unenforceable for any reason by a court or tribunal of competent jurisdiction, that provision shall be enforced to the maximum extent permissible so as to effect the intent of the parties, and the remainder of these Terms of Use shall continue in full force and effect. Disclaimer IFPRI adheres to the principle of unrestricted public access to its own final research outputs and will make such outputs freely available. The Institute encourages the use of this dataset; for detailed information on its use, please refer to IFPRI s Intellectual Property Policy . The data files in this dataset are unit record or raw data files. Information that would allow survey respondents to be identified has been deleted from the files, but all other information remains. IFPRI s decision not to alter the contents of the data files means that the user of these files will need to take care in handling missing observations, outliers, and violations of logical consistency. The data are provided as is and in no event shall IFPRI be liable for any damages resulting from the use of the data. While great effort was taken to obtain high-quality data, the accuracy or reliability of the data is not guaranteed or warranted in any way. Direct Dataset Version Summary Contributors Published on (Loading versions...) Edit File This file has already been deleted (or replaced) in the current version. It may not be edited. Close Restrict Access Restricting limits access to published files. People who want to use the restricted files can request access by default. If you disable request access, you must add information about access to the Terms of Access field. Learn about restricting files and dataset access in the User Guide . Request Access Enable access request You must enable request access or add terms of access to restrict file access. Terms of Access for Restricted Files Save Changes Cancel Edit Embargo The selected file or files have already been published. Contact an administrator to change the embargo date or reason of the file or files. Cancel Edit Retention Period The selected file or files have already been published. Contact an administrator to change the retention period date or reason of the file or files. Cancel Delete Files The file will be deleted after you click on the Delete button. Files will not be removed from previously published versions of the dataset. Delete Cancel Continue Cancel Select File(s) Please select one or more files. Close Share Dataset Share this dataset on your favorite social media networks. Close Continue Cancel Dataset Citations Citations for this dataset are retrieved from Crossref via DataCite using Make Data Count standards. For more information about dataset metrics, please refer to the User Guide . Sorry, no citations were found. Close Inaccessible Files Selected The selected file(s) may not be downloaded because you have not been granted access or the file(s) have a retention period that has expired or the files can only be transferred via Globus. Close Ineligible Files Selected The selected file(s) may not be transferred because you have not been granted access or the file(s) have a retention period that has expired or the files are not Globus accessible. Close Download Options The files selected are too large to download as a ZIP. You can select individual files that are below the 15.0 GB download limit from the files table, or use the Data Access API for programmatic access to the files. Select File(s) Please select a file or files to be downloaded. Close Inaccessible Files Selected The selected file(s) may not be downloaded because you have not been granted access or the file(s) have a retention period that has expired. Click Continue to download the files you have access to download. Continue Cancel Ineligible Files Selected Some file(s) cannot be transferred. (They are restricted, embargoed, with an expired retention period, or not Globus accessible.) Click Continue to transfer the elligible files. Continue Cancel Delete Dataset Are you sure you want to delete this dataset and all of its files? You cannot undelete this dataset. Continue Cancel Delete Draft Version Are you sure you want to delete this draft version? Files will be reverted to the most recently published version. You cannot undelete this draft. Continue Cancel Unpublished Dataset Preview URL Preview URL can only be used with unpublished versions of datasets. Cancel Unpublished Dataset Preview URL Are you sure you want to disable the Preview URL? If you have shared the Preview URL with others they will no longer be able to use it to access your unpublished dataset. Yes, Disable General Preview URL Cancel Delete Files The file(s) will be deleted after you click on the Delete button. Files will not be removed from previously published versions of the dataset. Delete Cancel Compute This dataset contains restricted files you may not compute on because you have not been granted access. Close Deaccession Dataset Are you sure you want to deaccession? This is permanent and the selected version(s) will no longer be viewable by the public. No Deaccession Dataset Are you sure you want to deaccession this dataset? This is permanent an it will no longer be viewable by the public. No Version Differences Details Please select two versions to view the differences. Close Version Differences Details Version: Last Updated: Version: Last Updated: Done Select File(s) Please select a file or files for access request. Close Select File(s) Embargoed files cannot be accessed. Please select an unembargoed file or files for your access request. Close Edit Tags Select existing file tags or create new tags to describe your files. Each file can have more than one tag. Save Changes Cancel Request Access You need to Sign Up or Log In to request access. Close Dataset Terms Please confirm and/or complete the information needed below in order to request access to files in this dataset. This dataset is made available under the following terms. Please confirm and/or complete the information needed below in order to continue. License/Data Use Agreement Our Community Norms as well as good scientific practices expect that proper credit is given via citation. Please use the data citation shown on the dataset page. Custom Dataset Terms the following Custom Dataset Terms have been defined for this dataset. Terms of Use IFPRI Datasets Terms of Use Statement (December 2019) 1. Description The International Food Policy Research Institute (IFPRI) views the products of its research including research dataset(s) as global public goods and is committed to enabling their widespread distribution and use by providing unrestricted public access. This is in keeping with the IFPRI Research Data Management and Open Access (RDMOA) Policy and the CGIAR Open Access and Data Management Policy (each, a Policy and together, the Policies ). IFPRI makes all its research data publicly available through the IFPRI Dataverse. The IFPRI Dataverse houses and is comprised of datasets collected during the course of IFPRI research, including data tables in various standard formats, survey instruments, codebooks, metadata, and other associated documentation. IFPRI Dataverse is a network member of Harvard Dataverse, which is a repository for research data hosted at Institute for Quantitative Social Science (IQSS) , Harvard University. IFPRI is the owner of the IFPRI Dataverse (sometimes referred to in these Terms of Use as the Site ). The Communications and Public Affairs (CPA) division of IFPRI operates this Site on behalf of IFPRI. For questions pertaining to these terms of use, licenses, or concerns, please contact IFPRI-Data@cgiar.org . In the event of any conflict between these Terms of Use and either of the Policies, the terms of the applicable Policy shall control with respect to, and to the extent of, any such conflicting terms. 2. Adoption, Acceptance, and Changes to Terms of Use By using this Site, downloading or otherwise accessing any dataset or other materials or content made available through it, you ( you or user ), acknowledge that you understand and intend these Terms of Use to be the legal equivalent of a signed, written contract and equally binding, and that you accept the terms of and agree to be legally bound by these Terms of.

The following text section comes from a specific evidence file named URL https://www.ifpri.org/blog/from-crisis-to-recovery-how-cgiars-bright-survey-can-catalyze-evidence-based-policy-reforms-in-sri-lanka/: ""blogs IFPRI Blog: Research Post Development Strategies and Governance From crisis to recovery: How CGIAR s BRIGHT Survey can catalyze evidence-based policy reforms in Sri Lanka Share Email Twitter Facebook WhatsApp LinkedIn Open Access | CC-BY-4.0 People queue up to buy kerosene for domestic use at a supply station in Colombo, Sri Lanka, on May 17, 2022. Photo Credit: Ishara S. Kodikara/AFP via Getty Images) By Derek Headey, Joanna van Asselt, Olivier Ecker, and Jean Bali December 20, 2024 As the American polymath W. Edwards Deming once famously said, In God we trust; all others bring data. Unfortunately, bringing data and evidence to policy deliberations has not always been the norm in Sri Lanka s recent political history. From 2022 to the present, the country experienced the worst economic crisis since its independence a crisis precipitated by policy decisions made without consideration of rigorous evidence or sound economic advice, including escalating government debt, depletion of foreign reserves, and a disastrous fertilizer import ban. Since late 2022, a bailout package by the International Monetary Fund (IMF) and policy reforms have steadied Sri Lanka s macroeconomy, though the ordinary citizen remains far poorer than she was before the crisis. The arrival of a new government in late 2024 led by the reform-minded National People s Power (NPP) party offers a promising opportunity for policymakers and researchers to contribute much more to rebuilding the Sri Lankan economy. A key new resource for those efforts is the BRIGHT (Building Resilience, Inclusive Growth, and Holistic Transformation) survey. This project begun in 2024 by the CGIAR Poverty Reduction, Livelihoods, and Jobs Impact Area Platform and IFPRI, with support from the International Water Management Institute and local partners aims to implement a nationally representative, multi-thematic household survey for Sri Lanka. The BRIGHT survey will fill crucial evidence gaps on changes in poverty, the impacts of social safety net reforms, the recovery of both farm and non-farm livelihoods, malnutrition and its many root causes, women s empowerment, mental health and happiness, and food, energy, and water security. A November 21 webinar, organized by IFPRI and the CGIAR Livelihoods Platform, explored key elements and potential applications of the BRIGHT survey data with experts from Sri Lankan and international agencies. Building on the event, this post outlines Sri Lanka s recent history, current challenges, and the BRIGHT survey s potential to foster a faster and more inclusive economic recovery at this critical point of national transition. Anatomy of a crisis In the decade preceding the COVID-19 pandemic, successive Sri Lankan governments pursued expansionary fiscal and trade policies leading to large budget deficits, continuing the country s long history of what famed Cambridge economist Joan Robinson in 1959 called tasting the fruit before planting the tree. In 2019, the newly elected government of President Gotabaya Rajapaksa seemed to exacerbate this trend by dismissing data and bypassing any kind of evidence or transparent debate. The Rajapaksa government inexplicably cut taxes for the wealthiest segment of Sri Lankan society, reducing its tax rate from 28% to 18%, just a few months before the economic shock of the COVID-19 pandemic. This meant that government finances were in a weak position to deal with the severe shock and fiscal demands of the pandemic. Fast forward to May 2021: President Rajapaksa did the unthinkable for an Asian leader, banning imports of chemical fertilizers overnight, under the mistaken belief that going organic would benefit both farmers and the government s foreign exchange reserves. By the time the ban was lifted seven months later, yields of rice the country s staple food had plummeted by a third, farmers were immiserated, and the trade deficit had been widened further due to falling agricultural exports and rising imports of key foods, including rice. By March 2022, the Rajapaksa Government s house of cards had collapsed. The government defaulted on its sovereign debt, the currency collapsed, inflation surged to 80%, and the real wages of both the poor and the middle class fell by 30% in a matter of months (Figure 1). Increasingly popular protests ensued. In July 2022, the Rajapaksa political regime tumbled from power, and Prime Minister Ranil Wickremasinghe assumed an emergency presidency. He immediately sought an IMF bail-out package and agreed to a severe but unavoidable austerity program. Figure 1 Considering the severity of the economic crisis, it is encouraging now that, according to World Bank reports, Sri Lanka s macroeconomy has started to turn the corner, reaching positive growth rates in 2024. However, a litany of welfare challenges persists for Sri Lanka s citizens. Average worker incomes remain stagnant at 25% below their pre-crisis levels (Figure 1). Child malnutrition and mortality rates are 30% higher than pre-crisis levels. Agriculture continues to struggle and is highly vulnerable to the impacts of climate change. Crisis-induced emigration has led to a brain drain in almost every sector. And there is almost certainly an unprecedented but poorly quantified surge in various physical and mental health issues, including suicides and substance abuse. Despite these hardships, a welcome dash of optimism emerged in late 2024 with fresh presidential and parliamentary elections peacefully bringing in a new regime led by the NPP party. Many NPP leaders have academic backgrounds, and hopefully more appetite for original data, research-based evidence, and scientific advice. Encouragingly, the NPP manifesto stressed the importance of reforms focused squarely on improving the welfare of ordinary Sri Lankans. Enter the BRIGHT project At this critical juncture in the country s history, the central question is whether Sri Lanka s new government can do things differently: Can data, evidence, and science play a leading role in influencing policy decisions, design, and implementation? The BRIGHT project aims to support this ambition. In 2024, the Livelihoods Platform, in collaboration with IFPRI researchers, identified an opportunity to bridge science and policy in Sri Lanka by filling a critical data gap that has been hindering evidence-based policymaking: the lack of a nationally representative, multi-thematic household survey capable of answering a whole host of multisectoral policy questions. Sri Lanka s last nationwide comprehensive economic survey (from 2019) and Demographic Health Survey (from 2016) preceded the recent economic crisis. Specialized surveys conducted during the crisis by organizations including the World Food Programme, the UN Development Programme, UNICEF, the Institute of Policy Studies of Sri Lanka, and the Sri Lankan government provided valuable information on food security, economic welfare, and other topics. Yet these surveys were not designed to offer researchers a holistic view of the complex multisectoral interlinkages between poverty, food insecurity, malnutrition, and other dimensions of people s well-being. Moreover, many of these surveys are not freely and publicly accessible, making it challenging for Sri Lankan and international researchers to develop new evidence independently, let alone share it with policymakers. IFPRI along with local and international partners therefore led the design of the multi-thematic BRIGHT survey, encompassing 6,500 households to make the survey representative of Sri Lanka as a whole, as well as its rural and urban areas and estate sector. This survey, freely accessible to both local and international researchers and institutions, will provide a rich dataset to investigate an unusually wide range of welfare indicators. The survey is also highly innovative, as it incorporates newly developed modules on nutrition knowledge, water and energy security, and food consumption, and a number of survey experiments around gender-specific newly designed modules on farming, fishing, and livestock practices (Figure 2). Figure 2 Perhaps the simplest but most significant innovation of this project in the Sri Lankan context lies in the commitment by CGIAR and IFPRI to make the collected data publicly accessible on an accelerated timetable in early 2025. This will provide a wealth of free and readily available data for all users, from undergraduate students all the way up to policy analysts in the Sri Lankan government, as well as all the technocrats, program implementers, and academics in between. Crowding in a vast amount of research in this fashion will enable a deeper understanding of Sri Lanka s socioeconomic landscape and inform evidence-based decision-making with high-quality multi-sectoral data. Looking forward: BRIGHT as a collaborative tool for policy change The BRIGHT survey offers the development community more than just the opportunity to generate timely new evidence from high-quality data; it also offers the opportunity to translate and transport that evidence into the eyes, ears, and hands of Sri Lanka s newly formed government. To do that, the scientific and development communities must collaborate and coordinate more effectively and work harder and smarter to bring the expertise and interests of various segments of Sri Lankan society together to exchange evidence, interests, challenges, and ideas. IFPRI and its partners will initiate a Sri Lanka Policy Dialogue series in 2025, bringing together policymakers, scientists, diverse private sector actors, and civil society organizations. By developing a more regular platform for sharing evidence and information, the BRIGHT project aims to foster a culture of greater trust between the public and private sectors, academia, and civil society, as well as a stronger appreciation of the value of impartial evidence. Old habits may die hard, but with every crisis there is an opportunity to do things differently. The BRIGHT project offers a foundation for building a broader data-research-impact institution. The current moment presents a unique opportunity for Sri Lanka to reimagine its development trajectory. The citizens thirst for doing politics and policy differently has never been stronger: We must all seize the moment to drive positive change and build a more resilient and equitable future for the Sri Lankan people. Derek Headey is a Senior Research Fellow and Joanna van Asselt an Associate Research Fellow with IFPRI s Development Strategies and Governance Unit, both based in Colombo, Sri Lanka; Olivier Ecker is a Senior Research Fellow with IFPRI s Foresight and Policy Modeling Unit based in Washington, D.C., USA; Jean Bali is the Director of the CGIAR Poverty Reduction, Livelihoods, and Jobs Impact Area Platform in Montpellier, France. Opinions are the authors . This post was prepared with the support of the CGIAR Poverty Reduction, Livelihoods, and Jobs Impact Area Platform. We would like to thank all funders who supported this research through their contributions to the CGIAR Trust Fund. Links Webinar: Building Resilience, Inclusive Growth, and Holistic Transformation (BRIGHT) in Sri Lanka CGIAR Poverty Reduction, Livelihoods & Jobs Impact Area Platform Countries Sri Lanka South Asia Asia Topics Food Crises Governance Poverty Donors CGIAR Trust Fund Previous Blog Posts Research Post January 30, 2025 Making a Difference: How farmers in Ghana benefit from the Agricultural Mechanization Services Enterprise Centers Program By Tamsin Zandstra, Samuel Benin, and Seth Asante Making tractors accessible and affordable to smallholders. Research Post January 28, 2025 Policy change and farmer feedback: Does anonymity matter? Evidence from Uzbekistan By Anton Liutin, Paul Casta eda Dower, and Muzna Alvi Gauging efforts to build water security. Issue Post January 28, 2025 The ECOWAS breakup: Implications for West African food security and regional cooperation By Danielle Resnick Facing the Sahelexit."".

The following text section comes from a specific evidence file named URL https://doi.org/10.2499/p15738coll2.137070: ""Closing the gendered energy technology gap in rural Ethiopia: A qualitative study Skip to main content Communities & Collections Browse Navigate CGIAR Centers Statistics English Catal e tina Deutsch Espa ol Suomi Fran ais G idhlig Magyar Italiano Latvie u Nederlands Polski Portugu s Portugu s do Brasil Srpski (lat) Svenska T rk e Y Ti ng Vi t Log In Note: CGIAR users should log in with their Active Directory username and password. For example, if your email is j.smith@cgiar.org, you would use jsmith here. Log in New user? Click here to register. Have you forgotten your password? Home CGIAR research centers International Food Policy Research Institute (IFPRI) IFPRI Discussion Papers Closing the gendered energy technology gap in rural Ethiopia: A qualitative study Closing the gendered energy technology gap in rural Ethiopia: A qualitative study Loading... Files Discussion Paper (618.56 KB, pdf) Authors Arega, Tiruwork Yami, Mastewal Bekele, Rahel Deribe Ringler, Claudia Jeuland, Marc Date Issued 2023-12-31 Date Online 2023 Language en Type Working Paper Review Status Internal Review Access Rights Open Access Usage Rights Other Metadata Full item page Share Citation Arega, Tiruwork; Yami, Mastewal; Deribe, Rahel; Ringler, Claudia; and Jeuland, Marc. 2023. Closing the gendered energy technology gap in rural Ethiopia: A qualitative study. IFPRI Discussion Paper 2224. Washington, DC: International Food Policy Research Institute (IFPRI). https://doi.org/10.2499/p15738coll2.137070 . Permanent link to cite or share this item https://hdl.handle.net/10568/137345 External link to download this item DOI https://doi.org/10.2499/p15738coll2.137070 Abstract/Description Much has been written about energy poverty, but there is relatively limited evidence of what determines the gender gap in energy poverty and how it can be overcome in rural areas. This study used Focus Group Discussions, in-depth interviews with farmers and Key Informant Interviews to analyze gendered information, access, adoption and use of rural energy technologies in the domestic and productive spheres. We find striking differences in how men and women adopt and use energy technologies in both spheres. Substantial asymmetries exist between women and men regarding knowledge of energy technologies, as most information about them is directed to men in the household. Even so, women are typically the primary decision-makers regarding energy technology adoption for domestic use, while men dominate decision-processes in the productive energy technology space. Women remain largely excluded from the adoption and use of agricultural energy technologies, even though they are heavily engaged in agricultural production systems. Our study highlights the need for tailored mechanisms that reach women with information on and means to acquire energy technologies as well as changes in gendered norms to ensure that women benefit equally from their use. Author ORCID identifiers Tiruwork Arega https://orcid.org/0000-0002-1717-5144 Claudia Ringler https://orcid.org/0000-0002-8266-0488 AGROVOC Keywords gender ; energy ; rural areas ; energy poverty ; households ; decision making ; innovation adoption ; agriculture ; irrigation ; stoves Countries Ethiopia Regions Africa ; Eastern Africa ; Sub-Saharan Africa Organizations Affiliated to the Authors United Nations University ; Duke University ; International Food Policy Research Institute Investors/sponsors CGIAR Trust Fund CGIAR Action Areas Systems Transformation CGIAR Impact Areas Environmental health and biodiversity CGIAR Initiatives NEXUS Gains Related Material Related reference: https://www.energyeconomicgrowth.org/publication/working-paper-intra-household-decisions-cookstove-choices-and-impacts-welfare-women-and-girls ; https://doi.org/10.1111/agec.12344 ; https://hdl.handle.net/10568/118155 Collections IFPRI Discussion Papers CGIAR Initiative on NEXUS Gains DSpace software copyright 2002-2025 LYRASIS About Cookie settings Privacy policy Send Feedback"".

The following text section comes from a specific evidence file named URL https://hdl.handle.net/10568/168170: ""Development of the rural household energy insecurity experiences scale with insights from Ethiopia Skip to main content Communities & Collections Browse Navigate CGIAR Centers Statistics English Catal e tina Deutsch Espa ol Suomi Fran ais G idhlig Magyar Italiano Latvie u Nederlands Polski Portugu s Portugu s do Brasil Srpski (lat) Svenska T rk e Y Ti ng Vi t Log In Note: CGIAR users should log in with their Active Directory username and password. For example, if your email is j.smith@cgiar.org, you would use jsmith here. Log in New user? Click here to register. Have you forgotten your password? Home CGIAR research centers International Food Policy Research Institute (IFPRI) IFPRI Briefs Development of the rural household energy insecurity experiences scale with insights from Ethiopia Development of the rural household energy insecurity experiences scale with insights from Ethiopia Loading... Files Brief (260.05 KB, pdf) Authors Arega, Tiruwork Ringler, Claudia Date Issued 2024-12-20 Date Online Language en Type Brief Review Status Internal Review Access Rights Open Access Usage Rights Metadata Full item page Share Citation Arega, Tiruwork; and Ringler, Claudia. 2024. Development of the rural household energy insecurity experiences scale with insights from Ethiopia. CGIAR Initiative on NEXUS Gains Policy Note November 2024. Washington, DC: International Food Policy Research Institute. https://hdl.handle.net/10568/168170 Permanent link to cite or share this item https://hdl.handle.net/10568/168170 External link to download this item DOI Abstract/Description There is little evidence on how energy poverty affects rural households in low- and middle-income countries. To address this, the CGIAR NEXUS Gains Initiative developed the Rural Household Energy Insecurity Experiences Scale (RHEIES) and piloted the tool in Ethiopia using in-depth interviews. We find heterogeneous energy insecurity experiences across locations and gender dimensions. Author ORCID identifiers Tiruwork Arega https://orcid.org/0000-0002-1717-5144 Claudia Ringler https://orcid.org/0000-0002-8266-0488 AGROVOC Keywords rural population ; households ; energy resources ; poverty ; economic development Countries Ethiopia Regions Africa ; Eastern Africa Organizations Affiliated to the Authors International Food Policy Research Institute ; Maastricht University Investors/sponsors CGIAR Trust Fund CGIAR Impact Areas Poverty reduction, livelihoods and jobs CGIAR Initiatives NEXUS Gains Related Material Related reference: https://doi.org/10.2499/p15738coll2.137070 Collections IFPRI Briefs CGIAR Initiative on NEXUS Gains DSpace software copyright 2002-2025 LYRASIS About Cookie settings Privacy policy Send Feedback"".

The following text section comes from a specific evidence file named URL https://cgspace.cgiar.org/bitstreams/e39f31f8-17db-4c45-bd5d-7c92f8193f91/download: ""a A IFPRI
INTERNATIONAL FOOD POLICY RESEARCH INSTITUTE
\ Lb wmanveon SS NEXUS Gains CGIAR
POLICY NOTE | NOVEMBER 2024
DEVELOPMENT OF THE RURAL HOUSEHOLD ENERGY INSECURITY EXPERIENCES SCALE WITH INSIGHTS FROM ETHIOPIA
Tiruwork Arega and Claudia Ringler
There is little evidence on how energy poverty affects rural households in low- and middle-income countries. To address this, the CGIAR NEXUS Gains Initiative developed the Rural Household Energy Insecurity Experiences Scale (RHEIES) and piloted the tool in Ethiopia using in-depth interviews. We find heterogeneous energy insecurity experiences across locations and gender dimensions.
WHY A MEASURE FOR RURAL ENERGY INSECURITY?
Energy insecurity is broadly defined as the inability to adequately meet basic household energy needs (Hernández 2016). Households may experience energy insecurity in different ways. Reliable, clean, and sufficient access to energy is a key determinant of economic development, while lack of access undermines development. Lack of access, low-quality access (including low wattage, limited service, or frequent brown- and blackouts), or unaffordability of electricity remains common in many rural areas in low- and middle-income countries (LMICs). National and selected subnational energy supply metrics are relatively easily available (Groh, Pachauri, and Rao 2016), but are often limited to electricity infrastructure being completed and do not describe the quality and quantity of service provided. As such, they might well provide a false sense of energy security that does not reflect the lived energy experiences of rural households and associated developmental challenges.
Demand-side metrics, on the other hand, are highly contextual, making comparisons across locations challenging. Measuring the lived experiences of energy situations can provide crucial input for policymaking and targeted interventions. Although a growing body of literature describes measures of microlevel energy insecurities and their association with human well-being, no universally accepted measure exists to describe rural household or individual energy insecurity. The two most commonly used measures are either unidimensional, such as the share of energy expenditures in total income, or multidimensional, where an index of several energy-related elements is constructed. The share of energy expenditure in total expenditures only captures affordability from a monetary perspective. Moreover, data for this measure of energy burden are challenging to obtain, particularly for rural households that obtain their energy through self-collection of energy sources, such as fuelwood, crop residues, or cow dung. At the same time, multidimensional metrics developed to understand several dimensions of energy deprivation carry the risk of masking important details. Moreover, while generic energy insecurity measures have been developed, none consider the dual roles of energy in rural households for both domestic and productive purposes.
Our contribution is the development and pilot application of the RHEIES, a measure to assess the extent of energy deprivation of rural households in LMICs. Such a measure can also reveal heterogeneities of experiences among different groups—for example, different household types and locations. This policy note describes the development of the RHEIES and a qualitative pilot application in rural Ethiopia.
1
ENERGY IN RURAL ETHIOPIA
Despite its immense energy resource endowment, Ethiopia is ranked “the world’s third-largest access-deficit country” (IEA et al. 2023). To address this, the Government of Ethiopia developed an ambitious energy expansion strategy with the goal of electrifying the entire country by 2025; while not achievable, the share of the population with some form of electricity access has increased on average by 2.5 percent per year over the last two decades (IEA et al. 2023). To complement on- grid electricity investments and accelerate access in rural areas, Ethiopia has also embarked on a Decentralized Rural Energy (DRE) strategy. DREs supply energy that is generated independently from a centralised grid and tend to use a mix of energy sources, including small hydro, biomass, solar, wind power and diesel-operated generators. One element of the DRE strategy is the “Distributed Renewable Energy – Agriculture Modalities (DREAM)” initiative, which will develop DREs to support irrigation and other energy uses in various locations across Ethiopia.
Thus far, the electricity infrastructure has reached about 55 percent of the population, with 94 percent access in urban and 43 percent access in rural areas (IEA et al. 2023). However, this metric does not provide information on what share of the population can afford or use electricity. Most importantly, in Ethiopia access is measured at village level, without considering if households are connected to the constructed infrastructure. Moreover, a considerable share of rural electricity access is at the so-called tier-1 and tier-2 levels, which only support lightbulbs and other small appliances (Padam et al. 2018). The discrepancy between electricity infrastructure and use is reflected in the lack of access of rural households to clean fuels and technologies for cooking: only 0.6 percent of rural households had access in 2022, up from 0.3 percent in 2015, ac- cording to World Bank Development Indicators (World Bank 2024).
Rural households are therefore critically reliant on solid biomass energy for domestic activities, and mostly rely on their own and oxen power for farm operations. The absence of dependable and clean energy sources profoundly impacts their overall livelihoods as well as their social and economic well-being and health. Investigating the extent of energy insecurity experi- enced by rural households can provide valuable policy insights to all actor groups concerned with improving rural livelihoods and help identify intervention areas beyond the construction of off- and on-grid solutions.
Elements of a rural energy insecurity experiences scale
To address this, we developed a rural household energy insecurity scale using nine questions (Table 1) drawing on inse- curity scales developed for food [the Food Insecurity Experiences Scale (FIES) (Smith, Rabbitt, and Coleman-Jensen 2017)] and water [the Household Water Insecurity Experiences Scale (HWISE) (Young et al. 2019)]. Given the dual uses of energy for both domestic and productive uses, the scale includes generic questions about lived energy insecurity, questions focused on the domestic sphere, and questions focused on the productive sphere; the latter is further differentiated into agricultural and off-farm experiences. It is particularly important to capture these different spheres as they are interdependent, as shown, for example, by Mekonnen et al. (2017), who identified linkages between domestic energy security strategies and agricul- tural productivity outcomes.
Another reason for the distinction between productive and domestic energy questions, an element that distinguishes the RHEIES from the FIES and the HWISE, is the understanding that the provision of clean energy sources for productive uses can pay for energy access in both spheres, whereas the provision of energy sources only for domestic uses (for example, a tier-1 lightbulb access) is unlikely to be sufficient for households to achieve the increased income required to pay for an electricity connection.
Respondents have four response options to the nine questions: “Never” if the experience has not occurred or is not noticed; “Sometimes” if the experience occurs only a few times (less than 10 but more than 0 times over the last month); “Often” if
2
the respondent experiences the occurrence frequently (10 times or more over the last month); and “Always” if the experience is constantly on someone’s mind. Like other insecurity experiences scales, the RHEIES can be adjusted to ask about intra- household energy insecurity experiences, as the household energy situation is likely experienced differently by different family members. Moreover, the time scale that the questions refer to can be modified. We suggest a monthly time scale for future studies but also encourage comparative studies that use both a weekly and a monthly time scale. And, similar to other insecurity experiences scales, household energy security levels are likely seasonal, with different energy sources more or less readily available or accessible across the year, while energy demands also vary with seasonally changing productive and domestic needs.
Table 1: Energy insecurity experiences scale label and definitions
No. Label Definitions 1. Worry energy about In the last month, how often did you worry you would not have reliable energy for all of your household needs? 2. Changes cooking plans in In the last month, how often did you or anyone in your household have to change your cooking schedule or plans due to energy unavailability? (for example, switch to less nutritious dishes, undercook food, eat food that is not fresh) 3. Health cerns con- In the last month, how often were you or your family members sick with major and minor respiratory disease, eyesight/infections due to unavailability of improved energy sources? 4. Disruption of domestic activi- ties In the last month, how many times were your domestic activities disturbed due to issues with energy unavailability? Examples include children’s learning, household cooking, etc. Disruption of During the last growing season, how often did you experience interruptions in agricultural activities due 5. agricultural ac- to lack of energy sources such as diesel, gasoline, solar power or electricity for irrigation and other tivities agricultural activities? 6. Disruption of off-farm activi- ties In the last month, how often have you experienced interruptions to nonagricultural income-generating activities due to nonavailability of energy sources such as diesel, petrol, solar, or electricity? 7. Frustration with energy access In the last month, how frequently did you or anyone in your household feel frustrated or angry about your energy access situation? 8. Dark evenings In the last month, how frequently have you or anyone in your household gone to sleep without lighting because there was no energy source available? 9. No food cooked In the last month, how frequently have you or anyone in your household gone to sleep without eating dinner because there was no energy source available?
Note: Questions shaded in light grey focus on the domestic sphere.
Source: Authors.
Pilot results in Ethiopia
Using the pilot energy insecurity experience scale tool, we conducted in-depth interviews with 40 male and female rural residents from different households in July 2023 in Amhara, Sidama, and Southern Nations, Nationalities and Peoples’ (SNNP) regions. The locations were purposefully chosen to include beneficiaries and non-beneficiaries of the planned DREAM investment, located in proximity to irrigated or irrigable areas, and oversampled locations in the NEXUS Gains basin focal region of Tana-Beles.
3
Male and female participants were asked about their energy experiences and how they affected their daily lives using an adjusted set of response options.1 To better groundtruth and validate the questions, during the in-depth interviews, each respondent provided explanations of his/her responses to each experience, which helped explain the indicated frequencies of these experiences. Responses ranged from households being worried about their energy situation to those that were unable to cook due to their energy insecurity experience. Two out of nine questions were answered by a subsample of the respondents, as 5 and 10 respondents had no irrigation or other agricultural activities powered by motorized systems and no nonfarm income-generating activities, respectively. All respondents were using solid biomass for cooking that they col- lected themselves. Households also reported seasonal shortages of fuelwood and cattle dung. Respondents indicated ex- tensive fuel collection during the dry season to ease fuel shortages during the wet season.
Figure 1 Rural household energy insecurity experience scale: Pilot results for Ethiopia
Sometines
Often
Never — — 35 30 25
Source: Authors.
First, we asked if households worried about the energy situation in their house. Worries were experienced sometimes by 18 respondents, and often, that is more than 10 times per month, by 6 respondents, jointly accounting for close to half of all respondents (Figure 1). Respondents did not consider themselves energy-poor if they were able to access solid bio- mass through self-collection from a nearby location or from their own farm, as they did not incur out-of-pocket expenses for
1 For the Ethiopia pilot, “Never” included occurrences of less than 3 times; “Sometimes” included occurrences of 3 to 10 times; and “Often” included experiences above 10 times per month. The category “Always” was not used. This change was made during the pretest specifically for Ethiopia, as farmers were not inclined to select extreme indicators, such as never (zero times) or always. Enumerators also noted confusion between the “Often” and “Always” categories.
4
obtaining fuel. This is because they did not consider time spent gathering fuel and preparing cooking areas as “costs” associated with securing energy supplies.
Second, we asked about experiences related to shifting cooking schedules and meal types due to the energy situations experienced by households. More than one-half of respondents (26 out of 40) noted that they had never changed their cooking schedule. However, when they were asked about details, several households noted critical changes to meal plans, particularly when their stock of solid biomass did not allow them to prepare meals that required a longer time to cook. Changes in cooking plans and dietary choices are strained when seasonal biomass shortages occur. Respondents reported two reasons for compromised meal types that affect dietary diversity in the main rainy season (winter). On the one hand, due to the time constraint imposed by critical farming activities in which both women and men are engaged, households opt for simple and less nutritious meals that can be prepared quickly. At the same time, with the scarcity of fuelwood and time and the reduced ignition power of solid biomass during the wet season, households choose to cook less nutritious meals that require both less fuel and less time.
Third, we asked about household cooking-induced health issues, such as respiratory illnesses or eye infections. Sixteen out of the 40 respondents reported incidences of respiratory diseases affecting household members, which they believed were caused by indoor air pollution.
Fourth and fifth, we asked about disruptions to domestic and productive agricultural activities, respectively, due to the energy situation. Of the 40 respondents, 16 and 15 reported occasional domestic and irrigation activity disruptions, respec- tively. Irrigator households emphasized the scarcity of fuel (diesel or petrol) during the farming season. This also affected access to motor pump services (that is, the renting in of motor pumps).
Sixth, experiences of disruption to nonfarm income-generating activities were modest; only 8 respondents reported occasional interruptions and one respondent noted frequent disruptions. Experiences of frustration linked to the energy situation and spending dark nights were noted to occur sometimes (that is, 3 to 10 times for the pilot study) by 22 and 15 respondents, respectively. Five and four respondents (around 10 percent of respondents), respectively, noted these experiences occur often (more than 10 times per month). Frustrations are caused by a multitude of energy situations, such as the unaffordability of improved energy products, appliances, or services. Additionally, the labor- and time-demanding nature of fuel collection, preparation, and cooking time coupled with seasonal fuel scarcities put severe pressure on house- holds. This particularly affects women, who are primarily responsible for this drudgery.
Living through dark evenings without a lightbulb or kerosene lamp can affect cooking, educational, income, and leisure activities. And if there is only a single light source, this might well be used by the male household head, even if the result is that cooking activities are undertaken in the dark (see also Arega et al. 2023, and the section on gendered insights below). While around one-third of respondents noted that they sometimes or often had to change their meal plans to align with available energy sources, a smaller share of respondents (18 percent) stated that they had to sometimes, that is 3 to 10 times a month, skip a regular meal due to their precarious energy access situation, highlighting the transcending effects of energy impoverishment on wellbeing. This suggests that investments in affordable, clean energy access can improve nutrition outcomes and warrants more research in this area.
Gendered and regional insights
We interviewed rural women and men to understand to what extent they experience energy insecurity differently. In our small pilot sample, men reported a larger number of “Sometimes” experiences than did women. On the other hand, for the smaller number of “Often” responses, women are more likely to express this experience, particularly in relation to changing cooking schedules, disruption of agricultural/irrigation activities, and for overall frustration with the energy situation. Men use “Often” more readily only for living through dark evenings.
5
Figure 2 Rural household energy insecurity experience scale: Gendered pilot results for “sometimes” and “often”
mu Female (N=20) Sometimes/Often OMale (N=20) Sometimes/Often
18 2 16 3 14 5 12 a 10 2 5 8 5 6 2 4 g 2 i = 0 RY o & 2° > 2° o o ro & ¥ gi Y ¥ ¥ & e Ca & g SS < < SF & oF Ry RS 3 s we we e é RS 2 s Oo oP S \S & & > e = < a s ” Se eo “ s SF & s & ss s & oe RA s e id e e ” KR o & s & d » a” & 9 A ° ¥ <
Source: Authors.
Figure 2 presents gendered results across the two response categories. Compared to women respondents, more men expressed worries and frustrations about their energy situation and reported mostly limited experiences of spending dark evenings, household respiratory disease and changes in cooking plans. In contrast, women were more likely than men to report experiences, including frequent experiences, about interrupted on-farm and off-farm activities. They also reported skipped meals linked to energy insecurity more often than men.
Spatially, respondents’ energy insecurity experiences differ across regions. In the Amhara region, experiences related more to fuel quality, smoke, and drudgery for cooking and related domestic and agricultural activities. Diesel and petroleum prod- ucts used for irrigation were a critical problem among irrigator households, possibly because irrigation is more prevalent in this region. In the southern parts of the country (Sidama and SNNP regions), households reported fuel scarcity and lack of cooking fuel alternatives. Compromised meal quality due to fuel and time scarcity were mentioned across all regions.
Concluding remarks
This study introduces the development and pilot application of the Rural Household Energy Insecurity Experiences Scale (RHEIES), drawing on qualitative data from rural Ethiopia. We find severe energy insecurity experiences, with most house- holds worrying sometimes or often about their energy availability situation. Additionally, 40 percent of respondents linked their energy security situations with household health problems; 30 percent noted that they had to sometimes of often change meal plans and almost 18 percent energy insecurity experiences included skipping meals. Energy insecurity dis- proportionately affects women, who have multiple roles in securing and managing energy supplies, including as fuelwood collectors, agricultural laborers, cooks, and general caretakers of the household.
6
The RHEIES can be used to describe the relative deprivation of households in a specific geography and to assess the relationship of energy deprivation with other household outcomes that might well be correlated with energy insecurity, such as household water and food insecurity experiences. Future research should jointly assess linkages between the RHEIES, the HWISE, and the FIES to identify integrated interventions for those most affected by all three insecurities: the poor in rural areas in LMICs.
References
Arega, T., M. Yami, R.D. Bekele, C. Ringler, and M. Jeuland. 2023. “Closing the Gendered Energy Technology Gap in rural Ethiopia: A Qualitative Study.” IFPRI Discussion Paper 2224. Washington, DC: IFPRI. https://doi.org/10.2499/p15738coll2.137070
Groh, S., S. Pachauri, and N.D. Rao. 2016. “What Are We Measuring? An Empirical Analysis of Household Electricity Access Metrics in Rural Bangladesh.” Energy for Sustainable Development, 30: 21–31. https://doi.org/10.1016/j.esd.2015.10.007
Hernández, D., 2016. “Understanding ‘energy insecurity’ and why it matters to health.” Social Science & Medicine, 167: 1-10. https://doi.org/10.1016/j.socscimed.2016.08.029
IEA, IRENA, UNSD, World Bank, and WHO. 2023. Tracking SDG 7: The Energy Progress Report. World Bank, Washington DC. © World Bank. https://www.irena.org/Publications/2023/Jun/Tracking-SDG7-2023
Mekonnen, D., E. Bryan, T. Alemu, and C. Ringler. 2017. “Food Versus Fuel: Examining Tradeoffs in the Allocation of Biomass Energy Sources to Domestic and Productive Uses in Ethiopia.” Agricultural Economics, 48(4): http://dx.doi.org/10.1111/agec.12344 425–435.
Padam, G., D. Rysankova, E. Portale, B.B. Koo, S. Keller, and G. Fleurantin. 2018. “Ethiopia–Beyond Connections: Energy Access Diagnostic Report Based on the Multi-Tier Framework.” Washington, DC: World https://openknowledge.worldbank.org/handle/10986/30102 Bank.
Smith, M.D., M.P. Rabbitt, and A. Coleman-Jensen. 2017. “Who Are the World’s Food Insecure? New Evidence from the Food and Agriculture Organization’s Food Insecurity Experience Scale.” World Development, 93: https://doi.org/10.1016/j.worlddev.2017.01.006 402–412.
Young, S.L., G.O. Boateng, Z. Jamaluddine, J.D., Miller, E.A. Frongillo, T.B. Neilands, S.M. Collins, A. Wutich, W.E. Jepson, and J. Stoler. 2019. “The Household Water InSecurity Experiences (HWISE) Scale: Development and Validation of a Household Water Insecurity Measure for Low-Income and Middle-Income Countries. BMJ Global Health, 4(5): e001750. https://doi.org/10.1136/bmjgh-2019- 001750
World Bank. 2024. World Bank Development Indicators. Washington DC: World Bank. World Development Indicators | DataBank
Tiruwork Area is a PhD student at UNU Merit, Maastricht University and a former IFPRI staff; Claudia Ringler is Director, Natural Resources and Resilience Unit at IFPRI.
This policy note was developed with support of the CGIAR Initiative on NEXUS Gains. It has not been independently peer reviewed. The opinions expressed here belong to the authors, and do not necessarily reflect those of the organizations contributing to the study.
INTERNATIONAL FOOD POLICY RESEARCH INSTITUTE
A world free of hunger and malnutrition
1201 Eye Street, NW, Washington, DC 20005 USA | T. +1-202-862-5600 | F. +1-202-862-5606 | Email: ifpri@cgiar.org | http://www.ifpri.org/
© 2023 International Food Policy Research Institute (IFPRI). This publication is licensed for use under a Creative Commons Attribution 4.0 International License (CC BY 4.0), 7 https://creativecommons.org/licenses/by/4.0/."""
14521,Incidence and distribution of seed-borne viruses of chickpea and faba bean seeds in Tunisia,"The study investigates the incidence and distribution of seed-borne viruses in faba bean and chickpea crops in Tunisia, focusing on their economic and agricultural significance. Seed samples from 20 locations across Tunisia were tested using tissue-blot immunoassay (TBIA) for six viruses: Broad Bean Mottle Virus (BBMV), Broad Bean Stain Virus (BBSV), Pea Seed-borne Mosaic Virus (PSbMV), Bean Yellow Mosaic Virus (BYMV), Alfalfa Mosaic Virus (AMV), and Cucumber Mosaic Virus (CMV). Among 4,587 faba bean seedlings, only BYMV was detected in two seed lots with a seed transmission rate of 1.7%. For 4,000 chickpea seedlings, AMV and PSbMV were identified in three and nine seed lots, respectively, with seed transmission rates of 1.0% and 3.2%. The highest PSbMV transmission rate (8.3%) was found in two chickpea lots. These findings underscore the need for regular monitoring, improved seed quality, and further research to mitigate virus transmission and enhance crop productivity in Tunisia.","The following text section comes from a specific evidence file named URL https://hdl.handle.net/10568/162874: ""Incidence and distribution of seed-borne viruses of chickpea and faba bean seeds in Tunisia Skip to main content Communities & Collections Browse Navigate CGIAR Centers Statistics English Catal e tina Deutsch Espa ol Suomi Fran ais G idhlig Magyar Italiano Latvie u Nederlands Polski Portugu s Portugu s do Brasil Srpski (lat) Svenska T rk e Y Ti ng Vi t Log In Note: CGIAR users should log in with their Active Directory username and password. For example, if your email is j.smith@cgiar.org, you would use jsmith here. Log in New user? Click here to register. Have you forgotten your password? Home CGIAR 2030 Portfolio CGIAR 2030 research initiatives and impact platforms (2022 2024) CGIAR Initiative on Plant Health Incidence and distribution of seed-borne viruses of chickpea and faba bean seeds in Tunisia Incidence and distribution of seed-borne viruses of chickpea and faba bean seeds in Tunisia Loading... Files Internal Document (453.73 KB, pdf) Authors Najar, Asma Mghandef, Samia Kumari, Safaa Date Issued 2024-11-28 Date Online 2024-11-28 Language en Type Internal Document Review Status Access Rights Open Access Usage Rights Metadata Full item page Share Citation Asma Najar, Samia Mghandef and Safaa Kumari. 2024. Incidence and distribution of seed-borne viruses of chickpea and faba bean seeds in Tunisia. International Center for Agricultural Research in the Dry Areas (ICARDA), Beirut, Lebanon. (Internal report). Permanent link to cite or share this item https://hdl.handle.net/10568/162874 External link to download this item DOI Abstract/Description The study investigates the incidence and distribution of seed-borne viruses in faba bean and chickpea crops in Tunisia, focusing on their economic and agricultural significance. Seed samples from 20 locations across Tunisia were tested using tissue-blot immunoassay (TBIA) for six viruses: Broad Bean Mottle Virus (BBMV), Broad Bean Stain Virus (BBSV), Pea Seed-borne Mosaic Virus (PSbMV), Bean Yellow Mosaic Virus (BYMV), Alfalfa Mosaic Virus (AMV), and Cucumber Mosaic Virus (CMV). Among 4,587 faba bean seedlings, only BYMV was detected in two seed lots with a seed transmission rate of 1.7%. For 4,000 chickpea seedlings, AMV and PSbMV were identified in three and nine seed lots, respectively, with seed transmission rates of 1.0% and 3.2%. The highest PSbMV transmission rate (8.3%) was found in two chickpea lots. These findings underscore the need for regular monitoring, improved seed quality, and further research to mitigate virus transmission and enhance crop productivity in Tunisia. Author ORCID identifiers Safaa Kumari https://orcid.org/0000-0002-4492-6257 Contributes to SDGs AGROVOC Keywords lentil ; chickpea ; seed-borne viruses ; virus incidence ; chickpea viruses ; serological methods ; lentil virus Countries Tunisia Regions Northern Africa Organizations Affiliated to the Authors International Center for Agricultural Research in the Dry Areas ; National Agricultural Research Institute of Tunisia Investors/sponsors CGIAR Trust Fund CGIAR Action Areas Resilient Agrifood Systems CGIAR Impact Areas Nutrition, health and food security ; Poverty reduction, livelihoods and jobs ; Gender equality, youth and social inclusion CGIAR Initiatives Plant Health Collections CGIAR Initiative on Plant Health ICARDA Publications DSpace software copyright 2002-2025 LYRASIS About Cookie settings Privacy policy Send Feedback"".

The following text section comes from a specific evidence file named URL https://cgspace.cgiar.org/bitstreams/c4cc5dea-50d8-403a-9f7a-496dc0d56009/download: ""\ INITIATIVE ON we PlantHealth CGIAR
Incidence and distribution of seed- borne viruses of chickpea and faba bean seeds in Tunisia


Asma Najar1, Samia Mghandef1 and Safaa G. Kumari2
(1) Institut National de la Recherche Agronomique de Tunisie (INRAT), Tunis, Tunisia; (2) International Center for Agricultural Research in the Dry Areas (ICARDA), Terbol Station, Zahle, Lebanon.
BACKGROUND
Many viruses are known to infect faba bean and chickpea crops worldwide (Kumari and Makkouk, 2007; Makkouk et al., 2003, 2012; Kumar et al., 2008), even though only a few are reported to occur in Tunisia (Kumari and Makkouk, 2007; Najar et al., 2000). More than 10 viruses are known to be seed-borne in faba bean and chickpea (Makkouk et al., 2012), some of them were reported in Tunisia, such as Broad bean mottle virus (BBMV), Broad bean stain virus (BBSV), Pea seed-borne mosaic virus (PSbMV), Bean yellow mosaic virus (BYMV), Alfalfa mosaic virus (AMV) and Cucumber mosaic virus (CMV) (Najar et al., 2000; Kumari and Makkouk, 2007).
Seed-borne viruses of faba bean and chickpea crops in Tunisia have not been extensively identified and no information is available on their incidence. Due to the potential economic importance of legume viruses, a study was conducted to identify seed-borne viruses affecting faba bean and chickpea seed lots in the major production areas of Tunisia, and to determine their incidence and relative importance.
SEED COLLECTION AND LABORATORY TESTING
Seed collections were conducted during November/December 2022 for faba bean and during January/February 2023 for chickpea. The survey covered 20 locations (10 faba bean and 10 chickpea) in northeastern (Bizerte, Cap Bon) and northwestern regions (Bousselem, Kef, Beja) (See Tables 1 and 2). From each farmer, around 2 kg of seeds were randomly collected for each crop variety. Seed samples were placed in labeled plastic bags and brought to the virology laboratory of INRAT. Around 500 to 700 collected seeds were planted in sterilized sand in germinations boxes/trays and incubated at 20-25 °C under greenhouse conditions for 1-2 weeks (Figure 1). The germinated seedlings were blotted on nitrocellulose membranes in six replicates and tested by tissue-blot immunoassay (TBIA) (Makkouk and Kumari, 1996) at the Virology Laboratory of INRAT-Tunisia using six polyclonal antisera for BYMV, BBMV, BBSV, PSbMV, AMV and CMV provided by ICARDA Virology Laboratory.
a
Figure 1. (A) Planting chickpea seeds in trays at greenhouse of INRAT station; (B) faba bean seeds after emergence are ready for testing; (C) Blotting faba bean plants on nitrocellulose membranes (NCMs).
RESULTS
When 4,587 faba bean seedlings from 10 seed lots and 4,000 chickpea seedlings from 10 seed lots were tested by TBIA, only BYMV was detected in 2 faba bean seed lots, whereas AMV and PSbMV were detected in 3 and 9 chickpea seed lots out of 10 tested (Tables 3 and 4).
Incidence and distribution of seed-borne viruses of chickpea and faba bean seeds in Tunisia - 2024
Results obtained showed that the average seed transmission rates of AMV and PSbMV were 1.0% and 3.2% in chickpea, respectively. Whereas the average seed transmission rate with BYMV was 1.7% in faba bean seed lots. The highest PSbMV seed transmission rate (6.8-8.3%) was found in two chickpea (cv. Bouchra) seed lots (Table 2).
Table 1. Serological results (TBIA) of faba bean seeds lots collected from 10 Tunisian farmers and tested against six polyclonal antibodies of seed-borne viruses during 2023.
No. of faba Faba bean No. of seeds No. of seeds infected with BYMV (% virus bean seed lots Regions variety tested incidence) Jendouba Najeh 555 0 Kef Chourouk 503 0 Bousselem Najeh 473 5 Beja Najeh 408 35 (8.5%) Nabeul Najeh 458 0 Beja Najeh 419 0 Bizerte Najeh 450 0 Jendouba Chourouk 500 42 (8%) Cap-Bon -Mida Chahbi 335 0 10 Cap-Bon -Mida Chahbi 486 0 Total 4,587 77 (1.7%)
1
2
3
4
5
6
7
8
9
All tested seeds were negative to BBMV, CMV, AMV, BBSV and PSbMV
Table 2. Serological results (TBIA) of chickpea seeds lots collected from 10 Tunisian farmers and tested against six polyclonal antibodies of seed-borne viruses during 2023.
No. of seeds infected with (% virus No. of chickpea Chickpea No. of seeds incidence) seed lots Regions Variety tested AMV PSbMV 1 Beja Nour 400 11 (2.8%) 16 (4%) 2 Beja Joud 400 0 15 (3.8%) 3 Beja Bouchra 400 16 (4%) 27 (6.8%) 4 Beja Rebha 400 0 9 (2.3%) 5 Cap-Bon Bouchra 400 14 (3.5%) 33 (8.3%) 6 Mateur Nour 400 0 9 (2.3%) 7 Menzel Bourgiba Beja 1 400 0 14 (3.5%) 8 Bousselem Beja 2 400 0 1 (0.3%) 9 Cap-Bon Bouchra 400 0 0 10 Cap-Bon Béja 1 400 0 2 (0.5%) Total 4,000 41 (1%) 126 (3.2%)
All tested seeds were negative to BYMV, BBMV, CMV and BBSV.
CONCLUSIONS AND RECOMMENDATIONS
• Surveys need to be repeated regularly to determine the extent of seed transmitted viruses in Tunisian faba bean and chickpea seed stocks.
• There is a need to conduct seed tests to confirm the presence of the virus, and to inform Tunisian farmers through extension services precise information on the importance of seed quality and health in improving the productivity of their crops.
Incidence and distribution of seed-borne viruses of chickpea and faba bean seeds in Tunisia - 2024 Page 2 of 3
• Research centers and farmers should be advised to plant healthy seeds to combat emerging virus epidemics in the country.
• It was evident that some of chickpea and faba bean seeds used by farmers in Tunisia, contained viral infections which may be transmitted by other means of spread (such as aphids) to healthy plants.
• Conduct further experiments to study the relationship between the infection rate in planted seeds and production loss under local conditions.
• To reduce the rate of viral infection in faba bean and chickpea fields, and thus increase productivity of these crops in Tunisia, it is necessary to produce virus-free seeds. This is a necessary first step, and can be implemented easily if the efforts of all concerned parties are combined.
REFERENCES
Kumar, P.L., S.G. Kumari and F. Waliyar. 2008. Virus diseases of chickpea. Pages 213-234. In: Characterization, Diagnosis and Management of Plant Viruses: Vegetable and Pulse Crops. Vol 3. G.P. Rao, P. Lava Kumar and Ramon Jaime Holguin-Pena (Eds). Studium Press LLC, Texas, USA.
Kumari, S.G. and K.M. Makkouk. 2007. Virus diseases of faba bean (Vicia faba L.) in Asia and Africa. Plant Viruses, 1(1): 93-105.
www.globalsciencebooks.info/Online/GSBOnline/images/0706/PV_1(1)/PV_1(1)93-105o.pdf
Makkouk, K.M. and S.G. Kumari. 1996. Detection of ten viruses by the tissue-blot immunoassay (TBIA). Arab Journal of Plant Protection, 14(1): 3-9.
https://asplantprotection.org/wp-content/uploads/2018/07/V14-1_3-9.pdf
Makkouk, K., H. Pappu and S.G. Kumari. 2012. Virus diseases of peas, beans and faba bean in the Mediterranean region. Advances in Virus Research, 84: 367-402. https://doi.org/10.1016/B978-0- 12-394314-9.00011-7
Makkouk, K.M., S.G. Kumari, J.d’ A. Hughes, V. Muniyappa and N.K. Kulkarni. 2003. Other legumes: Faba bean, chickpea, lentil, pigeonpea, mungbean, blackgram, lima bean, horegram, bambara groundnut and winged bean. Pages 447-476. In: Virus and Virus-like Diseases of Major Crops in Developing Countries. G. Loebenstein and G. Thottappilly (editors). Kluwer Academic Publishers, Dordrecht, The Netherlands. 800 pages. https://doi.org/10.1007/978-94-007-0791-7_18
Najar, A., K.M. Makkouk, H. Boudhir, S.G. Kumari, R. Zarouk, R. Bessai and F. Ben Othman. 2000. Viral diseases of cultivated legume and cereal crops in Tunisia. Phytopathologia Mediterranea, 39: 423-432. http://www.fupress.net/index.php/pm/article/view/1581/1516
Consent Statement: “Personal information including names, business title, emails, phones, images and GPS points included in this report have been authorized in writing or verbally by data subject” Asma Najar & Safaa G. Kumari
FUNDING
This activity was supported by CGIAR Plant Health and Rapid Response to Protect Food Security and Livelihoods Initiative (Plant Health Initiative) through CGIAR Trust Fund.
Incidence and distribution of seed-borne viruses of chickpea and faba bean seeds in Tunisia - 2024 Page 3 of 3""","Incidence and distribution of seed-borne viruses of chickpea and faba bean seeds in Tunisia The study investigates the incidence and distribution of seed-borne viruses in faba bean and chickpea crops in Tunisia, focusing on their economic and agricultural significance. Seed samples from 20 locations across Tunisia were tested using tissue-blot immunoassay (TBIA) for six viruses: Broad Bean Mottle Virus (BBMV), Broad Bean Stain Virus (BBSV), Pea Seed-borne Mosaic Virus (PSbMV), Bean Yellow Mosaic Virus (BYMV), Alfalfa Mosaic Virus (AMV), and Cucumber Mosaic Virus (CMV). Among 4,587 faba bean seedlings, only BYMV was detected in two seed lots with a seed transmission rate of 1.7%. For 4,000 chickpea seedlings, AMV and PSbMV were identified in three and nine seed lots, respectively, with seed transmission rates of 1.0% and 3.2%. The highest PSbMV transmission rate (8.3%) was found in two chickpea lots. These findings underscore the need for regular monitoring, improved seed quality, and further research to mitigate virus transmission and enhance crop productivity in Tunisia. The following text section comes from a specific evidence file named URL https://hdl.handle.net/10568/162874: ""Incidence and distribution of seed-borne viruses of chickpea and faba bean seeds in Tunisia Skip to main content Communities & Collections Browse Navigate CGIAR Centers Statistics English Catal e tina Deutsch Espa ol Suomi Fran ais G idhlig Magyar Italiano Latvie u Nederlands Polski Portugu s Portugu s do Brasil Srpski (lat) Svenska T rk e Y Ti ng Vi t Log In Note: CGIAR users should log in with their Active Directory username and password. For example, if your email is j.smith@cgiar.org, you would use jsmith here. Log in New user? Click here to register. Have you forgotten your password? Home CGIAR 2030 Portfolio CGIAR 2030 research initiatives and impact platforms (2022 2024) CGIAR Initiative on Plant Health Incidence and distribution of seed-borne viruses of chickpea and faba bean seeds in Tunisia Incidence and distribution of seed-borne viruses of chickpea and faba bean seeds in Tunisia Loading... Files Internal Document (453.73 KB, pdf) Authors Najar, Asma Mghandef, Samia Kumari, Safaa Date Issued 2024-11-28 Date Online 2024-11-28 Language en Type Internal Document Review Status Access Rights Open Access Usage Rights Metadata Full item page Share Citation Asma Najar, Samia Mghandef and Safaa Kumari. 2024. Incidence and distribution of seed-borne viruses of chickpea and faba bean seeds in Tunisia. International Center for Agricultural Research in the Dry Areas (ICARDA), Beirut, Lebanon. (Internal report). Permanent link to cite or share this item https://hdl.handle.net/10568/162874 External link to download this item DOI Abstract/Description The study investigates the incidence and distribution of seed-borne viruses in faba bean and chickpea crops in Tunisia, focusing on their economic and agricultural significance. Seed samples from 20 locations across Tunisia were tested using tissue-blot immunoassay (TBIA) for six viruses: Broad Bean Mottle Virus (BBMV), Broad Bean Stain Virus (BBSV), Pea Seed-borne Mosaic Virus (PSbMV), Bean Yellow Mosaic Virus (BYMV), Alfalfa Mosaic Virus (AMV), and Cucumber Mosaic Virus (CMV). Among 4,587 faba bean seedlings, only BYMV was detected in two seed lots with a seed transmission rate of 1.7%. For 4,000 chickpea seedlings, AMV and PSbMV were identified in three and nine seed lots, respectively, with seed transmission rates of 1.0% and 3.2%. The highest PSbMV transmission rate (8.3%) was found in two chickpea lots. These findings underscore the need for regular monitoring, improved seed quality, and further research to mitigate virus transmission and enhance crop productivity in Tunisia. Author ORCID identifiers Safaa Kumari https://orcid.org/0000-0002-4492-6257 Contributes to SDGs AGROVOC Keywords lentil ; chickpea ; seed-borne viruses ; virus incidence ; chickpea viruses ; serological methods ; lentil virus Countries Tunisia Regions Northern Africa Organizations Affiliated to the Authors International Center for Agricultural Research in the Dry Areas ; National Agricultural Research Institute of Tunisia Investors/sponsors CGIAR Trust Fund CGIAR Action Areas Resilient Agrifood Systems CGIAR Impact Areas Nutrition, health and food security ; Poverty reduction, livelihoods and jobs ; Gender equality, youth and social inclusion CGIAR Initiatives Plant Health Collections CGIAR Initiative on Plant Health ICARDA Publications DSpace software copyright 2002-2025 LYRASIS About Cookie settings Privacy policy Send Feedback"".

The following text section comes from a specific evidence file named URL https://cgspace.cgiar.org/bitstreams/c4cc5dea-50d8-403a-9f7a-496dc0d56009/download: ""\ INITIATIVE ON we PlantHealth CGIAR
Incidence and distribution of seed- borne viruses of chickpea and faba bean seeds in Tunisia


Asma Najar1, Samia Mghandef1 and Safaa G. Kumari2
(1) Institut National de la Recherche Agronomique de Tunisie (INRAT), Tunis, Tunisia; (2) International Center for Agricultural Research in the Dry Areas (ICARDA), Terbol Station, Zahle, Lebanon.
BACKGROUND
Many viruses are known to infect faba bean and chickpea crops worldwide (Kumari and Makkouk, 2007; Makkouk et al., 2003, 2012; Kumar et al., 2008), even though only a few are reported to occur in Tunisia (Kumari and Makkouk, 2007; Najar et al., 2000). More than 10 viruses are known to be seed-borne in faba bean and chickpea (Makkouk et al., 2012), some of them were reported in Tunisia, such as Broad bean mottle virus (BBMV), Broad bean stain virus (BBSV), Pea seed-borne mosaic virus (PSbMV), Bean yellow mosaic virus (BYMV), Alfalfa mosaic virus (AMV) and Cucumber mosaic virus (CMV) (Najar et al., 2000; Kumari and Makkouk, 2007).
Seed-borne viruses of faba bean and chickpea crops in Tunisia have not been extensively identified and no information is available on their incidence. Due to the potential economic importance of legume viruses, a study was conducted to identify seed-borne viruses affecting faba bean and chickpea seed lots in the major production areas of Tunisia, and to determine their incidence and relative importance.
SEED COLLECTION AND LABORATORY TESTING
Seed collections were conducted during November/December 2022 for faba bean and during January/February 2023 for chickpea. The survey covered 20 locations (10 faba bean and 10 chickpea) in northeastern (Bizerte, Cap Bon) and northwestern regions (Bousselem, Kef, Beja) (See Tables 1 and 2). From each farmer, around 2 kg of seeds were randomly collected for each crop variety. Seed samples were placed in labeled plastic bags and brought to the virology laboratory of INRAT. Around 500 to 700 collected seeds were planted in sterilized sand in germinations boxes/trays and incubated at 20-25 °C under greenhouse conditions for 1-2 weeks (Figure 1). The germinated seedlings were blotted on nitrocellulose membranes in six replicates and tested by tissue-blot immunoassay (TBIA) (Makkouk and Kumari, 1996) at the Virology Laboratory of INRAT-Tunisia using six polyclonal antisera for BYMV, BBMV, BBSV, PSbMV, AMV and CMV provided by ICARDA Virology Laboratory.
a
Figure 1. (A) Planting chickpea seeds in trays at greenhouse of INRAT station; (B) faba bean seeds after emergence are ready for testing; (C) Blotting faba bean plants on nitrocellulose membranes (NCMs).
RESULTS
When 4,587 faba bean seedlings from 10 seed lots and 4,000 chickpea seedlings from 10 seed lots were tested by TBIA, only BYMV was detected in 2 faba bean seed lots, whereas AMV and PSbMV were detected in 3 and 9 chickpea seed lots out of 10 tested (Tables 3 and 4).
Incidence and distribution of seed-borne viruses of chickpea and faba bean seeds in Tunisia - 2024
Results obtained showed that the average seed transmission rates of AMV and PSbMV were 1.0% and 3.2% in chickpea, respectively. Whereas the average seed transmission rate with BYMV was 1.7% in faba bean seed lots. The highest PSbMV seed transmission rate (6.8-8.3%) was found in two chickpea (cv. Bouchra) seed lots (Table 2).
Table 1. Serological results (TBIA) of faba bean seeds lots collected from 10 Tunisian farmers and tested against six polyclonal antibodies of seed-borne viruses during 2023.
No. of faba Faba bean No. of seeds No. of seeds infected with BYMV (% virus bean seed lots Regions variety tested incidence) Jendouba Najeh 555 0 Kef Chourouk 503 0 Bousselem Najeh 473 5 Beja Najeh 408 35 (8.5%) Nabeul Najeh 458 0 Beja Najeh 419 0 Bizerte Najeh 450 0 Jendouba Chourouk 500 42 (8%) Cap-Bon -Mida Chahbi 335 0 10 Cap-Bon -Mida Chahbi 486 0 Total 4,587 77 (1.7%)
1
2
3
4
5
6
7
8
9
All tested seeds were negative to BBMV, CMV, AMV, BBSV and PSbMV
Table 2. Serological results (TBIA) of chickpea seeds lots collected from 10 Tunisian farmers and tested against six polyclonal antibodies of seed-borne viruses during 2023.
No. of seeds infected with (% virus No. of chickpea Chickpea No. of seeds incidence) seed lots Regions Variety tested AMV PSbMV 1 Beja Nour 400 11 (2.8%) 16 (4%) 2 Beja Joud 400 0 15 (3.8%) 3 Beja Bouchra 400 16 (4%) 27 (6.8%) 4 Beja Rebha 400 0 9 (2.3%) 5 Cap-Bon Bouchra 400 14 (3.5%) 33 (8.3%) 6 Mateur Nour 400 0 9 (2.3%) 7 Menzel Bourgiba Beja 1 400 0 14 (3.5%) 8 Bousselem Beja 2 400 0 1 (0.3%) 9 Cap-Bon Bouchra 400 0 0 10 Cap-Bon Béja 1 400 0 2 (0.5%) Total 4,000 41 (1%) 126 (3.2%)
All tested seeds were negative to BYMV, BBMV, CMV and BBSV.
CONCLUSIONS AND RECOMMENDATIONS
• Surveys need to be repeated regularly to determine the extent of seed transmitted viruses in Tunisian faba bean and chickpea seed stocks.
• There is a need to conduct seed tests to confirm the presence of the virus, and to inform Tunisian farmers through extension services precise information on the importance of seed quality and health in improving the productivity of their crops.
Incidence and distribution of seed-borne viruses of chickpea and faba bean seeds in Tunisia - 2024 Page 2 of 3
• Research centers and farmers should be advised to plant healthy seeds to combat emerging virus epidemics in the country.
• It was evident that some of chickpea and faba bean seeds used by farmers in Tunisia, contained viral infections which may be transmitted by other means of spread (such as aphids) to healthy plants.
• Conduct further experiments to study the relationship between the infection rate in planted seeds and production loss under local conditions.
• To reduce the rate of viral infection in faba bean and chickpea fields, and thus increase productivity of these crops in Tunisia, it is necessary to produce virus-free seeds. This is a necessary first step, and can be implemented easily if the efforts of all concerned parties are combined.
REFERENCES
Kumar, P.L., S.G. Kumari and F. Waliyar. 2008. Virus diseases of chickpea. Pages 213-234. In: Characterization, Diagnosis and Management of Plant Viruses: Vegetable and Pulse Crops. Vol 3. G.P. Rao, P. Lava Kumar and Ramon Jaime Holguin-Pena (Eds). Studium Press LLC, Texas, USA.
Kumari, S.G. and K.M. Makkouk. 2007. Virus diseases of faba bean (Vicia faba L.) in Asia and Africa. Plant Viruses, 1(1): 93-105.
www.globalsciencebooks.info/Online/GSBOnline/images/0706/PV_1(1)/PV_1(1)93-105o.pdf
Makkouk, K.M. and S.G. Kumari. 1996. Detection of ten viruses by the tissue-blot immunoassay (TBIA). Arab Journal of Plant Protection, 14(1): 3-9.
https://asplantprotection.org/wp-content/uploads/2018/07/V14-1_3-9.pdf
Makkouk, K., H. Pappu and S.G. Kumari. 2012. Virus diseases of peas, beans and faba bean in the Mediterranean region. Advances in Virus Research, 84: 367-402. https://doi.org/10.1016/B978-0- 12-394314-9.00011-7
Makkouk, K.M., S.G. Kumari, J.d’ A. Hughes, V. Muniyappa and N.K. Kulkarni. 2003. Other legumes: Faba bean, chickpea, lentil, pigeonpea, mungbean, blackgram, lima bean, horegram, bambara groundnut and winged bean. Pages 447-476. In: Virus and Virus-like Diseases of Major Crops in Developing Countries. G. Loebenstein and G. Thottappilly (editors). Kluwer Academic Publishers, Dordrecht, The Netherlands. 800 pages. https://doi.org/10.1007/978-94-007-0791-7_18
Najar, A., K.M. Makkouk, H. Boudhir, S.G. Kumari, R. Zarouk, R. Bessai and F. Ben Othman. 2000. Viral diseases of cultivated legume and cereal crops in Tunisia. Phytopathologia Mediterranea, 39: 423-432. http://www.fupress.net/index.php/pm/article/view/1581/1516
Consent Statement: “Personal information including names, business title, emails, phones, images and GPS points included in this report have been authorized in writing or verbally by data subject” Asma Najar & Safaa G. Kumari
FUNDING
This activity was supported by CGIAR Plant Health and Rapid Response to Protect Food Security and Livelihoods Initiative (Plant Health Initiative) through CGIAR Trust Fund.
Incidence and distribution of seed-borne viruses of chickpea and faba bean seeds in Tunisia - 2024 Page 3 of 3"""
